# Blender 4.4.1
# www.blender.org
mtllib csillarka.mtl
o Cube
v 0.197407 -0.200000 -0.197407
v -0.197407 -0.200000 -0.197407
v 0.197407 -0.200000 0.197407
v -0.197407 -0.200000 0.197407
v 0.150000 0.150000 -0.150000
v -0.150000 0.150000 -0.150000
v 0.150000 0.150000 0.150000
v -0.150000 0.150000 0.150000
v 0.187512 -0.203175 -0.187512
v -0.187512 -0.203175 -0.187512
v 0.187512 -0.203175 0.187512
v -0.187512 -0.203175 0.187512
v 0.139760 0.135711 -0.139760
v -0.139760 0.135711 -0.139760
v 0.139760 0.135711 0.139760
v -0.139760 0.135711 0.139760
v -0.154967 0.154968 -0.139424
v -0.160535 0.160535 -0.125655
v -0.166461 0.166461 -0.108361
v -0.171880 0.171880 -0.088995
v -0.176427 0.176427 -0.068079
v -0.179891 0.179891 -0.046020
v -0.182096 0.182096 -0.023201
v -0.182870 0.182870 -0.000000
v -0.182096 0.182096 0.023200
v -0.179891 0.179891 0.046020
v -0.176427 0.176427 0.068079
v -0.171880 0.171880 0.088995
v -0.166461 0.166461 0.108361
v -0.160535 0.160535 0.125655
v -0.154968 0.154968 0.139424
v -0.197847 -0.180140 -0.197847
v -0.198129 -0.158304 -0.198129
v -0.198158 -0.134863 -0.198158
v -0.197836 -0.110185 -0.197836
v -0.197066 -0.084639 -0.197066
v -0.195754 -0.058594 -0.195754
v -0.193801 -0.032418 -0.193801
v -0.191111 -0.006482 -0.191111
v -0.187617 0.018858 -0.187617
v -0.183367 0.043286 -0.183367
v -0.178439 0.066496 -0.178439
v -0.172910 0.088185 -0.172910
v -0.166896 0.108019 -0.166896
v -0.160664 0.125554 -0.160664
v -0.154984 0.139411 -0.154984
v 0.177792 -0.200000 -0.214758
v 0.156152 -0.200000 -0.229794
v 0.132778 -0.200000 -0.242518
v 0.107957 -0.200000 -0.252928
v 0.081980 -0.200000 -0.261025
v 0.055135 -0.200000 -0.266808
v 0.027712 -0.200000 -0.270278
v 0.000000 -0.200000 -0.271435
v -0.027712 -0.200000 -0.270278
v -0.055135 -0.200000 -0.266808
v -0.081980 -0.200000 -0.261025
v -0.107957 -0.200000 -0.252928
v -0.132778 -0.200000 -0.242518
v -0.156152 -0.200000 -0.229794
v -0.177792 -0.200000 -0.214758
v -0.139424 0.154968 0.154968
v -0.125655 0.160535 0.160535
v -0.108361 0.166461 0.166461
v -0.088995 0.171880 0.171880
v -0.068079 0.176427 0.176427
v -0.046020 0.179891 0.179891
v -0.023201 0.182096 0.182096
v 0.000000 0.182870 0.182870
v 0.023201 0.182096 0.182096
v 0.046020 0.179891 0.179891
v 0.068079 0.176427 0.176427
v 0.088995 0.171880 0.171880
v 0.108361 0.166461 0.166461
v 0.125655 0.160535 0.160535
v 0.139424 0.154968 0.154968
v 0.177792 -0.200000 0.214757
v 0.156152 -0.200000 0.229794
v 0.132778 -0.200000 0.242518
v 0.107957 -0.200000 0.252928
v 0.081980 -0.200000 0.261025
v 0.055135 -0.200000 0.266808
v 0.027712 -0.200000 0.270278
v 0.000000 -0.200000 0.271435
v -0.027712 -0.200000 0.270278
v -0.055135 -0.200000 0.266808
v -0.081980 -0.200000 0.261025
v -0.107957 -0.200000 0.252928
v -0.132778 -0.200000 0.242518
v -0.156152 -0.200000 0.229794
v -0.177792 -0.200000 0.214757
v 0.139424 0.154968 -0.154968
v 0.125655 0.160535 -0.160535
v 0.108361 0.166461 -0.166461
v 0.088995 0.171880 -0.171880
v 0.068079 0.176427 -0.176427
v 0.046020 0.179891 -0.179891
v 0.023201 0.182096 -0.182096
v 0.000000 0.182870 -0.182870
v -0.023201 0.182096 -0.182096
v -0.046020 0.179891 -0.179891
v -0.068079 0.176427 -0.176427
v -0.088995 0.171880 -0.171880
v -0.108361 0.166461 -0.166461
v -0.125655 0.160535 -0.160535
v -0.139424 0.154968 -0.154968
v 0.197847 -0.180139 0.197847
v 0.198129 -0.158304 0.198129
v 0.198158 -0.134863 0.198158
v 0.197836 -0.110185 0.197836
v 0.197066 -0.084639 0.197066
v 0.195754 -0.058594 0.195754
v 0.193801 -0.032418 0.193801
v 0.191111 -0.006481 0.191111
v 0.187617 0.018858 0.187617
v 0.183367 0.043286 0.183367
v 0.178439 0.066496 0.178439
v 0.172910 0.088185 0.172910
v 0.166896 0.108019 0.166896
v 0.160664 0.125554 0.160664
v 0.154984 0.139412 0.154984
v 0.214757 -0.200000 -0.177792
v 0.229794 -0.200000 -0.156152
v 0.242518 -0.200000 -0.132778
v 0.252928 -0.200000 -0.107957
v 0.261025 -0.200000 -0.081980
v 0.266808 -0.200000 -0.055135
v 0.270278 -0.200000 -0.027712
v 0.271435 -0.200000 0.000000
v 0.270278 -0.200000 0.027712
v 0.266808 -0.200000 0.055135
v 0.261025 -0.200000 0.081980
v 0.252928 -0.200000 0.107957
v 0.242518 -0.200000 0.132778
v 0.229794 -0.200000 0.156152
v 0.214757 -0.200000 0.177792
v -0.154984 0.139412 0.154984
v -0.160664 0.125554 0.160664
v -0.166896 0.108019 0.166896
v -0.172910 0.088185 0.172910
v -0.178439 0.066496 0.178439
v -0.183367 0.043286 0.183367
v -0.187617 0.018858 0.187617
v -0.191111 -0.006481 0.191111
v -0.193801 -0.032418 0.193801
v -0.195754 -0.058594 0.195754
v -0.197066 -0.084639 0.197066
v -0.197836 -0.110185 0.197836
v -0.198158 -0.134863 0.198158
v -0.198129 -0.158304 0.198129
v -0.197847 -0.180139 0.197847
v 0.154968 0.154968 0.139424
v 0.160535 0.160535 0.125655
v 0.166461 0.166461 0.108361
v 0.171880 0.171880 0.088995
v 0.176427 0.176427 0.068079
v 0.179891 0.179891 0.046020
v 0.182096 0.182096 0.023200
v 0.182870 0.182870 -0.000000
v 0.182096 0.182096 -0.023201
v 0.179891 0.179891 -0.046020
v 0.176427 0.176427 -0.068079
v 0.171880 0.171880 -0.088995
v 0.166461 0.166461 -0.108361
v 0.160535 0.160535 -0.125655
v 0.154968 0.154967 -0.139424
v 0.154984 0.139411 -0.154984
v 0.160664 0.125554 -0.160664
v 0.166896 0.108019 -0.166896
v 0.172910 0.088185 -0.172910
v 0.178439 0.066496 -0.178439
v 0.183367 0.043286 -0.183367
v 0.187617 0.018858 -0.187617
v 0.191111 -0.006482 -0.191111
v 0.193801 -0.032418 -0.193801
v 0.195754 -0.058594 -0.195754
v 0.197066 -0.084639 -0.197066
v 0.197836 -0.110185 -0.197836
v 0.198158 -0.134863 -0.198158
v 0.198129 -0.158304 -0.198129
v 0.197847 -0.180140 -0.197847
v -0.214757 -0.200000 0.177792
v -0.229794 -0.200000 0.156152
v -0.242518 -0.200000 0.132778
v -0.252928 -0.200000 0.107957
v -0.261025 -0.200000 0.081980
v -0.266808 -0.200000 0.055135
v -0.270278 -0.200000 0.027712
v -0.271435 -0.200000 0.000000
v -0.270278 -0.200000 -0.027712
v -0.266808 -0.200000 -0.055135
v -0.261025 -0.200000 -0.081980
v -0.252928 -0.200000 -0.107957
v -0.242518 -0.200000 -0.132778
v -0.229794 -0.200000 -0.156152
v -0.214757 -0.200000 -0.177792
v -0.144408 0.140520 -0.129914
v -0.149619 0.145911 -0.117090
v -0.155166 0.151649 -0.100981
v -0.160239 0.156896 -0.082938
v -0.164497 0.161299 -0.063448
v -0.167741 0.164652 -0.042891
v -0.169808 0.166788 -0.021623
v -0.170533 0.167537 -0.000000
v -0.169808 0.166788 0.021623
v -0.167741 0.164652 0.042891
v -0.164497 0.161299 0.063448
v -0.160239 0.156896 0.082938
v -0.155166 0.151649 0.100981
v -0.149619 0.145911 0.117090
v -0.144408 0.140520 0.129913
v -0.187135 -0.183946 -0.187135
v -0.186729 -0.162804 -0.186729
v -0.186197 -0.140107 -0.186197
v -0.185438 -0.116213 -0.185438
v -0.184352 -0.091478 -0.184352
v -0.182840 -0.066260 -0.182840
v -0.180802 -0.040915 -0.180802
v -0.178139 -0.015802 -0.178139
v -0.174779 0.008733 -0.174779
v -0.170758 0.032385 -0.170758
v -0.166141 0.054858 -0.166141
v -0.160991 0.075858 -0.160991
v -0.155408 0.095062 -0.155408
v -0.149634 0.112040 -0.149634
v -0.144375 0.125458 -0.144375
v 0.168880 -0.203176 -0.203993
v 0.148325 -0.203175 -0.218276
v 0.126122 -0.203176 -0.230362
v 0.102546 -0.203175 -0.240250
v 0.077871 -0.203175 -0.247941
v 0.052372 -0.203175 -0.253434
v 0.026323 -0.203175 -0.256730
v 0.000000 -0.203175 -0.257829
v -0.026323 -0.203175 -0.256730
v -0.052372 -0.203175 -0.253434
v -0.077871 -0.203175 -0.247941
v -0.102546 -0.203175 -0.240250
v -0.126122 -0.203176 -0.230362
v -0.148325 -0.203175 -0.218276
v -0.168880 -0.203175 -0.203993
v -0.129914 0.140520 0.144408
v -0.117090 0.145911 0.149619
v -0.100981 0.151649 0.155166
v -0.082938 0.156896 0.160239
v -0.063448 0.161299 0.164497
v -0.042891 0.164652 0.167741
v -0.021623 0.166788 0.169808
v 0.000000 0.167537 0.170533
v 0.021623 0.166788 0.169808
v 0.042891 0.164652 0.167741
v 0.063448 0.161299 0.164497
v 0.082938 0.156896 0.160239
v 0.100981 0.151649 0.155166
v 0.117090 0.145911 0.149619
v 0.129914 0.140520 0.144408
v 0.168880 -0.203175 0.203993
v 0.148325 -0.203175 0.218276
v 0.126122 -0.203176 0.230362
v 0.102546 -0.203175 0.240250
v 0.077871 -0.203175 0.247941
v 0.052372 -0.203175 0.253434
v 0.026323 -0.203175 0.256730
v 0.000000 -0.203175 0.257829
v -0.026323 -0.203175 0.256730
v -0.052372 -0.203175 0.253434
v -0.077871 -0.203175 0.247941
v -0.102546 -0.203175 0.240250
v -0.126122 -0.203175 0.230362
v -0.148325 -0.203175 0.218276
v -0.168880 -0.203175 0.203993
v 0.129914 0.140520 -0.144408
v 0.117090 0.145911 -0.149619
v 0.100981 0.151649 -0.155166
v 0.082938 0.156896 -0.160239
v 0.063448 0.161299 -0.164497
v 0.042891 0.164652 -0.167741
v 0.021623 0.166788 -0.169808
v 0.000000 0.167537 -0.170533
v -0.021623 0.166788 -0.169808
v -0.042891 0.164652 -0.167741
v -0.063448 0.161299 -0.164497
v -0.082938 0.156895 -0.160239
v -0.100981 0.151649 -0.155166
v -0.117090 0.145911 -0.149619
v -0.129914 0.140520 -0.144408
v 0.187135 -0.183946 0.187135
v 0.186729 -0.162804 0.186729
v 0.186197 -0.140107 0.186197
v 0.185438 -0.116212 0.185438
v 0.184352 -0.091478 0.184352
v 0.182840 -0.066259 0.182840
v 0.180802 -0.040915 0.180802
v 0.178139 -0.015802 0.178139
v 0.174779 0.008733 0.174779
v 0.170758 0.032385 0.170758
v 0.166141 0.054858 0.166141
v 0.160991 0.075858 0.160991
v 0.155408 0.095063 0.155408
v 0.149634 0.112040 0.149634
v 0.144375 0.125458 0.144375
v 0.203993 -0.203176 -0.168880
v 0.218276 -0.203175 -0.148325
v 0.230362 -0.203176 -0.126122
v 0.240250 -0.203175 -0.102546
v 0.247941 -0.203175 -0.077871
v 0.253434 -0.203175 -0.052372
v 0.256730 -0.203175 -0.026323
v 0.257829 -0.203175 0.000000
v 0.256730 -0.203175 0.026323
v 0.253434 -0.203175 0.052372
v 0.247941 -0.203175 0.077871
v 0.240250 -0.203175 0.102546
v 0.230362 -0.203176 0.126122
v 0.218276 -0.203175 0.148325
v 0.203993 -0.203175 0.168880
v -0.144375 0.125458 0.144375
v -0.149634 0.112040 0.149634
v -0.155408 0.095063 0.155408
v -0.160991 0.075858 0.160991
v -0.166141 0.054858 0.166141
v -0.170758 0.032385 0.170758
v -0.174779 0.008733 0.174779
v -0.178139 -0.015802 0.178139
v -0.180802 -0.040915 0.180802
v -0.182840 -0.066259 0.182840
v -0.184352 -0.091478 0.184352
v -0.185438 -0.116212 0.185438
v -0.186197 -0.140107 0.186197
v -0.186729 -0.162804 0.186729
v -0.187135 -0.183946 0.187135
v 0.144408 0.140520 0.129913
v 0.149619 0.145911 0.117090
v 0.155166 0.151649 0.100981
v 0.160239 0.156896 0.082938
v 0.164497 0.161299 0.063448
v 0.167741 0.164652 0.042891
v 0.169808 0.166788 0.021623
v 0.170533 0.167537 -0.000000
v 0.169808 0.166788 -0.021623
v 0.167741 0.164652 -0.042891
v 0.164497 0.161299 -0.063448
v 0.160239 0.156896 -0.082938
v 0.155166 0.151649 -0.100981
v 0.149619 0.145911 -0.117090
v 0.144408 0.140520 -0.129914
v 0.144375 0.125458 -0.144375
v 0.149634 0.112040 -0.149634
v 0.155408 0.095062 -0.155408
v 0.160991 0.075858 -0.160991
v 0.166141 0.054858 -0.166141
v 0.170758 0.032385 -0.170758
v 0.174779 0.008733 -0.174779
v 0.178139 -0.015802 -0.178139
v 0.180802 -0.040915 -0.180802
v 0.182840 -0.066260 -0.182840
v 0.184352 -0.091478 -0.184352
v 0.185438 -0.116213 -0.185438
v 0.186197 -0.140107 -0.186197
v 0.186729 -0.162804 -0.186729
v 0.187135 -0.183946 -0.187135
v -0.203993 -0.203175 0.168880
v -0.218276 -0.203175 0.148325
v -0.230362 -0.203175 0.126122
v -0.240250 -0.203175 0.102546
v -0.247941 -0.203175 0.077871
v -0.253434 -0.203175 0.052372
v -0.256730 -0.203175 0.026323
v -0.257829 -0.203175 0.000000
v -0.256730 -0.203175 -0.026323
v -0.253434 -0.203175 -0.052372
v -0.247941 -0.203175 -0.077871
v -0.240250 -0.203175 -0.102546
v -0.230362 -0.203175 -0.126122
v -0.218276 -0.203175 -0.148325
v -0.203993 -0.203175 -0.168880
v 0.196892 -0.217579 -0.196892
v 0.196325 -0.232819 -0.196324
v 0.195713 -0.245724 -0.195713
v 0.195065 -0.256300 -0.195065
v 0.194390 -0.264550 -0.194390
v 0.193695 -0.270480 -0.193695
v 0.192990 -0.274094 -0.192990
v 0.192281 -0.275397 -0.192281
v 0.191579 -0.274393 -0.191578
v 0.190890 -0.271088 -0.190890
v 0.190223 -0.265485 -0.190223
v 0.189587 -0.257590 -0.189587
v 0.188989 -0.247406 -0.188989
v 0.188439 -0.234940 -0.188439
v 0.187944 -0.220195 -0.187944
v -0.196892 -0.217579 -0.196892
v -0.196325 -0.232819 -0.196324
v -0.195713 -0.245724 -0.195713
v -0.195065 -0.256300 -0.195065
v -0.194390 -0.264550 -0.194390
v -0.193695 -0.270480 -0.193695
v -0.192990 -0.274094 -0.192990
v -0.192281 -0.275397 -0.192281
v -0.191579 -0.274393 -0.191578
v -0.190890 -0.271088 -0.190890
v -0.190223 -0.265485 -0.190223
v -0.189587 -0.257590 -0.189587
v -0.188989 -0.247406 -0.188989
v -0.188439 -0.234940 -0.188439
v -0.187944 -0.220195 -0.187944
v 0.196892 -0.217579 0.196892
v 0.196325 -0.232819 0.196325
v 0.195713 -0.245724 0.195713
v 0.195065 -0.256300 0.195065
v 0.194390 -0.264550 0.194390
v 0.193695 -0.270480 0.193695
v 0.192990 -0.274094 0.192990
v 0.192281 -0.275397 0.192281
v 0.191579 -0.274393 0.191579
v 0.190890 -0.271088 0.190890
v 0.190223 -0.265485 0.190223
v 0.189587 -0.257590 0.189587
v 0.188989 -0.247406 0.188989
v 0.188439 -0.234940 0.188439
v 0.187944 -0.220195 0.187944
v -0.196892 -0.217579 0.196892
v -0.196325 -0.232819 0.196325
v -0.195713 -0.245724 0.195713
v -0.195065 -0.256300 0.195065
v -0.194390 -0.264550 0.194390
v -0.193695 -0.270480 0.193695
v -0.192990 -0.274094 0.192990
v -0.192281 -0.275397 0.192281
v -0.191579 -0.274393 0.191579
v -0.190890 -0.271088 0.190890
v -0.190223 -0.265485 0.190223
v -0.189587 -0.257590 0.189587
v -0.188989 -0.247406 0.188989
v -0.188439 -0.234940 0.188439
v -0.187944 -0.220195 0.187944
v 0.215236 -0.180139 -0.178188
v 0.215543 -0.158302 -0.178442
v 0.215575 -0.134856 -0.178467
v 0.215227 -0.110168 -0.178175
v 0.214393 -0.084605 -0.177481
v 0.212969 -0.058535 -0.176295
v 0.210851 -0.032325 -0.174532
v 0.207933 -0.006342 -0.172103
v 0.204135 0.019058 -0.168956
v 0.199470 0.043567 -0.165164
v 0.193976 0.066891 -0.160839
v 0.187690 0.088732 -0.156088
v 0.180654 0.108782 -0.151077
v 0.172925 0.126683 -0.146206
v 0.164387 0.142132 -0.142156
v 0.230306 -0.180139 -0.156500
v 0.230636 -0.158297 -0.156723
v 0.230671 -0.134837 -0.156744
v 0.230300 -0.110122 -0.156487
v 0.229412 -0.084515 -0.155876
v 0.227893 -0.058380 -0.154832
v 0.225634 -0.032079 -0.153281
v 0.222521 -0.005975 -0.151143
v 0.218462 0.019583 -0.148379
v 0.213431 0.044307 -0.145082
v 0.207423 0.067920 -0.141382
v 0.200432 0.090148 -0.137409
v 0.192428 0.110727 -0.133351
v 0.183287 0.129434 -0.129630
v 0.172805 0.146078 -0.126795
v 0.243058 -0.180138 -0.133073
v 0.243406 -0.158288 -0.133263
v 0.243445 -0.134809 -0.133281
v 0.243055 -0.110057 -0.133062
v 0.242121 -0.084389 -0.132540
v 0.240524 -0.058161 -0.131651
v 0.238147 -0.031731 -0.130330
v 0.234872 -0.005456 -0.128510
v 0.230594 0.020325 -0.126160
v 0.225252 0.045345 -0.123384
v 0.218798 0.069352 -0.120321
v 0.211186 0.092096 -0.117107
v 0.202339 0.113343 -0.113924
v 0.192082 0.132920 -0.111129
v 0.180202 0.150674 -0.109127
v 0.253492 -0.180137 -0.108197
v 0.253855 -0.158279 -0.108351
v 0.253896 -0.134778 -0.108366
v 0.253492 -0.109983 -0.108187
v 0.252521 -0.084244 -0.107763
v 0.250862 -0.057910 -0.107039
v 0.248390 -0.031333 -0.105963
v 0.244984 -0.004861 -0.104481
v 0.240529 0.021175 -0.102572
v 0.234935 0.046524 -0.100336
v 0.228120 0.070956 -0.097906
v 0.220001 0.094240 -0.095414
v 0.210482 0.116154 -0.093017
v 0.199403 0.136515 -0.090966
v 0.186593 0.155148 -0.089534
v 0.261607 -0.180135 -0.082162
v 0.261982 -0.158270 -0.082279
v 0.262025 -0.134747 -0.082290
v 0.261611 -0.109908 -0.082154
v 0.260612 -0.084098 -0.081832
v 0.258903 -0.057659 -0.081281
v 0.256359 -0.030934 -0.080464
v 0.252854 -0.004266 -0.079337
v 0.248264 0.022022 -0.077888
v 0.242481 0.047688 -0.076202
v 0.235400 0.072510 -0.074393
v 0.226915 0.096265 -0.072574
v 0.216915 0.118735 -0.070866
v 0.205263 0.139717 -0.069433
v 0.191815 0.159014 -0.068446
v 0.267403 -0.180134 -0.055258
v 0.267787 -0.158262 -0.055336
v 0.267832 -0.134719 -0.055344
v 0.267410 -0.109844 -0.055252
v 0.266391 -0.083972 -0.055035
v 0.264649 -0.057440 -0.054665
v 0.262054 -0.030587 -0.054114
v 0.258478 -0.003747 -0.053357
v 0.253794 0.022760 -0.052382
v 0.247882 0.048694 -0.051254
v 0.240624 0.073832 -0.050055
v 0.231902 0.097952 -0.048865
v 0.221596 0.120834 -0.047769
v 0.209579 0.142262 -0.046864
v 0.195720 0.162019 -0.046248
v 0.270881 -0.180133 -0.027774
v 0.271270 -0.158256 -0.027813
v 0.271316 -0.134700 -0.027817
v 0.270889 -0.109798 -0.027771
v 0.269860 -0.083882 -0.027662
v 0.268097 -0.057285 -0.027475
v 0.265472 -0.030341 -0.027199
v 0.261854 -0.003380 -0.026818
v 0.257115 0.023281 -0.026328
v 0.251129 0.049400 -0.025763
v 0.243773 0.074751 -0.025165
v 0.234924 0.099108 -0.024577
v 0.224456 0.122246 -0.024042
v 0.212246 0.143940 -0.023604
v 0.198168 0.163965 -0.023309
v 0.272040 -0.180133 0.000000
v 0.272431 -0.158254 0.000000
v 0.272477 -0.134693 0.000000
v 0.272049 -0.109780 0.000000
v 0.271016 -0.083848 0.000000
v 0.269247 -0.057227 0.000000
v 0.266612 -0.030247 0.000000
v 0.262980 -0.003241 0.000000
v 0.258223 0.023479 -0.000000
v 0.252214 0.049667 -0.000000
v 0.244828 0.075096 -0.000000
v 0.235940 0.099537 -0.000000
v 0.225425 0.122763 -0.000000
v 0.213159 0.144546 -0.000000
v 0.199015 0.164657 -0.000000
v 0.270881 -0.180133 0.027774
v 0.271270 -0.158256 0.027813
v 0.271316 -0.134700 0.027817
v 0.270889 -0.109798 0.027771
v 0.269860 -0.083882 0.027662
v 0.268097 -0.057285 0.027476
v 0.265472 -0.030341 0.027199
v 0.261854 -0.003380 0.026818
v 0.257115 0.023282 0.026328
v 0.251129 0.049400 0.025763
v 0.243773 0.074751 0.025165
v 0.234924 0.099108 0.024577
v 0.224456 0.122246 0.024042
v 0.212246 0.143940 0.023604
v 0.198168 0.163965 0.023309
v 0.267403 -0.180134 0.055258
v 0.267787 -0.158262 0.055337
v 0.267832 -0.134719 0.055344
v 0.267410 -0.109843 0.055252
v 0.266391 -0.083971 0.055035
v 0.264649 -0.057440 0.054665
v 0.262054 -0.030586 0.054114
v 0.258478 -0.003747 0.053357
v 0.253794 0.022760 0.052382
v 0.247882 0.048694 0.051254
v 0.240624 0.073832 0.050055
v 0.231902 0.097952 0.048865
v 0.221596 0.120834 0.047769
v 0.209579 0.142262 0.046864
v 0.195720 0.162019 0.046248
v 0.261607 -0.180135 0.082163
v 0.261982 -0.158270 0.082279
v 0.262025 -0.134747 0.082290
v 0.261611 -0.109908 0.082154
v 0.260612 -0.084098 0.081832
v 0.258903 -0.057659 0.081281
v 0.256359 -0.030934 0.080464
v 0.252853 -0.004266 0.079337
v 0.248264 0.022022 0.077888
v 0.242481 0.047688 0.076202
v 0.235400 0.072510 0.074393
v 0.226915 0.096265 0.072574
v 0.216915 0.118735 0.070866
v 0.205263 0.139717 0.069432
v 0.191815 0.159014 0.068446
v 0.253492 -0.180136 0.108197
v 0.253855 -0.158279 0.108351
v 0.253896 -0.134778 0.108366
v 0.253492 -0.109983 0.108187
v 0.252521 -0.084243 0.107763
v 0.250862 -0.057910 0.107039
v 0.248390 -0.031333 0.105963
v 0.244984 -0.004861 0.104481
v 0.240529 0.021175 0.102572
v 0.234935 0.046524 0.100336
v 0.228120 0.070956 0.097906
v 0.220001 0.094240 0.095414
v 0.210482 0.116154 0.093017
v 0.199403 0.136515 0.090966
v 0.186593 0.155148 0.089533
v 0.243058 -0.180138 0.133073
v 0.243406 -0.158288 0.133263
v 0.243445 -0.134809 0.133281
v 0.243055 -0.110057 0.133062
v 0.242121 -0.084389 0.132540
v 0.240524 -0.058161 0.131651
v 0.238147 -0.031731 0.130330
v 0.234872 -0.005456 0.128510
v 0.230594 0.020325 0.126160
v 0.225252 0.045345 0.123384
v 0.218798 0.069352 0.120321
v 0.211186 0.092096 0.117107
v 0.202339 0.113343 0.113924
v 0.192082 0.132920 0.111129
v 0.180202 0.150674 0.109127
v 0.230306 -0.180139 0.156500
v 0.230636 -0.158296 0.156723
v 0.230671 -0.134836 0.156744
v 0.230300 -0.110122 0.156488
v 0.229412 -0.084515 0.155876
v 0.227893 -0.058380 0.154832
v 0.225634 -0.032079 0.153281
v 0.222521 -0.005975 0.151143
v 0.218462 0.019583 0.148379
v 0.213431 0.044307 0.145082
v 0.207423 0.067920 0.141382
v 0.200432 0.090148 0.137409
v 0.192428 0.110727 0.133351
v 0.183287 0.129434 0.129630
v 0.172805 0.146078 0.126795
v 0.215236 -0.180139 0.178188
v 0.215543 -0.158302 0.178442
v 0.215575 -0.134856 0.178467
v 0.215227 -0.110168 0.178175
v 0.214393 -0.084605 0.177481
v 0.212969 -0.058535 0.176295
v 0.210851 -0.032325 0.174532
v 0.207933 -0.006342 0.172103
v 0.204135 0.019058 0.168956
v 0.199470 0.043568 0.165164
v 0.193976 0.066891 0.160839
v 0.187690 0.088732 0.156088
v 0.180654 0.108782 0.151077
v 0.172925 0.126683 0.146206
v 0.164387 0.142132 0.142156
v -0.178188 -0.180139 0.215236
v -0.156500 -0.180139 0.230306
v -0.133073 -0.180138 0.243058
v -0.108197 -0.180136 0.253492
v -0.082162 -0.180135 0.261607
v -0.055258 -0.180134 0.267403
v -0.027774 -0.180133 0.270881
v 0.000000 -0.180133 0.272040
v 0.027774 -0.180133 0.270881
v 0.055258 -0.180134 0.267403
v 0.082162 -0.180135 0.261607
v 0.108197 -0.180136 0.253492
v 0.133073 -0.180138 0.243058
v 0.156500 -0.180139 0.230306
v 0.178188 -0.180139 0.215236
v -0.178442 -0.158302 0.215543
v -0.156723 -0.158296 0.230636
v -0.133263 -0.158288 0.243406
v -0.108351 -0.158279 0.253855
v -0.082279 -0.158270 0.261982
v -0.055337 -0.158262 0.267787
v -0.027813 -0.158256 0.271270
v 0.000000 -0.158254 0.272431
v 0.027813 -0.158256 0.271270
v 0.055337 -0.158262 0.267787
v 0.082279 -0.158270 0.261982
v 0.108351 -0.158279 0.253855
v 0.133263 -0.158288 0.243406
v 0.156723 -0.158296 0.230636
v 0.178442 -0.158302 0.215543
v -0.178467 -0.134856 0.215575
v -0.156744 -0.134836 0.230671
v -0.133281 -0.134809 0.243445
v -0.108366 -0.134778 0.253896
v -0.082290 -0.134746 0.262025
v -0.055344 -0.134719 0.267832
v -0.027817 -0.134700 0.271316
v 0.000000 -0.134692 0.272477
v 0.027817 -0.134700 0.271316
v 0.055344 -0.134719 0.267832
v 0.082290 -0.134746 0.262025
v 0.108366 -0.134778 0.253896
v 0.133281 -0.134809 0.243445
v 0.156744 -0.134836 0.230671
v 0.178467 -0.134856 0.215575
v -0.178175 -0.110168 0.215227
v -0.156487 -0.110122 0.230300
v -0.133062 -0.110057 0.243055
v -0.108187 -0.109983 0.253492
v -0.082154 -0.109908 0.261611
v -0.055252 -0.109843 0.267410
v -0.027771 -0.109798 0.270889
v 0.000000 -0.109780 0.272049
v 0.027771 -0.109798 0.270889
v 0.055252 -0.109843 0.267410
v 0.082154 -0.109908 0.261611
v 0.108187 -0.109983 0.253492
v 0.133062 -0.110057 0.243055
v 0.156487 -0.110122 0.230300
v 0.178175 -0.110168 0.215227
v -0.177481 -0.084605 0.214393
v -0.155876 -0.084515 0.229412
v -0.132540 -0.084389 0.242121
v -0.107763 -0.084243 0.252521
v -0.081832 -0.084098 0.260612
v -0.055035 -0.083971 0.266391
v -0.027662 -0.083882 0.269860
v 0.000000 -0.083848 0.271016
v 0.027662 -0.083882 0.269860
v 0.055035 -0.083971 0.266391
v 0.081832 -0.084098 0.260612
v 0.107763 -0.084243 0.252521
v 0.132540 -0.084389 0.242121
v 0.155876 -0.084515 0.229412
v 0.177481 -0.084605 0.214393
v -0.176295 -0.058535 0.212969
v -0.154832 -0.058380 0.227893
v -0.131651 -0.058161 0.240524
v -0.107039 -0.057910 0.250862
v -0.081281 -0.057659 0.258903
v -0.054665 -0.057440 0.264649
v -0.027476 -0.057285 0.268097
v 0.000000 -0.057226 0.269247
v 0.027476 -0.057285 0.268097
v 0.054665 -0.057440 0.264649
v 0.081281 -0.057659 0.258903
v 0.107039 -0.057910 0.250862
v 0.131651 -0.058161 0.240524
v 0.154832 -0.058380 0.227893
v 0.176295 -0.058535 0.212969
v -0.174532 -0.032325 0.210851
v -0.153281 -0.032079 0.225634
v -0.130330 -0.031731 0.238147
v -0.105963 -0.031333 0.248390
v -0.080464 -0.030934 0.256359
v -0.054114 -0.030586 0.262054
v -0.027199 -0.030340 0.265472
v 0.000000 -0.030247 0.266612
v 0.027199 -0.030340 0.265472
v 0.054114 -0.030586 0.262054
v 0.080464 -0.030934 0.256359
v 0.105963 -0.031333 0.248390
v 0.130330 -0.031731 0.238147
v 0.153281 -0.032079 0.225634
v 0.174532 -0.032325 0.210851
v -0.172103 -0.006342 0.207933
v -0.151143 -0.005975 0.222521
v -0.128510 -0.005456 0.234872
v -0.104481 -0.004861 0.244984
v -0.079337 -0.004266 0.252854
v -0.053357 -0.003747 0.258478
v -0.026818 -0.003380 0.261854
v 0.000000 -0.003241 0.262980
v 0.026818 -0.003380 0.261854
v 0.053357 -0.003747 0.258478
v 0.079337 -0.004266 0.252854
v 0.104481 -0.004861 0.244984
v 0.128510 -0.005456 0.234872
v 0.151143 -0.005975 0.222521
v 0.172103 -0.006342 0.207933
v -0.168956 0.019058 0.204135
v -0.148379 0.019583 0.218462
v -0.126160 0.020325 0.230594
v -0.102572 0.021175 0.240529
v -0.077888 0.022022 0.248264
v -0.052382 0.022760 0.253794
v -0.026328 0.023282 0.257115
v 0.000000 0.023479 0.258223
v 0.026328 0.023282 0.257115
v 0.052382 0.022760 0.253794
v 0.077888 0.022022 0.248264
v 0.102572 0.021175 0.240529
v 0.126160 0.020325 0.230594
v 0.148379 0.019583 0.218462
v 0.168956 0.019058 0.204135
v -0.165164 0.043568 0.199470
v -0.145082 0.044307 0.213431
v -0.123384 0.045345 0.225252
v -0.100336 0.046524 0.234935
v -0.076202 0.047688 0.242481
v -0.051254 0.048694 0.247882
v -0.025763 0.049400 0.251129
v 0.000000 0.049667 0.252214
v 0.025763 0.049400 0.251129
v 0.051254 0.048694 0.247882
v 0.076202 0.047688 0.242481
v 0.100336 0.046524 0.234935
v 0.123384 0.045345 0.225252
v 0.145082 0.044307 0.213431
v 0.165164 0.043568 0.199470
v -0.160839 0.066891 0.193976
v -0.141382 0.067920 0.207423
v -0.120321 0.069352 0.218798
v -0.097906 0.070956 0.228120
v -0.074393 0.072510 0.235400
v -0.050055 0.073832 0.240624
v -0.025165 0.074751 0.243773
v 0.000000 0.075096 0.244828
v 0.025165 0.074751 0.243773
v 0.050055 0.073832 0.240624
v 0.074393 0.072510 0.235400
v 0.097906 0.070956 0.228120
v 0.120321 0.069352 0.218798
v 0.141382 0.067920 0.207423
v 0.160839 0.066891 0.193976
v -0.156088 0.088732 0.187690
v -0.137409 0.090148 0.200432
v -0.117107 0.092096 0.211186
v -0.095414 0.094240 0.220001
v -0.072574 0.096265 0.226915
v -0.048865 0.097952 0.231903
v -0.024577 0.099108 0.234924
v 0.000000 0.099537 0.235940
v 0.024577 0.099108 0.234924
v 0.048865 0.097952 0.231902
v 0.072574 0.096265 0.226915
v 0.095414 0.094240 0.220001
v 0.117107 0.092096 0.211186
v 0.137409 0.090148 0.200432
v 0.156088 0.088732 0.187690
v -0.151077 0.108782 0.180654
v -0.133351 0.110727 0.192428
v -0.113924 0.113343 0.202339
v -0.093017 0.116154 0.210481
v -0.070866 0.118735 0.216915
v -0.047769 0.120834 0.221596
v -0.024042 0.122246 0.224456
v 0.000000 0.122763 0.225425
v 0.024042 0.122246 0.224456
v 0.047769 0.120834 0.221596
v 0.070866 0.118735 0.216915
v 0.093017 0.116154 0.210481
v 0.113924 0.113343 0.202339
v 0.133351 0.110727 0.192428
v 0.151077 0.108782 0.180654
v -0.146206 0.126683 0.172925
v -0.129630 0.129434 0.183287
v -0.111129 0.132920 0.192082
v -0.090966 0.136515 0.199403
v -0.069432 0.139717 0.205263
v -0.046864 0.142262 0.209579
v -0.023604 0.143940 0.212246
v 0.000000 0.144546 0.213159
v 0.023604 0.143940 0.212246
v 0.046864 0.142262 0.209579
v 0.069433 0.139717 0.205263
v 0.090966 0.136515 0.199403
v 0.111129 0.132920 0.192082
v 0.129630 0.129434 0.183287
v 0.146206 0.126683 0.172925
v -0.142156 0.142132 0.164387
v -0.126795 0.146078 0.172804
v -0.109127 0.150674 0.180202
v -0.089534 0.155148 0.186593
v -0.068446 0.159014 0.191815
v -0.046248 0.162019 0.195720
v -0.023309 0.163965 0.198168
v 0.000000 0.164657 0.199015
v 0.023309 0.163965 0.198168
v 0.046248 0.162019 0.195720
v 0.068446 0.159014 0.191815
v 0.089534 0.155148 0.186593
v 0.109127 0.150674 0.180202
v 0.126795 0.146078 0.172804
v 0.142156 0.142132 0.164387
v -0.142143 0.164371 0.142143
v -0.126782 0.172786 0.146089
v -0.109117 0.180183 0.150685
v -0.089525 0.186573 0.155158
v -0.068439 0.191794 0.159022
v -0.046243 0.195699 0.162026
v -0.023307 0.198146 0.163972
v 0.000000 0.198994 0.164664
v 0.023307 0.198146 0.163972
v 0.046243 0.195699 0.162026
v 0.068439 0.191794 0.159022
v 0.089525 0.186573 0.155158
v 0.109117 0.180183 0.150685
v 0.126782 0.172786 0.146089
v 0.142143 0.164371 0.142143
v -0.146090 0.172786 0.126782
v -0.129528 0.183138 0.129528
v -0.111042 0.191925 0.133005
v -0.090895 0.199240 0.136591
v -0.069379 0.205095 0.139784
v -0.046827 0.209408 0.142320
v -0.023586 0.212073 0.143993
v 0.000000 0.212985 0.144596
v 0.023586 0.212073 0.143993
v 0.046827 0.209408 0.142320
v 0.069379 0.205095 0.139784
v 0.090895 0.199240 0.136591
v 0.111042 0.191925 0.133005
v 0.129528 0.183138 0.129528
v 0.146090 0.172786 0.126782
v -0.150685 0.180183 0.109117
v -0.133005 0.191925 0.111042
v -0.113630 0.201810 0.113630
v -0.092778 0.209931 0.116410
v -0.070684 0.216349 0.118960
v -0.047647 0.221019 0.121032
v -0.023981 0.223872 0.122425
v 0.000000 0.224838 0.122934
v 0.023981 0.223872 0.122425
v 0.047647 0.221019 0.121032
v 0.070684 0.216349 0.118960
v 0.092778 0.209931 0.116410
v 0.113630 0.201810 0.113630
v 0.133005 0.191925 0.111042
v 0.150685 0.180183 0.109117
v -0.155158 0.186573 0.089524
v -0.136591 0.199240 0.090895
v -0.116410 0.209931 0.092778
v -0.094847 0.218697 0.094847
v -0.072143 0.225572 0.096798
v -0.048575 0.230533 0.098421
v -0.024431 0.233538 0.099531
v 0.000000 0.234549 0.099942
v 0.024431 0.233538 0.099531
v 0.048575 0.230533 0.098421
v 0.072143 0.225572 0.096798
v 0.094847 0.218697 0.094847
v 0.116410 0.209931 0.092778
v 0.136591 0.199240 0.090895
v 0.155158 0.186573 0.089524
v -0.159023 0.191794 0.068439
v -0.139784 0.205095 0.069379
v -0.118960 0.216349 0.070684
v -0.096798 0.225572 0.072142
v -0.073551 0.232777 0.073551
v -0.049488 0.237949 0.074747
v -0.024880 0.241067 0.075577
v 0.000000 0.242111 0.075887
v 0.024880 0.241067 0.075577
v 0.049488 0.237949 0.074747
v 0.073551 0.232777 0.073551
v 0.096798 0.225572 0.072142
v 0.118960 0.216349 0.070684
v 0.139784 0.205095 0.069379
v 0.159023 0.191794 0.068439
v -0.162026 0.195699 0.046243
v -0.142320 0.209408 0.046827
v -0.121032 0.221019 0.047647
v -0.098421 0.230533 0.048574
v -0.074747 0.237949 0.049488
v -0.050275 0.243259 0.050275
v -0.025270 0.246452 0.050826
v 0.000000 0.247519 0.051034
v 0.025270 0.246452 0.050826
v 0.050275 0.243259 0.050275
v 0.074747 0.237949 0.049488
v 0.098421 0.230533 0.048574
v 0.121032 0.221019 0.047647
v 0.142320 0.209408 0.046827
v 0.162026 0.195699 0.046243
v -0.163972 0.198146 0.023307
v -0.143993 0.212073 0.023586
v -0.122425 0.223872 0.023980
v -0.099531 0.233538 0.024431
v -0.075577 0.241067 0.024880
v -0.050826 0.246452 0.025270
v -0.025546 0.249688 0.025546
v 0.000000 0.250768 0.025650
v 0.025546 0.249688 0.025546
v 0.050826 0.246452 0.025270
v 0.075577 0.241067 0.024880
v 0.099531 0.233538 0.024431
v 0.122425 0.223872 0.023980
v 0.143993 0.212073 0.023586
v 0.163972 0.198146 0.023307
v -0.164664 0.198994 -0.000000
v -0.144596 0.212985 -0.000000
v -0.122934 0.224838 -0.000000
v -0.099942 0.234549 -0.000000
v -0.075887 0.242111 -0.000000
v -0.051034 0.247519 -0.000000
v -0.025650 0.250768 -0.000000
v 0.000000 0.251852 -0.000000
v 0.025650 0.250768 -0.000000
v 0.051034 0.247519 -0.000000
v 0.075887 0.242111 -0.000000
v 0.099942 0.234549 -0.000000
v 0.122934 0.224838 -0.000000
v 0.144596 0.212985 -0.000000
v 0.164664 0.198994 -0.000000
v -0.163972 0.198146 -0.023307
v -0.143993 0.212073 -0.023586
v -0.122425 0.223872 -0.023981
v -0.099531 0.233538 -0.024431
v -0.075577 0.241067 -0.024880
v -0.050826 0.246452 -0.025270
v -0.025546 0.249688 -0.025546
v 0.000000 0.250768 -0.025650
v 0.025546 0.249688 -0.025546
v 0.050826 0.246452 -0.025270
v 0.075577 0.241067 -0.024880
v 0.099531 0.233538 -0.024431
v 0.122425 0.223872 -0.023981
v 0.143993 0.212073 -0.023586
v 0.163972 0.198146 -0.023307
v -0.162026 0.195699 -0.046243
v -0.142320 0.209408 -0.046827
v -0.121032 0.221019 -0.047647
v -0.098421 0.230533 -0.048575
v -0.074747 0.237949 -0.049488
v -0.050275 0.243259 -0.050275
v -0.025270 0.246452 -0.050826
v 0.000000 0.247519 -0.051035
v 0.025270 0.246452 -0.050826
v 0.050275 0.243259 -0.050275
v 0.074747 0.237949 -0.049488
v 0.098421 0.230533 -0.048575
v 0.121032 0.221019 -0.047647
v 0.142320 0.209408 -0.046827
v 0.162026 0.195699 -0.046243
v -0.159023 0.191794 -0.068439
v -0.139784 0.205095 -0.069379
v -0.118960 0.216349 -0.070684
v -0.096798 0.225572 -0.072143
v -0.073551 0.232777 -0.073551
v -0.049488 0.237949 -0.074747
v -0.024880 0.241067 -0.075577
v 0.000000 0.242111 -0.075887
v 0.024880 0.241067 -0.075577
v 0.049488 0.237949 -0.074747
v 0.073551 0.232777 -0.073551
v 0.096798 0.225572 -0.072143
v 0.118960 0.216349 -0.070684
v 0.139784 0.205095 -0.069379
v 0.159023 0.191794 -0.068439
v -0.155158 0.186573 -0.089525
v -0.136591 0.199240 -0.090895
v -0.116410 0.209931 -0.092778
v -0.094847 0.218697 -0.094847
v -0.072143 0.225572 -0.096798
v -0.048575 0.230533 -0.098421
v -0.024431 0.233538 -0.099531
v 0.000000 0.234549 -0.099942
v 0.024431 0.233538 -0.099531
v 0.048575 0.230533 -0.098421
v 0.072143 0.225572 -0.096798
v 0.094847 0.218697 -0.094847
v 0.116410 0.209931 -0.092778
v 0.136591 0.199240 -0.090895
v 0.155158 0.186573 -0.089525
v -0.150685 0.180183 -0.109117
v -0.133005 0.191925 -0.111042
v -0.113630 0.201810 -0.113630
v -0.092778 0.209931 -0.116410
v -0.070684 0.216349 -0.118960
v -0.047647 0.221019 -0.121032
v -0.023981 0.223872 -0.122425
v 0.000000 0.224838 -0.122934
v 0.023981 0.223872 -0.122425
v 0.047647 0.221019 -0.121032
v 0.070684 0.216349 -0.118960
v 0.092778 0.209931 -0.116410
v 0.113630 0.201810 -0.113630
v 0.133005 0.191925 -0.111042
v 0.150685 0.180183 -0.109117
v -0.146090 0.172786 -0.126782
v -0.129528 0.183138 -0.129528
v -0.111042 0.191925 -0.133005
v -0.090895 0.199240 -0.136591
v -0.069379 0.205095 -0.139784
v -0.046827 0.209408 -0.142320
v -0.023586 0.212073 -0.143993
v 0.000000 0.212985 -0.144596
v 0.023586 0.212073 -0.143993
v 0.046827 0.209408 -0.142320
v 0.069379 0.205095 -0.139784
v 0.090895 0.199240 -0.136591
v 0.111042 0.191925 -0.133005
v 0.129528 0.183138 -0.129528
v 0.146090 0.172786 -0.126782
v -0.142143 0.164371 -0.142143
v -0.126782 0.172786 -0.146090
v -0.109117 0.180183 -0.150685
v -0.089525 0.186573 -0.155158
v -0.068439 0.191794 -0.159023
v -0.046243 0.195699 -0.162026
v -0.023307 0.198146 -0.163972
v 0.000000 0.198994 -0.164664
v 0.023307 0.198146 -0.163972
v 0.046243 0.195699 -0.162026
v 0.068439 0.191794 -0.159023
v 0.089525 0.186573 -0.155158
v 0.109117 0.180183 -0.150685
v 0.126782 0.172786 -0.146090
v 0.142143 0.164371 -0.142143
v -0.164387 0.142132 -0.142156
v -0.172925 0.126683 -0.146206
v -0.180654 0.108782 -0.151077
v -0.187690 0.088732 -0.156088
v -0.193976 0.066891 -0.160839
v -0.199470 0.043567 -0.165164
v -0.204135 0.019058 -0.168956
v -0.207933 -0.006342 -0.172103
v -0.210851 -0.032325 -0.174532
v -0.212969 -0.058535 -0.176295
v -0.214393 -0.084605 -0.177481
v -0.215227 -0.110168 -0.178175
v -0.215575 -0.134856 -0.178467
v -0.215543 -0.158302 -0.178442
v -0.215236 -0.180139 -0.178188
v -0.172805 0.146078 -0.126795
v -0.183287 0.129434 -0.129630
v -0.192428 0.110727 -0.133351
v -0.200432 0.090148 -0.137409
v -0.207423 0.067920 -0.141382
v -0.213431 0.044307 -0.145082
v -0.218462 0.019583 -0.148379
v -0.222521 -0.005975 -0.151143
v -0.225634 -0.032079 -0.153281
v -0.227893 -0.058380 -0.154832
v -0.229412 -0.084515 -0.155876
v -0.230300 -0.110122 -0.156487
v -0.230671 -0.134837 -0.156744
v -0.230636 -0.158297 -0.156723
v -0.230306 -0.180139 -0.156500
v -0.180202 0.150674 -0.109127
v -0.192082 0.132920 -0.111129
v -0.202339 0.113343 -0.113924
v -0.211186 0.092096 -0.117107
v -0.218798 0.069352 -0.120321
v -0.225252 0.045345 -0.123384
v -0.230594 0.020325 -0.126160
v -0.234872 -0.005456 -0.128510
v -0.238147 -0.031731 -0.130330
v -0.240524 -0.058161 -0.131651
v -0.242121 -0.084389 -0.132540
v -0.243055 -0.110057 -0.133062
v -0.243445 -0.134809 -0.133281
v -0.243406 -0.158288 -0.133263
v -0.243058 -0.180138 -0.133073
v -0.186593 0.155148 -0.089534
v -0.199403 0.136515 -0.090966
v -0.210482 0.116154 -0.093017
v -0.220001 0.094240 -0.095414
v -0.228120 0.070956 -0.097906
v -0.234935 0.046524 -0.100336
v -0.240529 0.021175 -0.102572
v -0.244984 -0.004861 -0.104481
v -0.248390 -0.031333 -0.105963
v -0.250862 -0.057910 -0.107039
v -0.252521 -0.084243 -0.107763
v -0.253492 -0.109983 -0.108187
v -0.253896 -0.134778 -0.108366
v -0.253855 -0.158279 -0.108351
v -0.253492 -0.180137 -0.108197
v -0.191815 0.159014 -0.068446
v -0.205263 0.139717 -0.069433
v -0.216915 0.118735 -0.070866
v -0.226915 0.096265 -0.072574
v -0.235400 0.072510 -0.074393
v -0.242481 0.047688 -0.076202
v -0.248264 0.022022 -0.077888
v -0.252854 -0.004266 -0.079337
v -0.256359 -0.030934 -0.080464
v -0.258903 -0.057659 -0.081281
v -0.260612 -0.084098 -0.081832
v -0.261611 -0.109908 -0.082154
v -0.262025 -0.134747 -0.082290
v -0.261982 -0.158270 -0.082279
v -0.261607 -0.180135 -0.082162
v -0.195720 0.162019 -0.046248
v -0.209579 0.142262 -0.046864
v -0.221596 0.120835 -0.047769
v -0.231902 0.097953 -0.048865
v -0.240624 0.073832 -0.050055
v -0.247882 0.048694 -0.051254
v -0.253794 0.022760 -0.052382
v -0.258478 -0.003747 -0.053357
v -0.262054 -0.030587 -0.054114
v -0.264649 -0.057440 -0.054665
v -0.266391 -0.083972 -0.055035
v -0.267410 -0.109844 -0.055252
v -0.267832 -0.134719 -0.055344
v -0.267787 -0.158262 -0.055336
v -0.267403 -0.180134 -0.055258
v -0.198168 0.163965 -0.023309
v -0.212246 0.143940 -0.023604
v -0.224456 0.122246 -0.024042
v -0.234924 0.099108 -0.024577
v -0.243773 0.074751 -0.025165
v -0.251129 0.049400 -0.025763
v -0.257115 0.023281 -0.026328
v -0.261854 -0.003380 -0.026818
v -0.265472 -0.030341 -0.027199
v -0.268097 -0.057285 -0.027475
v -0.269860 -0.083882 -0.027662
v -0.270889 -0.109798 -0.027771
v -0.271316 -0.134700 -0.027817
v -0.271270 -0.158256 -0.027813
v -0.270881 -0.180133 -0.027774
v -0.199015 0.164657 -0.000000
v -0.213159 0.144546 -0.000000
v -0.225425 0.122763 -0.000000
v -0.235940 0.099537 -0.000000
v -0.244828 0.075096 -0.000000
v -0.252214 0.049667 -0.000000
v -0.258223 0.023479 -0.000000
v -0.262980 -0.003241 0.000000
v -0.266612 -0.030247 0.000000
v -0.269247 -0.057227 0.000000
v -0.271016 -0.083848 0.000000
v -0.272049 -0.109780 0.000000
v -0.272477 -0.134693 0.000000
v -0.272431 -0.158254 0.000000
v -0.272040 -0.180133 0.000000
v -0.198168 0.163965 0.023309
v -0.212246 0.143940 0.023604
v -0.224456 0.122246 0.024042
v -0.234924 0.099108 0.024577
v -0.243773 0.074751 0.025165
v -0.251129 0.049400 0.025763
v -0.257115 0.023282 0.026328
v -0.261854 -0.003380 0.026818
v -0.265472 -0.030341 0.027199
v -0.268097 -0.057285 0.027476
v -0.269860 -0.083882 0.027662
v -0.270889 -0.109798 0.027771
v -0.271316 -0.134700 0.027817
v -0.271270 -0.158256 0.027813
v -0.270881 -0.180133 0.027774
v -0.195720 0.162019 0.046248
v -0.209579 0.142262 0.046864
v -0.221596 0.120834 0.047769
v -0.231902 0.097953 0.048865
v -0.240624 0.073832 0.050055
v -0.247882 0.048694 0.051254
v -0.253794 0.022760 0.052382
v -0.258478 -0.003747 0.053357
v -0.262054 -0.030586 0.054114
v -0.264649 -0.057440 0.054665
v -0.266391 -0.083971 0.055035
v -0.267410 -0.109843 0.055252
v -0.267832 -0.134719 0.055344
v -0.267787 -0.158262 0.055337
v -0.267403 -0.180134 0.055258
v -0.191815 0.159014 0.068446
v -0.205263 0.139717 0.069432
v -0.216915 0.118735 0.070866
v -0.226915 0.096265 0.072574
v -0.235400 0.072510 0.074393
v -0.242481 0.047688 0.076202
v -0.248264 0.022022 0.077888
v -0.252854 -0.004266 0.079337
v -0.256359 -0.030934 0.080464
v -0.258903 -0.057659 0.081281
v -0.260612 -0.084098 0.081832
v -0.261611 -0.109908 0.082154
v -0.262025 -0.134747 0.082290
v -0.261982 -0.158270 0.082279
v -0.261607 -0.180135 0.082163
v -0.186593 0.155148 0.089533
v -0.199403 0.136515 0.090966
v -0.210482 0.116154 0.093017
v -0.220001 0.094240 0.095414
v -0.228120 0.070956 0.097906
v -0.234935 0.046524 0.100336
v -0.240529 0.021175 0.102572
v -0.244984 -0.004861 0.104481
v -0.248390 -0.031333 0.105963
v -0.250861 -0.057910 0.107039
v -0.252521 -0.084243 0.107763
v -0.253492 -0.109983 0.108187
v -0.253896 -0.134778 0.108366
v -0.253855 -0.158279 0.108351
v -0.253492 -0.180136 0.108197
v -0.180202 0.150674 0.109127
v -0.192082 0.132920 0.111129
v -0.202339 0.113343 0.113924
v -0.211186 0.092096 0.117107
v -0.218798 0.069352 0.120321
v -0.225252 0.045345 0.123384
v -0.230594 0.020325 0.126160
v -0.234872 -0.005456 0.128510
v -0.238147 -0.031731 0.130330
v -0.240524 -0.058161 0.131651
v -0.242121 -0.084389 0.132540
v -0.243055 -0.110057 0.133062
v -0.243445 -0.134809 0.133281
v -0.243406 -0.158288 0.133263
v -0.243058 -0.180138 0.133073
v -0.172805 0.146078 0.126795
v -0.183287 0.129434 0.129630
v -0.192428 0.110727 0.133351
v -0.200432 0.090148 0.137409
v -0.207423 0.067920 0.141382
v -0.213431 0.044307 0.145082
v -0.218462 0.019583 0.148379
v -0.222521 -0.005975 0.151143
v -0.225634 -0.032079 0.153281
v -0.227893 -0.058380 0.154832
v -0.229412 -0.084515 0.155876
v -0.230300 -0.110122 0.156488
v -0.230671 -0.134836 0.156744
v -0.230636 -0.158296 0.156723
v -0.230306 -0.180139 0.156500
v -0.164387 0.142132 0.142156
v -0.172926 0.126683 0.146206
v -0.180654 0.108782 0.151077
v -0.187690 0.088732 0.156088
v -0.193976 0.066891 0.160839
v -0.199470 0.043568 0.165164
v -0.204135 0.019058 0.168956
v -0.207933 -0.006342 0.172103
v -0.210851 -0.032325 0.174532
v -0.212969 -0.058535 0.176295
v -0.214393 -0.084605 0.177481
v -0.215227 -0.110168 0.178175
v -0.215575 -0.134856 0.178467
v -0.215543 -0.158302 0.178442
v -0.215236 -0.180139 0.178188
v -0.142156 0.142132 -0.164387
v -0.126795 0.146078 -0.172805
v -0.109127 0.150674 -0.180203
v -0.089534 0.155148 -0.186593
v -0.068446 0.159014 -0.191815
v -0.046248 0.162019 -0.195720
v -0.023309 0.163965 -0.198168
v 0.000000 0.164657 -0.199016
v 0.023309 0.163965 -0.198168
v 0.046248 0.162019 -0.195720
v 0.068446 0.159014 -0.191815
v 0.089534 0.155148 -0.186593
v 0.109127 0.150674 -0.180203
v 0.126795 0.146078 -0.172805
v 0.142156 0.142132 -0.164387
v -0.146206 0.126683 -0.172926
v -0.129630 0.129434 -0.183287
v -0.111129 0.132920 -0.192082
v -0.090966 0.136515 -0.199403
v -0.069432 0.139717 -0.205263
v -0.046864 0.142261 -0.209579
v -0.023604 0.143940 -0.212246
v 0.000000 0.144546 -0.213159
v 0.023604 0.143940 -0.212246
v 0.046864 0.142261 -0.209579
v 0.069433 0.139717 -0.205263
v 0.090966 0.136515 -0.199403
v 0.111129 0.132920 -0.192082
v 0.129630 0.129434 -0.183287
v 0.146206 0.126683 -0.172926
v -0.151077 0.108782 -0.180654
v -0.133351 0.110727 -0.192428
v -0.113924 0.113343 -0.202339
v -0.093017 0.116154 -0.210482
v -0.070866 0.118735 -0.216915
v -0.047769 0.120834 -0.221597
v -0.024042 0.122246 -0.224456
v 0.000000 0.122763 -0.225425
v 0.024042 0.122246 -0.224456
v 0.047769 0.120834 -0.221597
v 0.070866 0.118735 -0.216915
v 0.093017 0.116154 -0.210482
v 0.113924 0.113343 -0.202339
v 0.133351 0.110727 -0.192428
v 0.151077 0.108782 -0.180654
v -0.156088 0.088732 -0.187690
v -0.137409 0.090148 -0.200432
v -0.117107 0.092096 -0.211186
v -0.095414 0.094240 -0.220001
v -0.072574 0.096265 -0.226915
v -0.048865 0.097952 -0.231902
v -0.024577 0.099108 -0.234924
v 0.000000 0.099537 -0.235940
v 0.024577 0.099108 -0.234924
v 0.048865 0.097952 -0.231902
v 0.072574 0.096265 -0.226915
v 0.095414 0.094240 -0.220001
v 0.117107 0.092096 -0.211186
v 0.137409 0.090148 -0.200432
v 0.156088 0.088732 -0.187690
v -0.160839 0.066891 -0.193976
v -0.141382 0.067920 -0.207423
v -0.120321 0.069352 -0.218798
v -0.097906 0.070956 -0.228120
v -0.074393 0.072510 -0.235400
v -0.050055 0.073832 -0.240624
v -0.025165 0.074751 -0.243773
v 0.000000 0.075096 -0.244828
v 0.025165 0.074751 -0.243773
v 0.050055 0.073832 -0.240624
v 0.074393 0.072510 -0.235400
v 0.097906 0.070956 -0.228120
v 0.120321 0.069352 -0.218798
v 0.141382 0.067920 -0.207423
v 0.160839 0.066891 -0.193976
v -0.165164 0.043567 -0.199470
v -0.145082 0.044307 -0.213431
v -0.123384 0.045345 -0.225252
v -0.100336 0.046524 -0.234935
v -0.076202 0.047688 -0.242481
v -0.051254 0.048694 -0.247882
v -0.025763 0.049400 -0.251129
v 0.000000 0.049667 -0.252214
v 0.025763 0.049400 -0.251129
v 0.051254 0.048694 -0.247882
v 0.076202 0.047688 -0.242481
v 0.100336 0.046524 -0.234935
v 0.123384 0.045345 -0.225252
v 0.145082 0.044307 -0.213431
v 0.165164 0.043567 -0.199470
v -0.168956 0.019058 -0.204135
v -0.148379 0.019583 -0.218462
v -0.126160 0.020325 -0.230594
v -0.102572 0.021175 -0.240529
v -0.077888 0.022022 -0.248264
v -0.052382 0.022760 -0.253794
v -0.026328 0.023281 -0.257115
v 0.000000 0.023479 -0.258223
v 0.026328 0.023281 -0.257115
v 0.052382 0.022760 -0.253794
v 0.077888 0.022022 -0.248264
v 0.102572 0.021175 -0.240529
v 0.126160 0.020325 -0.230594
v 0.148379 0.019583 -0.218462
v 0.168956 0.019058 -0.204135
v -0.172103 -0.006342 -0.207933
v -0.151143 -0.005975 -0.222521
v -0.128510 -0.005456 -0.234872
v -0.104481 -0.004861 -0.244984
v -0.079337 -0.004266 -0.252854
v -0.053357 -0.003747 -0.258478
v -0.026818 -0.003380 -0.261854
v 0.000000 -0.003241 -0.262980
v 0.026818 -0.003380 -0.261854
v 0.053357 -0.003747 -0.258478
v 0.079337 -0.004266 -0.252854
v 0.104481 -0.004861 -0.244984
v 0.128510 -0.005456 -0.234872
v 0.151143 -0.005975 -0.222521
v 0.172103 -0.006342 -0.207933
v -0.174532 -0.032325 -0.210851
v -0.153281 -0.032079 -0.225634
v -0.130330 -0.031731 -0.238147
v -0.105963 -0.031333 -0.248390
v -0.080464 -0.030934 -0.256359
v -0.054114 -0.030587 -0.262054
v -0.027199 -0.030341 -0.265472
v 0.000000 -0.030247 -0.266612
v 0.027199 -0.030341 -0.265472
v 0.054114 -0.030587 -0.262054
v 0.080464 -0.030934 -0.256359
v 0.105963 -0.031333 -0.248390
v 0.130330 -0.031731 -0.238147
v 0.153281 -0.032079 -0.225634
v 0.174532 -0.032325 -0.210851
v -0.176295 -0.058535 -0.212969
v -0.154832 -0.058380 -0.227893
v -0.131651 -0.058161 -0.240524
v -0.107039 -0.057910 -0.250862
v -0.081281 -0.057659 -0.258903
v -0.054665 -0.057440 -0.264649
v -0.027476 -0.057285 -0.268097
v 0.000000 -0.057227 -0.269247
v 0.027476 -0.057285 -0.268097
v 0.054665 -0.057440 -0.264649
v 0.081281 -0.057659 -0.258903
v 0.107039 -0.057910 -0.250862
v 0.131651 -0.058161 -0.240524
v 0.154832 -0.058380 -0.227893
v 0.176295 -0.058535 -0.212969
v -0.177481 -0.084605 -0.214393
v -0.155876 -0.084515 -0.229412
v -0.132540 -0.084389 -0.242121
v -0.107763 -0.084243 -0.252521
v -0.081832 -0.084098 -0.260612
v -0.055035 -0.083972 -0.266391
v -0.027662 -0.083882 -0.269860
v 0.000000 -0.083848 -0.271016
v 0.027662 -0.083882 -0.269860
v 0.055035 -0.083972 -0.266391
v 0.081832 -0.084098 -0.260612
v 0.107763 -0.084243 -0.252521
v 0.132540 -0.084389 -0.242121
v 0.155876 -0.084515 -0.229412
v 0.177481 -0.084605 -0.214393
v -0.178175 -0.110168 -0.215227
v -0.156487 -0.110122 -0.230300
v -0.133062 -0.110057 -0.243055
v -0.108187 -0.109983 -0.253492
v -0.082154 -0.109908 -0.261611
v -0.055252 -0.109844 -0.267410
v -0.027771 -0.109798 -0.270889
v 0.000000 -0.109780 -0.272049
v 0.027771 -0.109798 -0.270889
v 0.055252 -0.109844 -0.267410
v 0.082154 -0.109908 -0.261611
v 0.108187 -0.109983 -0.253492
v 0.133062 -0.110057 -0.243055
v 0.156487 -0.110122 -0.230300
v 0.178175 -0.110168 -0.215227
v -0.178467 -0.134856 -0.215575
v -0.156744 -0.134837 -0.230671
v -0.133281 -0.134809 -0.243445
v -0.108366 -0.134778 -0.253896
v -0.082290 -0.134747 -0.262025
v -0.055344 -0.134719 -0.267832
v -0.027817 -0.134700 -0.271316
v 0.000000 -0.134693 -0.272477
v 0.027817 -0.134700 -0.271316
v 0.055344 -0.134719 -0.267832
v 0.082290 -0.134747 -0.262025
v 0.108366 -0.134778 -0.253896
v 0.133281 -0.134809 -0.243445
v 0.156744 -0.134837 -0.230671
v 0.178467 -0.134856 -0.215575
v -0.178442 -0.158302 -0.215543
v -0.156723 -0.158297 -0.230636
v -0.133263 -0.158288 -0.243406
v -0.108351 -0.158279 -0.253855
v -0.082279 -0.158270 -0.261982
v -0.055337 -0.158262 -0.267787
v -0.027813 -0.158256 -0.271270
v 0.000000 -0.158254 -0.272431
v 0.027813 -0.158256 -0.271270
v 0.055337 -0.158262 -0.267787
v 0.082279 -0.158270 -0.261982
v 0.108351 -0.158279 -0.253855
v 0.133263 -0.158288 -0.243406
v 0.156723 -0.158297 -0.230636
v 0.178442 -0.158302 -0.215543
v -0.178188 -0.180139 -0.215236
v -0.156500 -0.180139 -0.230306
v -0.133073 -0.180138 -0.243058
v -0.108197 -0.180137 -0.253492
v -0.082162 -0.180135 -0.261607
v -0.055258 -0.180134 -0.267403
v -0.027774 -0.180134 -0.270881
v 0.000000 -0.180133 -0.272040
v 0.027774 -0.180134 -0.270881
v 0.055258 -0.180134 -0.267403
v 0.082162 -0.180135 -0.261607
v 0.108197 -0.180137 -0.253492
v 0.133073 -0.180138 -0.243058
v 0.156500 -0.180139 -0.230306
v 0.178188 -0.180139 -0.215236
v 0.203582 -0.183945 -0.168540
v 0.217837 -0.183945 -0.148026
v 0.229898 -0.183944 -0.125868
v 0.239767 -0.183943 -0.102339
v 0.247442 -0.183941 -0.077714
v 0.252925 -0.183941 -0.052266
v 0.256214 -0.183940 -0.026270
v 0.257311 -0.183940 0.000000
v 0.256214 -0.183940 0.026270
v 0.252925 -0.183941 0.052266
v 0.247442 -0.183941 0.077714
v 0.239767 -0.183943 0.102339
v 0.229898 -0.183944 0.125868
v 0.217837 -0.183945 0.148026
v 0.203582 -0.183945 0.168540
v 0.203141 -0.162802 -0.168175
v 0.217366 -0.162796 -0.147705
v 0.229402 -0.162788 -0.125595
v 0.239249 -0.162779 -0.102117
v 0.246908 -0.162770 -0.077545
v 0.252380 -0.162763 -0.052153
v 0.255662 -0.162757 -0.026213
v 0.256756 -0.162755 0.000000
v 0.255662 -0.162757 0.026213
v 0.252380 -0.162763 0.052153
v 0.246908 -0.162770 0.077545
v 0.239249 -0.162779 0.102117
v 0.229402 -0.162788 0.125595
v 0.217366 -0.162796 0.147705
v 0.203141 -0.162802 0.168175
v 0.202563 -0.140100 -0.167694
v 0.216748 -0.140081 -0.147283
v 0.228751 -0.140055 -0.125236
v 0.238572 -0.140024 -0.101824
v 0.246211 -0.139994 -0.077323
v 0.251667 -0.139967 -0.052003
v 0.254941 -0.139949 -0.026138
v 0.256032 -0.139942 0.000000
v 0.254941 -0.139949 0.026138
v 0.251667 -0.139967 0.052003
v 0.246211 -0.139994 0.077323
v 0.238572 -0.140024 0.101825
v 0.228751 -0.140055 0.125236
v 0.216748 -0.140081 0.147283
v 0.202563 -0.140100 0.167694
v 0.201739 -0.116196 -0.167009
v 0.215868 -0.116151 -0.146680
v 0.227825 -0.116089 -0.124722
v 0.237608 -0.116017 -0.101407
v 0.245219 -0.115945 -0.077005
v 0.250655 -0.115882 -0.051789
v 0.253917 -0.115837 -0.026030
v 0.255004 -0.115820 0.000000
v 0.253917 -0.115837 0.026030
v 0.250655 -0.115882 0.051789
v 0.245219 -0.115945 0.077005
v 0.237608 -0.116017 0.101407
v 0.227825 -0.116089 0.124722
v 0.215868 -0.116151 0.146680
v 0.201739 -0.116196 0.167009
v 0.200561 -0.091445 -0.166029
v 0.214612 -0.091358 -0.145817
v 0.226503 -0.091235 -0.123988
v 0.236233 -0.091095 -0.100809
v 0.243803 -0.090954 -0.076551
v 0.249210 -0.090831 -0.051483
v 0.252455 -0.090745 -0.025876
v 0.253537 -0.090712 0.000000
v 0.252455 -0.090745 0.025877
v 0.249210 -0.090831 0.051483
v 0.243803 -0.090954 0.076551
v 0.236233 -0.091095 0.100809
v 0.226503 -0.091235 0.123988
v 0.214612 -0.091358 0.145817
v 0.200561 -0.091445 0.166029
v 0.198921 -0.066203 -0.164664
v 0.212863 -0.066053 -0.144616
v 0.224663 -0.065841 -0.122964
v 0.234320 -0.065597 -0.099976
v 0.241833 -0.065354 -0.075917
v 0.247202 -0.065143 -0.051057
v 0.250423 -0.064993 -0.025662
v 0.251498 -0.064936 0.000000
v 0.250423 -0.064993 0.025662
v 0.247202 -0.065143 0.051057
v 0.241833 -0.065354 0.075917
v 0.234320 -0.065597 0.099976
v 0.224663 -0.065841 0.122964
v 0.212863 -0.066052 0.144616
v 0.198921 -0.066202 0.164664
v 0.196711 -0.040825 -0.162824
v 0.210506 -0.040587 -0.142997
v 0.222184 -0.040250 -0.121585
v 0.231743 -0.039864 -0.098853
v 0.239180 -0.039478 -0.075064
v 0.244496 -0.039142 -0.050483
v 0.247687 -0.038903 -0.025373
v 0.248750 -0.038813 0.000000
v 0.247687 -0.038903 0.025373
v 0.244496 -0.039142 0.050483
v 0.239180 -0.039478 0.075064
v 0.231743 -0.039864 0.098852
v 0.222184 -0.040250 0.121585
v 0.210506 -0.040587 0.142997
v 0.196711 -0.040825 0.162824
v 0.193824 -0.015667 -0.160419
v 0.207426 -0.015312 -0.140880
v 0.218945 -0.014809 -0.119782
v 0.228375 -0.014233 -0.097385
v 0.235715 -0.013657 -0.073948
v 0.240961 -0.013154 -0.049732
v 0.244111 -0.012799 -0.024996
v 0.245162 -0.012664 0.000000
v 0.244111 -0.012799 0.024996
v 0.240961 -0.013154 0.049732
v 0.235715 -0.013657 0.073948
v 0.228375 -0.014233 0.097385
v 0.218945 -0.014809 0.119782
v 0.207426 -0.015312 0.140880
v 0.193824 -0.015667 0.160419
v 0.190172 0.008926 -0.157391
v 0.203525 0.009435 -0.138220
v 0.214835 0.010154 -0.117520
v 0.224098 0.010976 -0.095546
v 0.231310 0.011797 -0.072552
v 0.236467 0.012511 -0.048793
v 0.239565 0.013016 -0.024524
v 0.240598 0.013207 -0.000000
v 0.239565 0.013016 0.024524
v 0.236467 0.012511 0.048793
v 0.231310 0.011797 0.072552
v 0.224098 0.010976 0.095546
v 0.214835 0.010154 0.117520
v 0.203525 0.009435 0.138220
v 0.190172 0.008927 0.157391
v 0.185761 0.032658 -0.153802
v 0.198771 0.033373 -0.135098
v 0.209789 0.034379 -0.114891
v 0.218816 0.035520 -0.093428
v 0.225852 0.036647 -0.070955
v 0.230889 0.037621 -0.047724
v 0.233918 0.038305 -0.023988
v 0.234930 0.038564 -0.000000
v 0.233918 0.038305 0.023988
v 0.230889 0.037621 0.047724
v 0.225852 0.036647 0.070955
v 0.218816 0.035520 0.093428
v 0.209789 0.034379 0.114891
v 0.198771 0.033374 0.135098
v 0.185761 0.032658 0.153802
v 0.180616 0.055240 -0.149747
v 0.193148 0.056237 -0.131629
v 0.203752 0.057623 -0.112018
v 0.212443 0.059176 -0.091148
v 0.219233 0.060681 -0.069258
v 0.224107 0.061961 -0.046599
v 0.227045 0.062851 -0.023427
v 0.228029 0.063185 -0.000000
v 0.227045 0.062851 0.023427
v 0.224107 0.061961 0.046599
v 0.219233 0.060681 0.069258
v 0.212443 0.059176 0.091148
v 0.203752 0.057623 0.112018
v 0.193148 0.056237 0.131629
v 0.180616 0.055240 0.149747
v 0.174763 0.076388 -0.145322
v 0.186640 0.077759 -0.127927
v 0.196667 0.079645 -0.109024
v 0.204891 0.081721 -0.088827
v 0.211342 0.083681 -0.067563
v 0.215997 0.085316 -0.045491
v 0.218818 0.086435 -0.022880
v 0.219766 0.086850 -0.000000
v 0.218818 0.086435 0.022880
v 0.215997 0.085316 0.045491
v 0.211342 0.083681 0.067563
v 0.204891 0.081721 0.088827
v 0.196667 0.079646 0.109024
v 0.186640 0.077759 0.127927
v 0.174763 0.076388 0.145322
v 0.168232 0.095801 -0.140672
v 0.179211 0.097684 -0.124163
v 0.188458 0.100217 -0.106073
v 0.196058 0.102939 -0.086607
v 0.202065 0.105438 -0.065982
v 0.206437 0.107471 -0.044477
v 0.209109 0.108838 -0.022385
v 0.210014 0.109338 -0.000000
v 0.209109 0.108838 0.022385
v 0.206437 0.107471 0.044477
v 0.202065 0.105438 0.065982
v 0.196058 0.102939 0.086607
v 0.188458 0.100217 0.106073
v 0.179211 0.097684 0.124163
v 0.168232 0.095801 0.140672
v 0.161067 0.113134 -0.136163
v 0.170735 0.115798 -0.120724
v 0.178946 0.119173 -0.103494
v 0.185785 0.122653 -0.084717
v 0.191261 0.125754 -0.064664
v 0.195296 0.128218 -0.043645
v 0.197790 0.129843 -0.021983
v 0.198644 0.130430 -0.000000
v 0.197790 0.129843 0.021983
v 0.195296 0.128218 0.043645
v 0.191261 0.125754 0.064664
v 0.185785 0.122654 0.084717
v 0.178946 0.119173 0.103494
v 0.170735 0.115798 0.120724
v 0.161067 0.113134 0.136162
v 0.153150 0.128092 -0.132425
v 0.161012 0.131913 -0.118116
v 0.167927 0.136363 -0.101661
v 0.173903 0.140695 -0.083410
v 0.178787 0.144439 -0.063766
v 0.182441 0.147347 -0.043086
v 0.184732 0.149232 -0.021716
v 0.185526 0.149903 -0.000000
v 0.184732 0.149232 0.021716
v 0.182441 0.147347 0.043086
v 0.178787 0.144439 0.063766
v 0.173903 0.140695 0.083410
v 0.167927 0.136364 0.101661
v 0.161012 0.131913 0.118116
v 0.153150 0.128093 0.132424
v -0.168540 -0.183945 0.203582
v -0.168175 -0.162802 0.203142
v -0.167694 -0.140100 0.202563
v -0.167009 -0.116196 0.201739
v -0.166029 -0.091445 0.200561
v -0.164664 -0.066202 0.198921
v -0.162824 -0.040825 0.196711
v -0.160419 -0.015667 0.193824
v -0.157391 0.008927 0.190172
v -0.153802 0.032658 0.185761
v -0.149747 0.055241 0.180616
v -0.145322 0.076388 0.174763
v -0.140672 0.095801 0.168232
v -0.136163 0.113134 0.161067
v -0.132425 0.128093 0.153150
v -0.148026 -0.183945 0.217837
v -0.147705 -0.162796 0.217366
v -0.147283 -0.140081 0.216748
v -0.146680 -0.116151 0.215868
v -0.145817 -0.091358 0.214612
v -0.144616 -0.066052 0.212863
v -0.142997 -0.040587 0.210506
v -0.140880 -0.015312 0.207426
v -0.138220 0.009435 0.203525
v -0.135098 0.033374 0.198771
v -0.131629 0.056237 0.193148
v -0.127927 0.077759 0.186640
v -0.124163 0.097684 0.179211
v -0.120724 0.115798 0.170735
v -0.118116 0.131913 0.161012
v -0.125868 -0.183944 0.229898
v -0.125595 -0.162788 0.229402
v -0.125236 -0.140055 0.228751
v -0.124722 -0.116089 0.227825
v -0.123988 -0.091235 0.226503
v -0.122964 -0.065841 0.224663
v -0.121585 -0.040250 0.222184
v -0.119782 -0.014809 0.218945
v -0.117520 0.010154 0.214835
v -0.114891 0.034379 0.209789
v -0.112018 0.057623 0.203752
v -0.109024 0.079646 0.196667
v -0.106073 0.100217 0.188458
v -0.103494 0.119173 0.178946
v -0.101661 0.136364 0.167927
v -0.102339 -0.183943 0.239767
v -0.102117 -0.162779 0.239249
v -0.101825 -0.140024 0.238572
v -0.101407 -0.116017 0.237608
v -0.100809 -0.091095 0.236233
v -0.099976 -0.065597 0.234320
v -0.098852 -0.039864 0.231743
v -0.097385 -0.014233 0.228375
v -0.095546 0.010976 0.224098
v -0.093428 0.035520 0.218816
v -0.091148 0.059176 0.212443
v -0.088827 0.081721 0.204891
v -0.086607 0.102939 0.196057
v -0.084717 0.122654 0.185785
v -0.083410 0.140695 0.173903
v -0.077714 -0.183941 0.247442
v -0.077545 -0.162770 0.246908
v -0.077323 -0.139994 0.246211
v -0.077005 -0.115945 0.245219
v -0.076551 -0.090954 0.243803
v -0.075917 -0.065354 0.241833
v -0.075064 -0.039478 0.239180
v -0.073948 -0.013657 0.235715
v -0.072552 0.011797 0.231310
v -0.070955 0.036647 0.225852
v -0.069258 0.060681 0.219233
v -0.067563 0.083681 0.211342
v -0.065982 0.105438 0.202064
v -0.064664 0.125754 0.191261
v -0.063766 0.144439 0.178787
v -0.052266 -0.183940 0.252925
v -0.052153 -0.162763 0.252380
v -0.052003 -0.139967 0.251667
v -0.051789 -0.115882 0.250655
v -0.051483 -0.090831 0.249210
v -0.051057 -0.065143 0.247202
v -0.050483 -0.039142 0.244496
v -0.049732 -0.013154 0.240961
v -0.048793 0.012511 0.236467
v -0.047724 0.037621 0.230889
v -0.046599 0.061961 0.224107
v -0.045491 0.085316 0.215997
v -0.044477 0.107471 0.206437
v -0.043645 0.128218 0.195296
v -0.043086 0.147347 0.182441
v -0.026270 -0.183940 0.256214
v -0.026213 -0.162757 0.255662
v -0.026138 -0.139949 0.254941
v -0.026030 -0.115837 0.253917
v -0.025877 -0.090745 0.252455
v -0.025662 -0.064993 0.250423
v -0.025373 -0.038903 0.247687
v -0.024996 -0.012799 0.244111
v -0.024524 0.013016 0.239565
v -0.023988 0.038306 0.233918
v -0.023427 0.062851 0.227045
v -0.022880 0.086435 0.218818
v -0.022385 0.108838 0.209109
v -0.021983 0.129843 0.197790
v -0.021716 0.149232 0.184732
v 0.000000 -0.183940 0.257311
v 0.000000 -0.162755 0.256756
v 0.000000 -0.139942 0.256032
v 0.000000 -0.115820 0.255004
v 0.000000 -0.090712 0.253537
v 0.000000 -0.064936 0.251498
v 0.000000 -0.038813 0.248750
v 0.000000 -0.012664 0.245162
v 0.000000 0.013207 0.240598
v 0.000000 0.038564 0.234930
v 0.000000 0.063185 0.228029
v 0.000000 0.086850 0.219766
v 0.000000 0.109338 0.210014
v 0.000000 0.130430 0.198644
v 0.000000 0.149903 0.185526
v 0.026270 -0.183940 0.256214
v 0.026213 -0.162757 0.255662
v 0.026138 -0.139949 0.254941
v 0.026030 -0.115837 0.253917
v 0.025877 -0.090745 0.252455
v 0.025662 -0.064993 0.250423
v 0.025373 -0.038903 0.247687
v 0.024996 -0.012799 0.244111
v 0.024524 0.013016 0.239565
v 0.023988 0.038306 0.233918
v 0.023427 0.062851 0.227045
v 0.022880 0.086435 0.218818
v 0.022385 0.108838 0.209109
v 0.021983 0.129843 0.197790
v 0.021716 0.149232 0.184732
v 0.052266 -0.183940 0.252925
v 0.052153 -0.162763 0.252380
v 0.052003 -0.139967 0.251667
v 0.051789 -0.115882 0.250655
v 0.051483 -0.090831 0.249210
v 0.051057 -0.065143 0.247202
v 0.050483 -0.039142 0.244496
v 0.049732 -0.013154 0.240961
v 0.048793 0.012511 0.236467
v 0.047724 0.037621 0.230889
v 0.046599 0.061961 0.224107
v 0.045491 0.085316 0.215997
v 0.044477 0.107471 0.206437
v 0.043645 0.128218 0.195296
v 0.043086 0.147347 0.182441
v 0.077714 -0.183941 0.247442
v 0.077545 -0.162770 0.246908
v 0.077323 -0.139994 0.246211
v 0.077005 -0.115945 0.245219
v 0.076551 -0.090954 0.243803
v 0.075917 -0.065354 0.241833
v 0.075064 -0.039478 0.239180
v 0.073948 -0.013657 0.235715
v 0.072552 0.011797 0.231310
v 0.070955 0.036647 0.225852
v 0.069258 0.060681 0.219233
v 0.067563 0.083681 0.211342
v 0.065982 0.105438 0.202065
v 0.064664 0.125754 0.191261
v 0.063766 0.144439 0.178787
v 0.102339 -0.183943 0.239767
v 0.102117 -0.162779 0.239249
v 0.101825 -0.140024 0.238572
v 0.101407 -0.116017 0.237608
v 0.100809 -0.091095 0.236233
v 0.099976 -0.065597 0.234320
v 0.098852 -0.039864 0.231743
v 0.097385 -0.014233 0.228375
v 0.095546 0.010976 0.224098
v 0.093428 0.035520 0.218816
v 0.091148 0.059176 0.212443
v 0.088827 0.081721 0.204891
v 0.086607 0.102939 0.196057
v 0.084717 0.122654 0.185785
v 0.083410 0.140695 0.173903
v 0.125868 -0.183944 0.229898
v 0.125595 -0.162788 0.229401
v 0.125236 -0.140055 0.228751
v 0.124722 -0.116089 0.227825
v 0.123988 -0.091235 0.226503
v 0.122964 -0.065841 0.224663
v 0.121585 -0.040250 0.222184
v 0.119782 -0.014809 0.218945
v 0.117520 0.010154 0.214835
v 0.114891 0.034379 0.209789
v 0.112018 0.057623 0.203752
v 0.109024 0.079646 0.196667
v 0.106073 0.100217 0.188458
v 0.103494 0.119173 0.178946
v 0.101661 0.136364 0.167927
v 0.148026 -0.183945 0.217837
v 0.147705 -0.162796 0.217366
v 0.147283 -0.140081 0.216748
v 0.146680 -0.116151 0.215868
v 0.145817 -0.091358 0.214612
v 0.144616 -0.066052 0.212863
v 0.142997 -0.040587 0.210506
v 0.140880 -0.015312 0.207426
v 0.138220 0.009435 0.203526
v 0.135098 0.033374 0.198771
v 0.131629 0.056237 0.193148
v 0.127927 0.077759 0.186640
v 0.124163 0.097684 0.179211
v 0.120724 0.115798 0.170735
v 0.118116 0.131913 0.161012
v 0.168540 -0.183945 0.203582
v 0.168175 -0.162802 0.203142
v 0.167694 -0.140100 0.202563
v 0.167009 -0.116196 0.201739
v 0.166029 -0.091445 0.200561
v 0.164664 -0.066202 0.198921
v 0.162824 -0.040825 0.196711
v 0.160419 -0.015667 0.193824
v 0.157391 0.008927 0.190172
v 0.153802 0.032658 0.185761
v 0.149747 0.055240 0.180616
v 0.145322 0.076388 0.174763
v 0.140672 0.095801 0.168232
v 0.136163 0.113134 0.161067
v 0.132425 0.128093 0.153150
v -0.132477 0.149625 0.132477
v -0.136184 0.157773 0.118174
v -0.140494 0.164935 0.101717
v -0.144687 0.171122 0.083460
v -0.148310 0.176177 0.063806
v -0.151126 0.179958 0.043114
v -0.152951 0.182328 0.021730
v -0.153600 0.183149 -0.000000
v -0.152951 0.182328 -0.021730
v -0.151126 0.179958 -0.043114
v -0.148310 0.176177 -0.063806
v -0.144687 0.171122 -0.083460
v -0.140494 0.164935 -0.101717
v -0.136184 0.157773 -0.118174
v -0.132477 0.149625 -0.132477
v -0.118174 0.157773 0.136184
v -0.120764 0.167797 0.120764
v -0.124033 0.176304 0.103541
v -0.127400 0.183387 0.084763
v -0.130397 0.189056 0.064703
v -0.132777 0.193232 0.043673
v -0.134347 0.195812 0.021998
v -0.134913 0.196695 -0.000000
v -0.134347 0.195812 -0.021998
v -0.132777 0.193232 -0.043673
v -0.130397 0.189056 -0.064703
v -0.127400 0.183387 -0.084763
v -0.124033 0.176304 -0.103541
v -0.120764 0.167797 -0.120764
v -0.118174 0.157773 -0.136184
v -0.101717 0.164935 0.140494
v -0.103541 0.176304 0.124033
v -0.105981 0.185875 0.105981
v -0.108595 0.193739 0.086542
v -0.110991 0.199952 0.065938
v -0.112938 0.204474 0.044450
v -0.114245 0.207237 0.022372
v -0.114723 0.208172 -0.000000
v -0.114245 0.207237 -0.022373
v -0.112938 0.204474 -0.044450
v -0.110991 0.199952 -0.065939
v -0.108595 0.193739 -0.086542
v -0.105981 0.185875 -0.105981
v -0.103541 0.176304 -0.124033
v -0.101717 0.164935 -0.140494
v -0.083460 0.171122 0.144687
v -0.084763 0.183387 0.127399
v -0.086542 0.193739 0.108595
v -0.088491 0.202226 0.088491
v -0.090326 0.208883 0.067315
v -0.091852 0.213686 0.045327
v -0.092895 0.216596 0.022798
v -0.093281 0.217574 -0.000000
v -0.092895 0.216596 -0.022799
v -0.091852 0.213686 -0.045327
v -0.090326 0.208883 -0.067315
v -0.088491 0.202226 -0.088491
v -0.086542 0.193739 -0.108595
v -0.084763 0.183387 -0.127400
v -0.083460 0.171122 -0.144687
v -0.063806 0.176177 0.148310
v -0.064703 0.189056 0.130397
v -0.065939 0.199952 0.110991
v -0.067315 0.208883 0.090326
v -0.068641 0.215859 0.068641
v -0.069766 0.220867 0.046188
v -0.070546 0.223886 0.023222
v -0.070838 0.224896 -0.000000
v -0.070546 0.223886 -0.023222
v -0.069766 0.220867 -0.046188
v -0.068641 0.215859 -0.068641
v -0.067315 0.208883 -0.090326
v -0.065939 0.199952 -0.110991
v -0.064703 0.189056 -0.130397
v -0.063806 0.176177 -0.148310
v -0.043114 0.179958 0.151126
v -0.043673 0.193232 0.132777
v -0.044450 0.204474 0.112938
v -0.045327 0.213686 0.091852
v -0.046188 0.220867 0.069766
v -0.046928 0.226008 0.046928
v -0.047447 0.229100 0.023589
v -0.047643 0.230133 -0.000000
v -0.047447 0.229100 -0.023589
v -0.046928 0.226008 -0.046928
v -0.046188 0.220867 -0.069766
v -0.045327 0.213686 -0.091852
v -0.044450 0.204474 -0.112938
v -0.043673 0.193232 -0.132777
v -0.043114 0.179958 -0.151126
v -0.021730 0.182328 0.152950
v -0.021998 0.195812 0.134347
v -0.022373 0.207236 0.114245
v -0.022799 0.216596 0.092895
v -0.023222 0.223886 0.070546
v -0.023589 0.229100 0.047447
v -0.023849 0.232233 0.023848
v -0.023947 0.233278 -0.000000
v -0.023849 0.232233 -0.023849
v -0.023589 0.229100 -0.047447
v -0.023222 0.223886 -0.070546
v -0.022799 0.216596 -0.092895
v -0.022373 0.207237 -0.114245
v -0.021998 0.195812 -0.134347
v -0.021730 0.182328 -0.152951
v 0.000000 0.183149 0.153600
v 0.000000 0.196695 0.134913
v 0.000000 0.208172 0.114723
v 0.000000 0.217574 0.093281
v 0.000000 0.224896 0.070838
v 0.000000 0.230133 0.047643
v 0.000000 0.233278 0.023947
v 0.000000 0.234328 -0.000000
v 0.000000 0.233278 -0.023947
v 0.000000 0.230133 -0.047643
v 0.000000 0.224896 -0.070838
v 0.000000 0.217574 -0.093281
v 0.000000 0.208172 -0.114723
v 0.000000 0.196695 -0.134913
v 0.000000 0.183148 -0.153600
v 0.021730 0.182328 0.152950
v 0.021998 0.195812 0.134347
v 0.022373 0.207236 0.114245
v 0.022799 0.216596 0.092895
v 0.023222 0.223886 0.070546
v 0.023589 0.229100 0.047447
v 0.023849 0.232233 0.023848
v 0.023947 0.233278 -0.000000
v 0.023849 0.232233 -0.023849
v 0.023589 0.229100 -0.047447
v 0.023222 0.223886 -0.070546
v 0.022799 0.216596 -0.092895
v 0.022373 0.207237 -0.114245
v 0.021998 0.195812 -0.134347
v 0.021730 0.182328 -0.152951
v 0.043114 0.179958 0.151126
v 0.043673 0.193232 0.132777
v 0.044450 0.204474 0.112938
v 0.045327 0.213686 0.091852
v 0.046188 0.220867 0.069766
v 0.046928 0.226008 0.046928
v 0.047447 0.229100 0.023589
v 0.047643 0.230133 -0.000000
v 0.047447 0.229100 -0.023589
v 0.046928 0.226008 -0.046928
v 0.046188 0.220867 -0.069766
v 0.045327 0.213686 -0.091852
v 0.044450 0.204474 -0.112938
v 0.043673 0.193232 -0.132777
v 0.043114 0.179958 -0.151126
v 0.063806 0.176177 0.148310
v 0.064703 0.189056 0.130397
v 0.065939 0.199952 0.110991
v 0.067315 0.208883 0.090326
v 0.068641 0.215859 0.068641
v 0.069766 0.220867 0.046188
v 0.070546 0.223886 0.023222
v 0.070838 0.224896 -0.000000
v 0.070546 0.223886 -0.023222
v 0.069766 0.220867 -0.046188
v 0.068641 0.215859 -0.068641
v 0.067315 0.208883 -0.090326
v 0.065939 0.199952 -0.110991
v 0.064703 0.189056 -0.130397
v 0.063806 0.176177 -0.148310
v 0.083460 0.171122 0.144687
v 0.084763 0.183387 0.127399
v 0.086542 0.193739 0.108595
v 0.088491 0.202226 0.088491
v 0.090326 0.208883 0.067315
v 0.091852 0.213686 0.045327
v 0.092895 0.216596 0.022798
v 0.093281 0.217574 -0.000000
v 0.092895 0.216596 -0.022799
v 0.091852 0.213686 -0.045327
v 0.090326 0.208883 -0.067315
v 0.088491 0.202226 -0.088491
v 0.086542 0.193739 -0.108595
v 0.084763 0.183387 -0.127400
v 0.083460 0.171122 -0.144687
v 0.101717 0.164935 0.140494
v 0.103541 0.176304 0.124033
v 0.105981 0.185875 0.105981
v 0.108595 0.193739 0.086542
v 0.110991 0.199952 0.065938
v 0.112938 0.204474 0.044450
v 0.114245 0.207236 0.022372
v 0.114723 0.208172 -0.000000
v 0.114245 0.207236 -0.022373
v 0.112938 0.204474 -0.044450
v 0.110991 0.199952 -0.065939
v 0.108595 0.193739 -0.086542
v 0.105981 0.185875 -0.105981
v 0.103541 0.176304 -0.124033
v 0.101717 0.164935 -0.140494
v 0.118174 0.157773 0.136184
v 0.120764 0.167797 0.120764
v 0.124033 0.176304 0.103541
v 0.127400 0.183387 0.084763
v 0.130397 0.189056 0.064703
v 0.132777 0.193232 0.043673
v 0.134347 0.195812 0.021998
v 0.134913 0.196695 -0.000000
v 0.134347 0.195812 -0.021998
v 0.132777 0.193232 -0.043673
v 0.130397 0.189056 -0.064703
v 0.127400 0.183387 -0.084763
v 0.124033 0.176304 -0.103541
v 0.120764 0.167797 -0.120764
v 0.118174 0.157773 -0.136184
v 0.132477 0.149625 0.132477
v 0.136184 0.157773 0.118174
v 0.140494 0.164935 0.101717
v 0.144687 0.171122 0.083460
v 0.148310 0.176177 0.063806
v 0.151126 0.179958 0.043114
v 0.152951 0.182328 0.021730
v 0.153600 0.183149 -0.000000
v 0.152951 0.182328 -0.021730
v 0.151126 0.179958 -0.043114
v 0.148310 0.176177 -0.063806
v 0.144687 0.171122 -0.083460
v 0.140494 0.164935 -0.101717
v 0.136184 0.157773 -0.118174
v 0.132477 0.149625 -0.132477
v -0.153150 0.128092 -0.132425
v -0.161012 0.131913 -0.118116
v -0.167927 0.136363 -0.101661
v -0.173903 0.140695 -0.083410
v -0.178787 0.144439 -0.063766
v -0.182441 0.147347 -0.043086
v -0.184732 0.149232 -0.021716
v -0.185526 0.149903 -0.000000
v -0.184732 0.149232 0.021716
v -0.182441 0.147347 0.043086
v -0.178787 0.144439 0.063766
v -0.173903 0.140695 0.083410
v -0.167927 0.136364 0.101661
v -0.161012 0.131913 0.118116
v -0.153150 0.128093 0.132424
v -0.161067 0.113134 -0.136163
v -0.170735 0.115798 -0.120724
v -0.178946 0.119173 -0.103494
v -0.185785 0.122653 -0.084717
v -0.191261 0.125754 -0.064664
v -0.195296 0.128218 -0.043646
v -0.197790 0.129843 -0.021983
v -0.198643 0.130430 -0.000000
v -0.197790 0.129843 0.021983
v -0.195296 0.128218 0.043645
v -0.191261 0.125754 0.064664
v -0.185785 0.122654 0.084717
v -0.178946 0.119173 0.103494
v -0.170735 0.115798 0.120724
v -0.161067 0.113134 0.136162
v -0.168232 0.095801 -0.140672
v -0.179211 0.097684 -0.124163
v -0.188458 0.100217 -0.106073
v -0.196058 0.102939 -0.086607
v -0.202064 0.105438 -0.065982
v -0.206437 0.107471 -0.044477
v -0.209109 0.108838 -0.022385
v -0.210014 0.109338 -0.000000
v -0.209109 0.108838 0.022385
v -0.206437 0.107471 0.044477
v -0.202064 0.105438 0.065982
v -0.196058 0.102939 0.086607
v -0.188458 0.100217 0.106073
v -0.179211 0.097684 0.124163
v -0.168232 0.095801 0.140672
v -0.174763 0.076388 -0.145322
v -0.186640 0.077759 -0.127927
v -0.196667 0.079645 -0.109024
v -0.204891 0.081721 -0.088827
v -0.211342 0.083681 -0.067563
v -0.215997 0.085316 -0.045491
v -0.218818 0.086435 -0.022880
v -0.219766 0.086850 -0.000000
v -0.218818 0.086435 0.022880
v -0.215997 0.085316 0.045491
v -0.211342 0.083681 0.067563
v -0.204891 0.081721 0.088827
v -0.196667 0.079646 0.109024
v -0.186640 0.077759 0.127927
v -0.174763 0.076388 0.145322
v -0.180616 0.055240 -0.149747
v -0.193148 0.056237 -0.131629
v -0.203752 0.057623 -0.112018
v -0.212443 0.059176 -0.091148
v -0.219233 0.060681 -0.069258
v -0.224107 0.061961 -0.046599
v -0.227045 0.062852 -0.023427
v -0.228029 0.063185 -0.000000
v -0.227045 0.062852 0.023427
v -0.224107 0.061961 0.046599
v -0.219233 0.060681 0.069258
v -0.212443 0.059176 0.091148
v -0.203752 0.057623 0.112018
v -0.193148 0.056237 0.131629
v -0.180616 0.055241 0.149747
v -0.185761 0.032658 -0.153802
v -0.198771 0.033373 -0.135098
v -0.209789 0.034379 -0.114891
v -0.218816 0.035520 -0.093428
v -0.225852 0.036647 -0.070955
v -0.230889 0.037621 -0.047724
v -0.233918 0.038305 -0.023988
v -0.234930 0.038564 -0.000000
v -0.233918 0.038305 0.023988
v -0.230889 0.037621 0.047724
v -0.225852 0.036647 0.070955
v -0.218816 0.035520 0.093428
v -0.209789 0.034379 0.114891
v -0.198771 0.033374 0.135098
v -0.185761 0.032658 0.153802
v -0.190172 0.008926 -0.157391
v -0.203525 0.009435 -0.138220
v -0.214835 0.010154 -0.117520
v -0.224098 0.010976 -0.095546
v -0.231310 0.011797 -0.072552
v -0.236467 0.012511 -0.048793
v -0.239565 0.013016 -0.024524
v -0.240598 0.013207 -0.000000
v -0.239565 0.013016 0.024524
v -0.236467 0.012511 0.048793
v -0.231310 0.011797 0.072552
v -0.224098 0.010976 0.095546
v -0.214835 0.010154 0.117520
v -0.203525 0.009435 0.138220
v -0.190172 0.008927 0.157391
v -0.193824 -0.015667 -0.160419
v -0.207426 -0.015312 -0.140880
v -0.218945 -0.014809 -0.119782
v -0.228375 -0.014233 -0.097385
v -0.235715 -0.013657 -0.073948
v -0.240961 -0.013154 -0.049732
v -0.244111 -0.012799 -0.024996
v -0.245162 -0.012664 0.000000
v -0.244111 -0.012799 0.024996
v -0.240961 -0.013154 0.049732
v -0.235715 -0.013657 0.073948
v -0.228375 -0.014233 0.097385
v -0.218945 -0.014809 0.119782
v -0.207426 -0.015312 0.140880
v -0.193824 -0.015667 0.160419
v -0.196711 -0.040825 -0.162824
v -0.210506 -0.040587 -0.142997
v -0.222184 -0.040250 -0.121585
v -0.231743 -0.039864 -0.098852
v -0.239180 -0.039478 -0.075064
v -0.244496 -0.039142 -0.050483
v -0.247687 -0.038903 -0.025373
v -0.248750 -0.038813 0.000000
v -0.247687 -0.038903 0.025373
v -0.244496 -0.039142 0.050483
v -0.239180 -0.039478 0.075064
v -0.231743 -0.039864 0.098852
v -0.222184 -0.040250 0.121585
v -0.210506 -0.040587 0.142997
v -0.196711 -0.040825 0.162824
v -0.198921 -0.066203 -0.164664
v -0.212863 -0.066053 -0.144616
v -0.224663 -0.065841 -0.122964
v -0.234320 -0.065597 -0.099976
v -0.241833 -0.065354 -0.075917
v -0.247202 -0.065143 -0.051057
v -0.250423 -0.064993 -0.025662
v -0.251498 -0.064936 0.000000
v -0.250423 -0.064993 0.025662
v -0.247202 -0.065143 0.051057
v -0.241833 -0.065354 0.075917
v -0.234320 -0.065597 0.099976
v -0.224663 -0.065841 0.122964
v -0.212863 -0.066052 0.144616
v -0.198921 -0.066202 0.164664
v -0.200561 -0.091445 -0.166029
v -0.214612 -0.091358 -0.145817
v -0.226503 -0.091235 -0.123988
v -0.236233 -0.091095 -0.100809
v -0.243803 -0.090954 -0.076551
v -0.249210 -0.090831 -0.051483
v -0.252455 -0.090745 -0.025876
v -0.253537 -0.090712 0.000000
v -0.252455 -0.090745 0.025877
v -0.249210 -0.090831 0.051483
v -0.243803 -0.090954 0.076551
v -0.236233 -0.091095 0.100809
v -0.226503 -0.091235 0.123988
v -0.214612 -0.091358 0.145817
v -0.200561 -0.091445 0.166029
v -0.201739 -0.116196 -0.167009
v -0.215868 -0.116151 -0.146680
v -0.227825 -0.116089 -0.124722
v -0.237608 -0.116017 -0.101407
v -0.245219 -0.115945 -0.077005
v -0.250655 -0.115882 -0.051789
v -0.253917 -0.115837 -0.026030
v -0.255004 -0.115820 0.000000
v -0.253917 -0.115837 0.026030
v -0.250655 -0.115882 0.051789
v -0.245219 -0.115945 0.077005
v -0.237608 -0.116017 0.101407
v -0.227825 -0.116089 0.124722
v -0.215868 -0.116151 0.146680
v -0.201739 -0.116196 0.167009
v -0.202563 -0.140100 -0.167694
v -0.216748 -0.140081 -0.147283
v -0.228751 -0.140055 -0.125236
v -0.238572 -0.140024 -0.101824
v -0.246211 -0.139994 -0.077323
v -0.251667 -0.139967 -0.052003
v -0.254941 -0.139949 -0.026138
v -0.256032 -0.139942 0.000000
v -0.254941 -0.139949 0.026138
v -0.251667 -0.139967 0.052003
v -0.246211 -0.139994 0.077323
v -0.238572 -0.140024 0.101825
v -0.228751 -0.140055 0.125236
v -0.216748 -0.140081 0.147283
v -0.202563 -0.140100 0.167694
v -0.203142 -0.162802 -0.168175
v -0.217366 -0.162796 -0.147705
v -0.229402 -0.162788 -0.125595
v -0.239249 -0.162779 -0.102117
v -0.246908 -0.162770 -0.077545
v -0.252380 -0.162763 -0.052153
v -0.255662 -0.162757 -0.026213
v -0.256756 -0.162755 0.000000
v -0.255662 -0.162757 0.026213
v -0.252380 -0.162763 0.052153
v -0.246908 -0.162770 0.077545
v -0.239249 -0.162779 0.102117
v -0.229402 -0.162788 0.125595
v -0.217366 -0.162796 0.147705
v -0.203142 -0.162802 0.168175
v -0.203582 -0.183945 -0.168540
v -0.217837 -0.183945 -0.148026
v -0.229898 -0.183944 -0.125868
v -0.239767 -0.183943 -0.102339
v -0.247442 -0.183941 -0.077714
v -0.252925 -0.183941 -0.052266
v -0.256214 -0.183940 -0.026270
v -0.257311 -0.183940 0.000000
v -0.256214 -0.183940 0.026270
v -0.252925 -0.183941 0.052266
v -0.247442 -0.183941 0.077714
v -0.239767 -0.183943 0.102339
v -0.229898 -0.183944 0.125868
v -0.217837 -0.183945 0.148026
v -0.203582 -0.183945 0.168540
v -0.132425 0.128092 -0.153150
v -0.136163 0.113134 -0.161067
v -0.140672 0.095801 -0.168232
v -0.145321 0.076388 -0.174763
v -0.149747 0.055240 -0.180616
v -0.153802 0.032658 -0.185761
v -0.157391 0.008926 -0.190172
v -0.160419 -0.015667 -0.193824
v -0.162824 -0.040825 -0.196711
v -0.164664 -0.066203 -0.198921
v -0.166029 -0.091445 -0.200561
v -0.167009 -0.116196 -0.201739
v -0.167694 -0.140100 -0.202563
v -0.168175 -0.162802 -0.203142
v -0.168540 -0.183945 -0.203582
v -0.118116 0.131913 -0.161012
v -0.120724 0.115798 -0.170735
v -0.124163 0.097684 -0.179211
v -0.127927 0.077759 -0.186640
v -0.131629 0.056237 -0.193148
v -0.135098 0.033373 -0.198771
v -0.138220 0.009435 -0.203525
v -0.140880 -0.015312 -0.207427
v -0.142997 -0.040587 -0.210506
v -0.144616 -0.066053 -0.212863
v -0.145817 -0.091358 -0.214612
v -0.146680 -0.116151 -0.215868
v -0.147283 -0.140081 -0.216748
v -0.147705 -0.162796 -0.217366
v -0.148026 -0.183945 -0.217837
v -0.101661 0.136363 -0.167927
v -0.103494 0.119173 -0.178946
v -0.106073 0.100217 -0.188458
v -0.109024 0.079645 -0.196667
v -0.112018 0.057623 -0.203752
v -0.114891 0.034379 -0.209789
v -0.117520 0.010154 -0.214835
v -0.119782 -0.014809 -0.218945
v -0.121585 -0.040250 -0.222184
v -0.122964 -0.065841 -0.224663
v -0.123988 -0.091235 -0.226503
v -0.124722 -0.116089 -0.227825
v -0.125236 -0.140055 -0.228751
v -0.125595 -0.162788 -0.229402
v -0.125868 -0.183944 -0.229898
v -0.083410 0.140695 -0.173903
v -0.084717 0.122653 -0.185785
v -0.086607 0.102939 -0.196058
v -0.088827 0.081721 -0.204891
v -0.091148 0.059176 -0.212443
v -0.093428 0.035520 -0.218816
v -0.095546 0.010976 -0.224098
v -0.097385 -0.014233 -0.228375
v -0.098852 -0.039864 -0.231743
v -0.099976 -0.065597 -0.234320
v -0.100809 -0.091095 -0.236233
v -0.101407 -0.116017 -0.237608
v -0.101825 -0.140024 -0.238572
v -0.102117 -0.162779 -0.239249
v -0.102339 -0.183943 -0.239767
v -0.063766 0.144439 -0.178787
v -0.064664 0.125754 -0.191261
v -0.065982 0.105438 -0.202064
v -0.067563 0.083681 -0.211342
v -0.069258 0.060681 -0.219233
v -0.070955 0.036647 -0.225852
v -0.072552 0.011797 -0.231310
v -0.073948 -0.013657 -0.235715
v -0.075064 -0.039478 -0.239180
v -0.075917 -0.065354 -0.241833
v -0.076551 -0.090954 -0.243803
v -0.077005 -0.115945 -0.245218
v -0.077323 -0.139994 -0.246211
v -0.077545 -0.162770 -0.246908
v -0.077714 -0.183941 -0.247442
v -0.043086 0.147347 -0.182441
v -0.043645 0.128218 -0.195296
v -0.044477 0.107471 -0.206437
v -0.045491 0.085316 -0.215997
v -0.046599 0.061961 -0.224107
v -0.047724 0.037621 -0.230889
v -0.048793 0.012511 -0.236467
v -0.049732 -0.013154 -0.240961
v -0.050483 -0.039142 -0.244496
v -0.051057 -0.065143 -0.247202
v -0.051483 -0.090831 -0.249210
v -0.051789 -0.115882 -0.250655
v -0.052003 -0.139967 -0.251667
v -0.052153 -0.162763 -0.252380
v -0.052266 -0.183941 -0.252925
v -0.021716 0.149232 -0.184733
v -0.021983 0.129843 -0.197790
v -0.022385 0.108838 -0.209109
v -0.022880 0.086435 -0.218818
v -0.023427 0.062851 -0.227045
v -0.023988 0.038305 -0.233918
v -0.024524 0.013016 -0.239565
v -0.024996 -0.012799 -0.244111
v -0.025373 -0.038903 -0.247687
v -0.025662 -0.064993 -0.250423
v -0.025877 -0.090745 -0.252455
v -0.026030 -0.115837 -0.253917
v -0.026138 -0.139949 -0.254941
v -0.026213 -0.162757 -0.255662
v -0.026270 -0.183940 -0.256214
v 0.000000 0.149902 -0.185526
v 0.000000 0.130429 -0.198643
v 0.000000 0.109338 -0.210014
v 0.000000 0.086850 -0.219766
v 0.000000 0.063185 -0.228029
v 0.000000 0.038564 -0.234930
v 0.000000 0.013207 -0.240598
v 0.000000 -0.012664 -0.245162
v 0.000000 -0.038813 -0.248750
v 0.000000 -0.064936 -0.251498
v 0.000000 -0.090712 -0.253537
v 0.000000 -0.115820 -0.255004
v 0.000000 -0.139942 -0.256032
v 0.000000 -0.162755 -0.256756
v 0.000000 -0.183940 -0.257311
v 0.021716 0.149232 -0.184733
v 0.021983 0.129843 -0.197790
v 0.022385 0.108838 -0.209109
v 0.022880 0.086435 -0.218818
v 0.023427 0.062851 -0.227045
v 0.023988 0.038305 -0.233918
v 0.024524 0.013016 -0.239565
v 0.024996 -0.012799 -0.244111
v 0.025373 -0.038903 -0.247687
v 0.025662 -0.064993 -0.250423
v 0.025877 -0.090745 -0.252455
v 0.026030 -0.115837 -0.253917
v 0.026138 -0.139949 -0.254941
v 0.026213 -0.162757 -0.255662
v 0.026270 -0.183940 -0.256214
v 0.043086 0.147347 -0.182441
v 0.043646 0.128218 -0.195296
v 0.044477 0.107471 -0.206437
v 0.045491 0.085316 -0.215997
v 0.046599 0.061961 -0.224107
v 0.047724 0.037621 -0.230889
v 0.048793 0.012511 -0.236467
v 0.049732 -0.013154 -0.240961
v 0.050483 -0.039142 -0.244496
v 0.051057 -0.065143 -0.247202
v 0.051483 -0.090831 -0.249210
v 0.051789 -0.115882 -0.250655
v 0.052003 -0.139967 -0.251667
v 0.052153 -0.162763 -0.252380
v 0.052266 -0.183941 -0.252925
v 0.063766 0.144439 -0.178787
v 0.064664 0.125754 -0.191261
v 0.065982 0.105438 -0.202064
v 0.067563 0.083681 -0.211342
v 0.069258 0.060681 -0.219233
v 0.070955 0.036647 -0.225852
v 0.072552 0.011797 -0.231310
v 0.073948 -0.013657 -0.235715
v 0.075064 -0.039478 -0.239180
v 0.075917 -0.065354 -0.241833
v 0.076551 -0.090954 -0.243803
v 0.077005 -0.115945 -0.245218
v 0.077323 -0.139994 -0.246211
v 0.077545 -0.162770 -0.246908
v 0.077714 -0.183941 -0.247442
v 0.083410 0.140695 -0.173903
v 0.084717 0.122653 -0.185785
v 0.086607 0.102939 -0.196058
v 0.088827 0.081721 -0.204891
v 0.091148 0.059176 -0.212443
v 0.093428 0.035520 -0.218816
v 0.095546 0.010976 -0.224098
v 0.097385 -0.014233 -0.228375
v 0.098852 -0.039864 -0.231743
v 0.099976 -0.065597 -0.234320
v 0.100809 -0.091095 -0.236233
v 0.101407 -0.116017 -0.237608
v 0.101825 -0.140024 -0.238572
v 0.102117 -0.162779 -0.239249
v 0.102339 -0.183943 -0.239767
v 0.101661 0.136363 -0.167927
v 0.103494 0.119173 -0.178946
v 0.106074 0.100217 -0.188458
v 0.109024 0.079645 -0.196667
v 0.112018 0.057623 -0.203752
v 0.114891 0.034379 -0.209789
v 0.117520 0.010154 -0.214835
v 0.119782 -0.014809 -0.218945
v 0.121585 -0.040250 -0.222184
v 0.122964 -0.065841 -0.224663
v 0.123988 -0.091235 -0.226503
v 0.124722 -0.116089 -0.227825
v 0.125236 -0.140055 -0.228751
v 0.125595 -0.162788 -0.229401
v 0.125868 -0.183944 -0.229898
v 0.118116 0.131913 -0.161012
v 0.120724 0.115798 -0.170735
v 0.124163 0.097684 -0.179211
v 0.127927 0.077759 -0.186640
v 0.131629 0.056237 -0.193148
v 0.135098 0.033373 -0.198771
v 0.138220 0.009435 -0.203525
v 0.140880 -0.015312 -0.207426
v 0.142997 -0.040587 -0.210506
v 0.144616 -0.066053 -0.212863
v 0.145817 -0.091358 -0.214612
v 0.146680 -0.116151 -0.215868
v 0.147283 -0.140081 -0.216748
v 0.147705 -0.162796 -0.217366
v 0.148026 -0.183945 -0.217837
v 0.132425 0.128092 -0.153150
v 0.136163 0.113134 -0.161067
v 0.140672 0.095801 -0.168232
v 0.145322 0.076388 -0.174763
v 0.149747 0.055240 -0.180616
v 0.153802 0.032658 -0.185761
v 0.157391 0.008926 -0.190172
v 0.160419 -0.015667 -0.193824
v 0.162824 -0.040825 -0.196711
v 0.164664 -0.066203 -0.198921
v 0.166029 -0.091445 -0.200561
v 0.167009 -0.116196 -0.201739
v 0.167694 -0.140100 -0.202563
v 0.168175 -0.162802 -0.203142
v 0.168540 -0.183945 -0.203582
v -0.177328 -0.217579 -0.214197
v -0.155745 -0.217579 -0.229195
v -0.132431 -0.217579 -0.241885
v -0.107675 -0.217579 -0.252268
v -0.081766 -0.217579 -0.260344
v -0.054992 -0.217579 -0.266112
v -0.027640 -0.217579 -0.269573
v 0.000000 -0.217579 -0.270727
v 0.027640 -0.217579 -0.269573
v 0.054991 -0.217579 -0.266112
v 0.081766 -0.217579 -0.260344
v 0.107675 -0.217579 -0.252268
v 0.132431 -0.217579 -0.241885
v 0.155745 -0.217579 -0.229195
v 0.177328 -0.217579 -0.214197
v -0.176817 -0.232819 -0.213580
v -0.155296 -0.232819 -0.228534
v -0.132049 -0.232819 -0.241188
v -0.107365 -0.232819 -0.251541
v -0.081530 -0.232819 -0.259593
v -0.054833 -0.232819 -0.265345
v -0.027560 -0.232819 -0.268796
v 0.000000 -0.232819 -0.269946
v 0.027560 -0.232819 -0.268796
v 0.054833 -0.232819 -0.265345
v 0.081530 -0.232819 -0.259593
v 0.107365 -0.232819 -0.251541
v 0.132049 -0.232819 -0.241188
v 0.155296 -0.232819 -0.228534
v 0.176817 -0.232819 -0.213580
v -0.176266 -0.245724 -0.212914
v -0.154812 -0.245724 -0.227822
v -0.131638 -0.245724 -0.240436
v -0.107030 -0.245724 -0.250757
v -0.081276 -0.245724 -0.258784
v -0.054662 -0.245724 -0.264518
v -0.027474 -0.245724 -0.267958
v 0.000000 -0.245724 -0.269105
v 0.027474 -0.245724 -0.267958
v 0.054662 -0.245724 -0.264518
v 0.081276 -0.245724 -0.258784
v 0.107030 -0.245724 -0.250757
v 0.131638 -0.245724 -0.240436
v 0.154812 -0.245724 -0.227822
v 0.176266 -0.245724 -0.212914
v -0.175682 -0.256300 -0.212209
v -0.154300 -0.256300 -0.227068
v -0.131202 -0.256300 -0.239641
v -0.106676 -0.256300 -0.249927
v -0.081007 -0.256300 -0.257928
v -0.054481 -0.256300 -0.263643
v -0.027383 -0.256300 -0.267071
v 0.000000 -0.256300 -0.268214
v 0.027383 -0.256300 -0.267071
v 0.054481 -0.256300 -0.263643
v 0.081007 -0.256300 -0.257928
v 0.106676 -0.256300 -0.249927
v 0.131202 -0.256300 -0.239641
v 0.154300 -0.256300 -0.227068
v 0.175682 -0.256300 -0.212209
v -0.175074 -0.264550 -0.211475
v -0.153765 -0.264550 -0.226282
v -0.130748 -0.264550 -0.238811
v -0.106307 -0.264550 -0.249062
v -0.080727 -0.264550 -0.257035
v -0.054293 -0.264550 -0.262730
v -0.027289 -0.264550 -0.266147
v 0.000000 -0.264550 -0.267286
v 0.027289 -0.264550 -0.266147
v 0.054293 -0.264550 -0.262730
v 0.080727 -0.264550 -0.257035
v 0.106307 -0.264550 -0.249062
v 0.130748 -0.264550 -0.238811
v 0.153765 -0.264550 -0.226282
v 0.175074 -0.264550 -0.211475
v -0.174449 -0.270480 -0.210719
v -0.153216 -0.270480 -0.225473
v -0.130281 -0.270480 -0.237958
v -0.105927 -0.270480 -0.248172
v -0.080438 -0.270480 -0.256117
v -0.054098 -0.270480 -0.261791
v -0.027191 -0.270480 -0.265196
v 0.000000 -0.270480 -0.266331
v 0.027191 -0.270480 -0.265196
v 0.054098 -0.270480 -0.261791
v 0.080438 -0.270480 -0.256117
v 0.105927 -0.270480 -0.248172
v 0.130281 -0.270480 -0.237958
v 0.153216 -0.270480 -0.225473
v 0.174449 -0.270480 -0.210719
v -0.173813 -0.274094 -0.209952
v -0.152658 -0.274094 -0.224652
v -0.129806 -0.274094 -0.237091
v -0.105541 -0.274094 -0.247268
v -0.080145 -0.274094 -0.255184
v -0.053901 -0.274094 -0.260837
v -0.027092 -0.274094 -0.264230
v 0.000000 -0.274094 -0.265361
v 0.027092 -0.274094 -0.264230
v 0.053901 -0.274094 -0.260837
v 0.080145 -0.274094 -0.255184
v 0.105541 -0.274094 -0.247268
v 0.129806 -0.274094 -0.237091
v 0.152658 -0.274094 -0.224652
v 0.173813 -0.274094 -0.209952
v -0.173175 -0.275397 -0.209181
v -0.152098 -0.275397 -0.223828
v -0.129330 -0.275397 -0.236221
v -0.105154 -0.275397 -0.246361
v -0.079851 -0.275397 -0.254247
v -0.053704 -0.275397 -0.259880
v -0.026993 -0.275397 -0.263260
v 0.000000 -0.275397 -0.264387
v 0.026993 -0.275397 -0.263260
v 0.053704 -0.275397 -0.259880
v 0.079851 -0.275397 -0.254247
v 0.105154 -0.275397 -0.246360
v 0.129330 -0.275397 -0.236221
v 0.152098 -0.275397 -0.223828
v 0.173175 -0.275397 -0.209181
v -0.172542 -0.274393 -0.208417
v -0.151542 -0.274393 -0.223009
v -0.128857 -0.274393 -0.235357
v -0.104770 -0.274393 -0.245460
v -0.079559 -0.274393 -0.253318
v -0.053507 -0.274393 -0.258930
v -0.026894 -0.274393 -0.262298
v 0.000000 -0.274393 -0.263421
v 0.026894 -0.274393 -0.262298
v 0.053507 -0.274393 -0.258930
v 0.079559 -0.274393 -0.253318
v 0.104770 -0.274393 -0.245460
v 0.128857 -0.274393 -0.235357
v 0.151542 -0.274393 -0.223009
v 0.172542 -0.274393 -0.208417
v -0.171922 -0.271088 -0.207667
v -0.150997 -0.271088 -0.222208
v -0.128394 -0.271088 -0.234511
v -0.104393 -0.271088 -0.244577
v -0.079273 -0.271088 -0.252407
v -0.053315 -0.271088 -0.257999
v -0.026797 -0.271088 -0.261355
v 0.000000 -0.271088 -0.262473
v 0.026797 -0.271088 -0.261355
v 0.053315 -0.271088 -0.257999
v 0.079273 -0.271088 -0.252407
v 0.104393 -0.271088 -0.244577
v 0.128394 -0.271088 -0.234511
v 0.150997 -0.271088 -0.222208
v 0.171922 -0.271088 -0.207667
v -0.171322 -0.265485 -0.206942
v -0.150469 -0.265485 -0.221431
v -0.127946 -0.265485 -0.233692
v -0.104028 -0.265485 -0.243723
v -0.078996 -0.265485 -0.251525
v -0.053129 -0.265485 -0.257098
v -0.026704 -0.265485 -0.260442
v 0.000000 -0.265485 -0.261557
v 0.026704 -0.265485 -0.260442
v 0.053129 -0.265485 -0.257098
v 0.078996 -0.265485 -0.251525
v 0.104028 -0.265485 -0.243723
v 0.127946 -0.265485 -0.233692
v 0.150469 -0.265485 -0.221431
v 0.171321 -0.265485 -0.206942
v -0.170748 -0.257590 -0.206250
v -0.149966 -0.257590 -0.220691
v -0.127517 -0.257590 -0.232910
v -0.103680 -0.257590 -0.242908
v -0.078732 -0.257590 -0.250684
v -0.052951 -0.257590 -0.256238
v -0.026615 -0.257590 -0.259571
v 0.000000 -0.257590 -0.260682
v 0.026614 -0.257590 -0.259571
v 0.052951 -0.257590 -0.256238
v 0.078732 -0.257590 -0.250684
v 0.103680 -0.257590 -0.242908
v 0.127517 -0.257590 -0.232910
v 0.149966 -0.257590 -0.220691
v 0.170748 -0.257590 -0.206250
v -0.170210 -0.247406 -0.205600
v -0.149494 -0.247406 -0.219995
v -0.127116 -0.247406 -0.232176
v -0.103354 -0.247406 -0.242143
v -0.078484 -0.247406 -0.249894
v -0.052784 -0.247406 -0.255431
v -0.026531 -0.247406 -0.258753
v 0.000000 -0.247406 -0.259860
v 0.026531 -0.247406 -0.258753
v 0.052784 -0.247406 -0.255431
v 0.078484 -0.247406 -0.249894
v 0.103354 -0.247406 -0.242143
v 0.127116 -0.247406 -0.232176
v 0.149494 -0.247406 -0.219995
v 0.170210 -0.247406 -0.205600
v -0.169715 -0.234940 -0.205001
v -0.149058 -0.234940 -0.219355
v -0.126745 -0.234940 -0.231500
v -0.103052 -0.234940 -0.241437
v -0.078256 -0.234940 -0.249166
v -0.052631 -0.234940 -0.254687
v -0.026453 -0.234940 -0.257999
v 0.000000 -0.234940 -0.259103
v 0.026453 -0.234940 -0.257999
v 0.052631 -0.234940 -0.254687
v 0.078256 -0.234940 -0.249166
v 0.103052 -0.234940 -0.241437
v 0.126745 -0.234940 -0.231500
v 0.149058 -0.234940 -0.219355
v 0.169715 -0.234940 -0.205001
v -0.169269 -0.220195 -0.204462
v -0.148667 -0.220195 -0.218778
v -0.126412 -0.220195 -0.230892
v -0.102782 -0.220195 -0.240803
v -0.078050 -0.220195 -0.248512
v -0.052492 -0.220195 -0.254017
v -0.026384 -0.220195 -0.257321
v 0.000000 -0.220195 -0.258423
v 0.026384 -0.220195 -0.257321
v 0.052492 -0.220195 -0.254017
v 0.078050 -0.220195 -0.248512
v 0.102782 -0.220195 -0.240803
v 0.126412 -0.220195 -0.230892
v 0.148667 -0.220195 -0.218778
v 0.169269 -0.220195 -0.204462
v 0.177328 -0.217579 0.214197
v 0.155745 -0.217579 0.229195
v 0.132431 -0.217579 0.241885
v 0.107675 -0.217579 0.252268
v 0.081766 -0.217579 0.260344
v 0.054991 -0.217579 0.266112
v 0.027640 -0.217579 0.269573
v 0.000000 -0.217579 0.270727
v -0.027640 -0.217579 0.269573
v -0.054992 -0.217579 0.266112
v -0.081766 -0.217579 0.260344
v -0.107675 -0.217579 0.252268
v -0.132431 -0.217579 0.241885
v -0.155745 -0.217579 0.229195
v -0.177328 -0.217579 0.214197
v 0.176817 -0.232819 0.213580
v 0.155296 -0.232819 0.228534
v 0.132049 -0.232819 0.241188
v 0.107365 -0.232819 0.251541
v 0.081530 -0.232819 0.259593
v 0.054833 -0.232819 0.265345
v 0.027560 -0.232819 0.268796
v 0.000000 -0.232819 0.269946
v -0.027560 -0.232819 0.268796
v -0.054833 -0.232819 0.265345
v -0.081530 -0.232819 0.259593
v -0.107365 -0.232819 0.251541
v -0.132049 -0.232819 0.241188
v -0.155296 -0.232819 0.228534
v -0.176817 -0.232819 0.213580
v 0.176266 -0.245724 0.212914
v 0.154812 -0.245724 0.227822
v 0.131638 -0.245724 0.240436
v 0.107030 -0.245724 0.250757
v 0.081276 -0.245724 0.258784
v 0.054662 -0.245724 0.264518
v 0.027474 -0.245724 0.267958
v 0.000000 -0.245724 0.269105
v -0.027474 -0.245724 0.267958
v -0.054662 -0.245724 0.264518
v -0.081276 -0.245724 0.258784
v -0.107030 -0.245724 0.250757
v -0.131638 -0.245724 0.240436
v -0.154812 -0.245724 0.227822
v -0.176266 -0.245724 0.212914
v 0.175682 -0.256300 0.212210
v 0.154300 -0.256300 0.227068
v 0.131202 -0.256300 0.239641
v 0.106676 -0.256300 0.249927
v 0.081007 -0.256300 0.257928
v 0.054481 -0.256300 0.263643
v 0.027383 -0.256300 0.267071
v 0.000000 -0.256300 0.268214
v -0.027383 -0.256300 0.267071
v -0.054481 -0.256300 0.263643
v -0.081007 -0.256300 0.257928
v -0.106676 -0.256300 0.249927
v -0.131202 -0.256300 0.239641
v -0.154300 -0.256300 0.227068
v -0.175682 -0.256300 0.212210
v 0.175074 -0.264550 0.211475
v 0.153765 -0.264550 0.226282
v 0.130748 -0.264550 0.238811
v 0.106307 -0.264550 0.249062
v 0.080727 -0.264550 0.257035
v 0.054293 -0.264550 0.262730
v 0.027289 -0.264550 0.266147
v 0.000000 -0.264550 0.267286
v -0.027289 -0.264550 0.266147
v -0.054293 -0.264550 0.262730
v -0.080727 -0.264550 0.257035
v -0.106307 -0.264550 0.249062
v -0.130748 -0.264550 0.238811
v -0.153765 -0.264550 0.226282
v -0.175074 -0.264550 0.211475
v 0.174449 -0.270480 0.210719
v 0.153216 -0.270480 0.225473
v 0.130281 -0.270480 0.237958
v 0.105927 -0.270480 0.248172
v 0.080438 -0.270480 0.256117
v 0.054098 -0.270480 0.261791
v 0.027191 -0.270480 0.265196
v 0.000000 -0.270480 0.266331
v -0.027191 -0.270480 0.265196
v -0.054098 -0.270480 0.261791
v -0.080438 -0.270480 0.256117
v -0.105927 -0.270480 0.248172
v -0.130281 -0.270480 0.237958
v -0.153216 -0.270480 0.225473
v -0.174449 -0.270480 0.210719
v 0.173813 -0.274094 0.209952
v 0.152658 -0.274094 0.224652
v 0.129806 -0.274094 0.237091
v 0.105541 -0.274094 0.247268
v 0.080145 -0.274094 0.255184
v 0.053901 -0.274094 0.260837
v 0.027092 -0.274094 0.264230
v 0.000000 -0.274094 0.265361
v -0.027092 -0.274094 0.264230
v -0.053901 -0.274094 0.260837
v -0.080145 -0.274094 0.255184
v -0.105541 -0.274094 0.247268
v -0.129806 -0.274094 0.237091
v -0.152658 -0.274094 0.224652
v -0.173813 -0.274094 0.209952
v 0.173175 -0.275397 0.209181
v 0.152098 -0.275397 0.223828
v 0.129330 -0.275397 0.236221
v 0.105154 -0.275397 0.246361
v 0.079851 -0.275397 0.254247
v 0.053704 -0.275397 0.259880
v 0.026993 -0.275397 0.263260
v 0.000000 -0.275397 0.264387
v -0.026993 -0.275397 0.263260
v -0.053704 -0.275397 0.259880
v -0.079851 -0.275397 0.254247
v -0.105154 -0.275397 0.246360
v -0.129330 -0.275397 0.236221
v -0.152098 -0.275397 0.223828
v -0.173175 -0.275397 0.209181
v 0.172542 -0.274393 0.208417
v 0.151542 -0.274393 0.223010
v 0.128857 -0.274393 0.235357
v 0.104770 -0.274393 0.245460
v 0.079559 -0.274393 0.253318
v 0.053507 -0.274393 0.258930
v 0.026894 -0.274393 0.262298
v 0.000000 -0.274393 0.263421
v -0.026894 -0.274393 0.262298
v -0.053507 -0.274393 0.258930
v -0.079559 -0.274393 0.253318
v -0.104770 -0.274393 0.245460
v -0.128857 -0.274393 0.235357
v -0.151542 -0.274393 0.223010
v -0.172542 -0.274393 0.208417
v 0.171922 -0.271088 0.207667
v 0.150997 -0.271088 0.222208
v 0.128394 -0.271088 0.234511
v 0.104393 -0.271088 0.244577
v 0.079273 -0.271088 0.252407
v 0.053315 -0.271088 0.257999
v 0.026797 -0.271088 0.261355
v 0.000000 -0.271088 0.262473
v -0.026797 -0.271088 0.261355
v -0.053315 -0.271088 0.257999
v -0.079273 -0.271088 0.252407
v -0.104393 -0.271088 0.244577
v -0.128394 -0.271088 0.234511
v -0.150997 -0.271088 0.222208
v -0.171922 -0.271088 0.207667
v 0.171322 -0.265485 0.206942
v 0.150469 -0.265485 0.221432
v 0.127946 -0.265485 0.233692
v 0.104028 -0.265485 0.243723
v 0.078996 -0.265485 0.251525
v 0.053129 -0.265485 0.257098
v 0.026704 -0.265485 0.260442
v 0.000000 -0.265485 0.261557
v -0.026704 -0.265485 0.260442
v -0.053129 -0.265485 0.257098
v -0.078996 -0.265485 0.251525
v -0.104028 -0.265485 0.243723
v -0.127946 -0.265485 0.233692
v -0.150469 -0.265485 0.221432
v -0.171322 -0.265485 0.206942
v 0.170748 -0.257590 0.206250
v 0.149966 -0.257590 0.220691
v 0.127517 -0.257590 0.232910
v 0.103680 -0.257590 0.242908
v 0.078732 -0.257590 0.250684
v 0.052951 -0.257590 0.256238
v 0.026614 -0.257590 0.259571
v 0.000000 -0.257590 0.260682
v -0.026615 -0.257590 0.259571
v -0.052951 -0.257590 0.256238
v -0.078732 -0.257590 0.250684
v -0.103680 -0.257590 0.242908
v -0.127517 -0.257590 0.232910
v -0.149966 -0.257590 0.220691
v -0.170748 -0.257590 0.206250
v 0.170210 -0.247406 0.205600
v 0.149494 -0.247406 0.219995
v 0.127116 -0.247406 0.232176
v 0.103354 -0.247406 0.242143
v 0.078484 -0.247406 0.249894
v 0.052784 -0.247406 0.255431
v 0.026531 -0.247406 0.258753
v 0.000000 -0.247406 0.259860
v -0.026531 -0.247406 0.258753
v -0.052784 -0.247406 0.255431
v -0.078484 -0.247406 0.249894
v -0.103354 -0.247406 0.242143
v -0.127116 -0.247406 0.232176
v -0.149494 -0.247406 0.219995
v -0.170210 -0.247406 0.205600
v 0.169715 -0.234940 0.205001
v 0.149058 -0.234940 0.219355
v 0.126745 -0.234940 0.231500
v 0.103052 -0.234940 0.241437
v 0.078256 -0.234940 0.249166
v 0.052631 -0.234940 0.254687
v 0.026453 -0.234940 0.257999
v 0.000000 -0.234940 0.259103
v -0.026453 -0.234940 0.257999
v -0.052631 -0.234940 0.254687
v -0.078256 -0.234940 0.249166
v -0.103052 -0.234940 0.241437
v -0.126745 -0.234940 0.231500
v -0.149058 -0.234940 0.219355
v -0.169715 -0.234940 0.205001
v 0.169269 -0.220195 0.204462
v 0.148667 -0.220195 0.218778
v 0.126412 -0.220195 0.230892
v 0.102782 -0.220195 0.240803
v 0.078050 -0.220195 0.248512
v 0.052492 -0.220195 0.254018
v 0.026384 -0.220195 0.257321
v 0.000000 -0.220195 0.258423
v -0.026384 -0.220195 0.257321
v -0.052492 -0.220195 0.254018
v -0.078050 -0.220195 0.248512
v -0.102782 -0.220195 0.240803
v -0.126412 -0.220195 0.230892
v -0.148667 -0.220195 0.218778
v -0.169269 -0.220195 0.204462
v 0.214197 -0.217579 -0.177328
v 0.229195 -0.217579 -0.155745
v 0.241885 -0.217579 -0.132431
v 0.252268 -0.217579 -0.107675
v 0.260344 -0.217579 -0.081766
v 0.266112 -0.217579 -0.054991
v 0.269573 -0.217579 -0.027640
v 0.270727 -0.217579 0.000000
v 0.269573 -0.217579 0.027640
v 0.266112 -0.217579 0.054992
v 0.260344 -0.217579 0.081766
v 0.252268 -0.217579 0.107675
v 0.241885 -0.217579 0.132431
v 0.229195 -0.217579 0.155745
v 0.214197 -0.217579 0.177328
v 0.213580 -0.232819 -0.176817
v 0.228534 -0.232819 -0.155296
v 0.241188 -0.232819 -0.132049
v 0.251541 -0.232819 -0.107365
v 0.259593 -0.232819 -0.081530
v 0.265345 -0.232819 -0.054833
v 0.268796 -0.232819 -0.027560
v 0.269946 -0.232819 0.000000
v 0.268796 -0.232819 0.027560
v 0.265345 -0.232819 0.054833
v 0.259593 -0.232819 0.081530
v 0.251541 -0.232819 0.107365
v 0.241188 -0.232819 0.132049
v 0.228534 -0.232819 0.155296
v 0.213580 -0.232819 0.176817
v 0.212914 -0.245724 -0.176266
v 0.227822 -0.245724 -0.154812
v 0.240436 -0.245724 -0.131638
v 0.250757 -0.245724 -0.107030
v 0.258784 -0.245724 -0.081276
v 0.264518 -0.245724 -0.054662
v 0.267958 -0.245724 -0.027474
v 0.269105 -0.245724 0.000000
v 0.267958 -0.245724 0.027474
v 0.264518 -0.245724 0.054662
v 0.258784 -0.245724 0.081276
v 0.250757 -0.245724 0.107030
v 0.240436 -0.245724 0.131638
v 0.227822 -0.245724 0.154812
v 0.212914 -0.245724 0.176266
v 0.212210 -0.256300 -0.175682
v 0.227068 -0.256300 -0.154300
v 0.239641 -0.256300 -0.131202
v 0.249927 -0.256300 -0.106676
v 0.257928 -0.256300 -0.081007
v 0.263643 -0.256300 -0.054481
v 0.267071 -0.256300 -0.027383
v 0.268214 -0.256300 0.000000
v 0.267071 -0.256300 0.027383
v 0.263643 -0.256300 0.054481
v 0.257928 -0.256300 0.081007
v 0.249927 -0.256300 0.106676
v 0.239641 -0.256300 0.131202
v 0.227068 -0.256300 0.154300
v 0.212210 -0.256300 0.175682
v 0.211475 -0.264550 -0.175074
v 0.226282 -0.264550 -0.153765
v 0.238811 -0.264550 -0.130748
v 0.249062 -0.264550 -0.106307
v 0.257035 -0.264550 -0.080727
v 0.262730 -0.264550 -0.054292
v 0.266147 -0.264550 -0.027289
v 0.267286 -0.264550 0.000000
v 0.266147 -0.264550 0.027289
v 0.262730 -0.264550 0.054293
v 0.257035 -0.264550 0.080727
v 0.249062 -0.264550 0.106307
v 0.238811 -0.264550 0.130748
v 0.226282 -0.264550 0.153765
v 0.211475 -0.264550 0.175074
v 0.210719 -0.270480 -0.174448
v 0.225473 -0.270480 -0.153216
v 0.237958 -0.270480 -0.130281
v 0.248172 -0.270480 -0.105927
v 0.256117 -0.270480 -0.080438
v 0.261791 -0.270480 -0.054098
v 0.265196 -0.270480 -0.027191
v 0.266331 -0.270480 0.000000
v 0.265196 -0.270480 0.027191
v 0.261791 -0.270480 0.054098
v 0.256117 -0.270480 0.080438
v 0.248172 -0.270480 0.105927
v 0.237958 -0.270480 0.130281
v 0.225473 -0.270480 0.153216
v 0.210719 -0.270480 0.174449
v 0.209952 -0.274094 -0.173813
v 0.224652 -0.274094 -0.152658
v 0.237091 -0.274094 -0.129806
v 0.247268 -0.274094 -0.105541
v 0.255184 -0.274094 -0.080145
v 0.260837 -0.274094 -0.053901
v 0.264230 -0.274094 -0.027092
v 0.265361 -0.274094 0.000000
v 0.264230 -0.274094 0.027092
v 0.260837 -0.274094 0.053901
v 0.255184 -0.274094 0.080145
v 0.247268 -0.274094 0.105541
v 0.237091 -0.274094 0.129806
v 0.224652 -0.274094 0.152658
v 0.209952 -0.274094 0.173813
v 0.209181 -0.275397 -0.173175
v 0.223828 -0.275397 -0.152098
v 0.236221 -0.275397 -0.129330
v 0.246360 -0.275397 -0.105154
v 0.254247 -0.275397 -0.079851
v 0.259880 -0.275397 -0.053704
v 0.263260 -0.275397 -0.026992
v 0.264387 -0.275397 0.000000
v 0.263260 -0.275397 0.026993
v 0.259880 -0.275397 0.053704
v 0.254247 -0.275397 0.079851
v 0.246360 -0.275397 0.105154
v 0.236221 -0.275397 0.129330
v 0.223827 -0.275397 0.152098
v 0.209181 -0.275397 0.173175
v 0.208417 -0.274393 -0.172542
v 0.223010 -0.274393 -0.151542
v 0.235357 -0.274393 -0.128857
v 0.245460 -0.274393 -0.104770
v 0.253318 -0.274393 -0.079559
v 0.258930 -0.274393 -0.053507
v 0.262298 -0.274393 -0.026894
v 0.263420 -0.274393 0.000000
v 0.262298 -0.274393 0.026894
v 0.258930 -0.274393 0.053507
v 0.253318 -0.274393 0.079559
v 0.245460 -0.274393 0.104770
v 0.235357 -0.274393 0.128857
v 0.223010 -0.274393 0.151542
v 0.208417 -0.274393 0.172542
v 0.207667 -0.271088 -0.171922
v 0.222208 -0.271088 -0.150997
v 0.234511 -0.271088 -0.128394
v 0.244577 -0.271088 -0.104393
v 0.252407 -0.271088 -0.079273
v 0.257999 -0.271088 -0.053315
v 0.261355 -0.271088 -0.026797
v 0.262473 -0.271088 0.000000
v 0.261355 -0.271088 0.026797
v 0.257999 -0.271088 0.053315
v 0.252407 -0.271088 0.079273
v 0.244577 -0.271088 0.104393
v 0.234511 -0.271088 0.128394
v 0.222208 -0.271088 0.150997
v 0.207667 -0.271088 0.171922
v 0.206942 -0.265485 -0.171322
v 0.221432 -0.265485 -0.150469
v 0.233692 -0.265485 -0.127945
v 0.243723 -0.265485 -0.104028
v 0.251525 -0.265485 -0.078996
v 0.257098 -0.265485 -0.053129
v 0.260442 -0.265485 -0.026704
v 0.261557 -0.265485 0.000000
v 0.260442 -0.265485 0.026704
v 0.257098 -0.265485 0.053129
v 0.251525 -0.265485 0.078996
v 0.243723 -0.265485 0.104028
v 0.233692 -0.265485 0.127946
v 0.221432 -0.265485 0.150470
v 0.206942 -0.265485 0.171322
v 0.206250 -0.257590 -0.170748
v 0.220691 -0.257590 -0.149966
v 0.232910 -0.257590 -0.127517
v 0.242908 -0.257590 -0.103680
v 0.250684 -0.257590 -0.078732
v 0.256238 -0.257590 -0.052951
v 0.259571 -0.257590 -0.026614
v 0.260682 -0.257590 0.000000
v 0.259571 -0.257590 0.026615
v 0.256238 -0.257590 0.052951
v 0.250684 -0.257590 0.078732
v 0.242908 -0.257590 0.103680
v 0.232910 -0.257590 0.127517
v 0.220691 -0.257590 0.149966
v 0.206250 -0.257590 0.170748
v 0.205600 -0.247406 -0.170210
v 0.219995 -0.247406 -0.149493
v 0.232176 -0.247406 -0.127116
v 0.242142 -0.247406 -0.103354
v 0.249894 -0.247406 -0.078484
v 0.255431 -0.247406 -0.052784
v 0.258753 -0.247406 -0.026530
v 0.259860 -0.247406 0.000000
v 0.258753 -0.247406 0.026531
v 0.255431 -0.247406 0.052784
v 0.249894 -0.247406 0.078484
v 0.242143 -0.247406 0.103354
v 0.232176 -0.247406 0.127116
v 0.219995 -0.247406 0.149494
v 0.205600 -0.247406 0.170210
v 0.205001 -0.234940 -0.169714
v 0.219355 -0.234940 -0.149058
v 0.231500 -0.234940 -0.126745
v 0.241437 -0.234940 -0.103052
v 0.249166 -0.234940 -0.078256
v 0.254687 -0.234940 -0.052630
v 0.257999 -0.234940 -0.026453
v 0.259103 -0.234940 0.000000
v 0.257999 -0.234940 0.026453
v 0.254687 -0.234940 0.052631
v 0.249166 -0.234940 0.078256
v 0.241437 -0.234940 0.103052
v 0.231500 -0.234940 0.126745
v 0.219355 -0.234940 0.149058
v 0.205001 -0.234940 0.169715
v 0.204462 -0.220195 -0.169269
v 0.218778 -0.220195 -0.148667
v 0.230892 -0.220195 -0.126412
v 0.240803 -0.220195 -0.102782
v 0.248511 -0.220195 -0.078050
v 0.254018 -0.220195 -0.052492
v 0.257321 -0.220195 -0.026384
v 0.258423 -0.220195 0.000000
v 0.257321 -0.220195 0.026384
v 0.254018 -0.220195 0.052492
v 0.248511 -0.220195 0.078050
v 0.240803 -0.220195 0.102782
v 0.230892 -0.220195 0.126412
v 0.218778 -0.220195 0.148667
v 0.204462 -0.220195 0.169269
v -0.214197 -0.217579 0.177328
v -0.229195 -0.217579 0.155745
v -0.241885 -0.217579 0.132431
v -0.252268 -0.217579 0.107675
v -0.260344 -0.217579 0.081766
v -0.266112 -0.217579 0.054992
v -0.269573 -0.217579 0.027640
v -0.270727 -0.217579 0.000000
v -0.269573 -0.217579 -0.027640
v -0.266112 -0.217579 -0.054991
v -0.260344 -0.217579 -0.081766
v -0.252268 -0.217579 -0.107675
v -0.241885 -0.217579 -0.132431
v -0.229195 -0.217579 -0.155745
v -0.214197 -0.217579 -0.177328
v -0.213580 -0.232819 0.176817
v -0.228534 -0.232819 0.155296
v -0.241188 -0.232819 0.132049
v -0.251541 -0.232819 0.107365
v -0.259593 -0.232819 0.081530
v -0.265345 -0.232819 0.054833
v -0.268796 -0.232819 0.027560
v -0.269946 -0.232819 0.000000
v -0.268796 -0.232819 -0.027560
v -0.265345 -0.232819 -0.054833
v -0.259593 -0.232819 -0.081530
v -0.251541 -0.232819 -0.107365
v -0.241188 -0.232819 -0.132049
v -0.228534 -0.232819 -0.155296
v -0.213580 -0.232819 -0.176817
v -0.212914 -0.245724 0.176266
v -0.227822 -0.245724 0.154812
v -0.240436 -0.245724 0.131638
v -0.250757 -0.245724 0.107030
v -0.258784 -0.245724 0.081276
v -0.264518 -0.245724 0.054662
v -0.267958 -0.245724 0.027474
v -0.269105 -0.245724 0.000000
v -0.267958 -0.245724 -0.027474
v -0.264518 -0.245724 -0.054662
v -0.258784 -0.245724 -0.081276
v -0.250757 -0.245724 -0.107030
v -0.240436 -0.245724 -0.131638
v -0.227822 -0.245724 -0.154812
v -0.212914 -0.245724 -0.176266
v -0.212210 -0.256300 0.175682
v -0.227068 -0.256300 0.154300
v -0.239641 -0.256300 0.131202
v -0.249927 -0.256300 0.106676
v -0.257928 -0.256300 0.081007
v -0.263643 -0.256300 0.054481
v -0.267071 -0.256300 0.027383
v -0.268214 -0.256300 0.000000
v -0.267071 -0.256300 -0.027383
v -0.263643 -0.256300 -0.054481
v -0.257928 -0.256300 -0.081007
v -0.249927 -0.256300 -0.106676
v -0.239641 -0.256300 -0.131202
v -0.227068 -0.256300 -0.154300
v -0.212210 -0.256300 -0.175682
v -0.211475 -0.264550 0.175074
v -0.226282 -0.264550 0.153765
v -0.238811 -0.264550 0.130748
v -0.249062 -0.264550 0.106307
v -0.257035 -0.264550 0.080727
v -0.262730 -0.264550 0.054293
v -0.266147 -0.264550 0.027289
v -0.267286 -0.264550 0.000000
v -0.266147 -0.264550 -0.027289
v -0.262730 -0.264550 -0.054292
v -0.257035 -0.264550 -0.080727
v -0.249062 -0.264550 -0.106307
v -0.238811 -0.264550 -0.130748
v -0.226282 -0.264550 -0.153765
v -0.211475 -0.264550 -0.175074
v -0.210719 -0.270480 0.174449
v -0.225473 -0.270480 0.153216
v -0.237958 -0.270480 0.130281
v -0.248172 -0.270480 0.105927
v -0.256117 -0.270480 0.080438
v -0.261791 -0.270480 0.054098
v -0.265196 -0.270480 0.027191
v -0.266331 -0.270480 0.000000
v -0.265196 -0.270480 -0.027191
v -0.261791 -0.270480 -0.054098
v -0.256117 -0.270480 -0.080438
v -0.248172 -0.270480 -0.105927
v -0.237958 -0.270480 -0.130281
v -0.225473 -0.270480 -0.153216
v -0.210719 -0.270480 -0.174448
v -0.209952 -0.274094 0.173813
v -0.224652 -0.274094 0.152658
v -0.237091 -0.274094 0.129806
v -0.247268 -0.274094 0.105541
v -0.255184 -0.274094 0.080145
v -0.260837 -0.274094 0.053901
v -0.264230 -0.274094 0.027092
v -0.265361 -0.274094 0.000000
v -0.264230 -0.274094 -0.027092
v -0.260837 -0.274094 -0.053901
v -0.255184 -0.274094 -0.080145
v -0.247268 -0.274094 -0.105541
v -0.237091 -0.274094 -0.129806
v -0.224652 -0.274094 -0.152658
v -0.209952 -0.274094 -0.173813
v -0.209181 -0.275397 0.173175
v -0.223828 -0.275397 0.152098
v -0.236221 -0.275397 0.129330
v -0.246361 -0.275397 0.105154
v -0.254247 -0.275397 0.079851
v -0.259880 -0.275397 0.053704
v -0.263260 -0.275397 0.026993
v -0.264387 -0.275397 0.000000
v -0.263260 -0.275397 -0.026992
v -0.259880 -0.275397 -0.053704
v -0.254247 -0.275397 -0.079851
v -0.246360 -0.275397 -0.105154
v -0.236221 -0.275397 -0.129330
v -0.223828 -0.275397 -0.152098
v -0.209181 -0.275397 -0.173175
v -0.208417 -0.274393 0.172542
v -0.223010 -0.274393 0.151542
v -0.235357 -0.274393 0.128857
v -0.245460 -0.274393 0.104770
v -0.253318 -0.274393 0.079559
v -0.258930 -0.274393 0.053507
v -0.262298 -0.274393 0.026894
v -0.263421 -0.274393 0.000000
v -0.262298 -0.274393 -0.026894
v -0.258930 -0.274393 -0.053507
v -0.253318 -0.274393 -0.079559
v -0.245460 -0.274393 -0.104770
v -0.235357 -0.274393 -0.128857
v -0.223010 -0.274393 -0.151542
v -0.208417 -0.274393 -0.172542
v -0.207667 -0.271088 0.171922
v -0.222208 -0.271088 0.150997
v -0.234511 -0.271088 0.128394
v -0.244577 -0.271088 0.104393
v -0.252407 -0.271088 0.079273
v -0.257999 -0.271088 0.053315
v -0.261355 -0.271088 0.026797
v -0.262473 -0.271088 0.000000
v -0.261355 -0.271088 -0.026797
v -0.257999 -0.271088 -0.053315
v -0.252407 -0.271088 -0.079273
v -0.244577 -0.271088 -0.104393
v -0.234511 -0.271088 -0.128394
v -0.222208 -0.271088 -0.150997
v -0.207667 -0.271088 -0.171922
v -0.206942 -0.265485 0.171322
v -0.221432 -0.265485 0.150470
v -0.233692 -0.265485 0.127946
v -0.243723 -0.265485 0.104028
v -0.251525 -0.265485 0.078996
v -0.257098 -0.265485 0.053129
v -0.260442 -0.265485 0.026704
v -0.261557 -0.265485 0.000000
v -0.260442 -0.265485 -0.026704
v -0.257098 -0.265485 -0.053129
v -0.251525 -0.265485 -0.078996
v -0.243723 -0.265485 -0.104028
v -0.233692 -0.265485 -0.127945
v -0.221432 -0.265485 -0.150469
v -0.206942 -0.265485 -0.171322
v -0.206250 -0.257590 0.170748
v -0.220691 -0.257590 0.149966
v -0.232910 -0.257590 0.127517
v -0.242908 -0.257590 0.103680
v -0.250684 -0.257590 0.078732
v -0.256238 -0.257590 0.052951
v -0.259571 -0.257590 0.026615
v -0.260682 -0.257590 0.000000
v -0.259571 -0.257590 -0.026614
v -0.256238 -0.257590 -0.052951
v -0.250684 -0.257590 -0.078732
v -0.242908 -0.257590 -0.103680
v -0.232910 -0.257590 -0.127517
v -0.220691 -0.257590 -0.149966
v -0.206250 -0.257590 -0.170748
v -0.205600 -0.247406 0.170210
v -0.219995 -0.247406 0.149493
v -0.232176 -0.247406 0.127116
v -0.242143 -0.247406 0.103354
v -0.249894 -0.247406 0.078484
v -0.255431 -0.247406 0.052784
v -0.258753 -0.247406 0.026531
v -0.259860 -0.247406 0.000000
v -0.258753 -0.247406 -0.026530
v -0.255431 -0.247406 -0.052784
v -0.249894 -0.247406 -0.078484
v -0.242143 -0.247406 -0.103354
v -0.232176 -0.247406 -0.127116
v -0.219995 -0.247406 -0.149494
v -0.205600 -0.247406 -0.170210
v -0.205001 -0.234940 0.169715
v -0.219355 -0.234940 0.149058
v -0.231500 -0.234940 0.126745
v -0.241437 -0.234940 0.103052
v -0.249166 -0.234940 0.078256
v -0.254687 -0.234940 0.052631
v -0.257999 -0.234940 0.026453
v -0.259103 -0.234940 0.000000
v -0.257999 -0.234940 -0.026453
v -0.254687 -0.234940 -0.052630
v -0.249166 -0.234940 -0.078256
v -0.241437 -0.234940 -0.103052
v -0.231500 -0.234940 -0.126745
v -0.219355 -0.234940 -0.149058
v -0.205001 -0.234940 -0.169714
v -0.204462 -0.220195 0.169269
v -0.218778 -0.220195 0.148667
v -0.230892 -0.220195 0.126412
v -0.240803 -0.220195 0.102782
v -0.248512 -0.220195 0.078050
v -0.254018 -0.220195 0.052492
v -0.257321 -0.220195 0.026384
v -0.258423 -0.220195 0.000000
v -0.257321 -0.220195 -0.026384
v -0.254018 -0.220195 -0.052492
v -0.248512 -0.220195 -0.078050
v -0.240803 -0.220195 -0.102782
v -0.230892 -0.220195 -0.126412
v -0.218778 -0.220195 -0.148667
v -0.204462 -0.220195 -0.169269
vn 0.8209 -0.0247 -0.5705
vn 0.8211 -0.0182 -0.5705
vn 0.8212 -0.0017 -0.5707
vn 0.8212 -0.0017 -0.5706
vn 0.8210 0.0183 -0.5706
vn 0.8203 0.0422 -0.5703
vn 0.8204 0.0423 -0.5703
vn 0.8188 0.0705 -0.5697
vn 0.8189 0.0706 -0.5696
vn 0.8161 0.1039 -0.5685
vn 0.8162 0.1042 -0.5683
vn 0.8114 0.1436 -0.5666
vn 0.8116 0.1441 -0.5662
vn 0.8040 0.1894 -0.5637
vn 0.8043 0.1900 -0.5631
vn 0.7940 0.2370 -0.5598
vn 0.7943 0.2377 -0.5591
vn 0.7814 0.2863 -0.5545
vn 0.7816 0.2868 -0.5539
vn 0.7653 0.3389 -0.5473
vn 0.7654 0.3393 -0.5469
vn 0.7445 0.3956 -0.5378
vn 0.7187 0.4547 -0.5260
vn 0.7186 0.4537 -0.5270
vn 0.6863 0.5166 -0.5119
vn 0.6863 0.5142 -0.5144
vn 0.8780 -0.0246 -0.4779
vn 0.8782 -0.0181 -0.4780
vn 0.8783 -0.0018 -0.4781
vn 0.8783 -0.0017 -0.4781
vn 0.8781 0.0181 -0.4781
vn 0.8774 0.0418 -0.4780
vn 0.8774 0.0419 -0.4779
vn 0.8758 0.0697 -0.4776
vn 0.8759 0.0699 -0.4774
vn 0.8729 0.1027 -0.4770
vn 0.8730 0.1031 -0.4767
vn 0.8679 0.1418 -0.4761
vn 0.8681 0.1424 -0.4755
vn 0.8600 0.1870 -0.4747
vn 0.8601 0.1870 -0.4747
vn 0.8604 0.1879 -0.4738
vn 0.8493 0.2348 -0.4728
vn 0.8493 0.2348 -0.4727
vn 0.8496 0.2358 -0.4718
vn 0.8354 0.2853 -0.4697
vn 0.8356 0.2861 -0.4689
vn 0.8175 0.3398 -0.4651
vn 0.8175 0.3402 -0.4647
vn 0.7938 0.3992 -0.4588
vn 0.7630 0.4633 -0.4508
vn 0.7630 0.4626 -0.4516
vn 0.7223 0.5318 -0.4422
vn 0.7223 0.5317 -0.4422
vn 0.7224 0.5306 -0.4434
vn 0.9219 -0.0244 -0.3867
vn 0.9220 -0.0180 -0.3867
vn 0.9222 -0.0018 -0.3868
vn 0.9220 0.0179 -0.3868
vn 0.9212 0.0413 -0.3868
vn 0.9213 0.0414 -0.3867
vn 0.9196 0.0688 -0.3867
vn 0.9197 0.0691 -0.3865
vn 0.9167 0.1013 -0.3865
vn 0.9168 0.1018 -0.3861
vn 0.9117 0.1396 -0.3863
vn 0.9117 0.1397 -0.3863
vn 0.9119 0.1404 -0.3856
vn 0.9039 0.1841 -0.3861
vn 0.9041 0.1851 -0.3851
vn 0.8929 0.2322 -0.3857
vn 0.8929 0.2323 -0.3857
vn 0.8931 0.2333 -0.3846
vn 0.8783 0.2842 -0.3846
vn 0.8783 0.2842 -0.3845
vn 0.8784 0.2851 -0.3836
vn 0.8589 0.3409 -0.3822
vn 0.8589 0.3409 -0.3821
vn 0.8589 0.3414 -0.3816
vn 0.8330 0.4034 -0.3785
vn 0.8330 0.4035 -0.3784
vn 0.7983 0.4719 -0.3742
vn 0.7983 0.4717 -0.3743
vn 0.7522 0.5453 -0.3701
vn 0.7522 0.5452 -0.3701
vn 0.7522 0.5450 -0.3703
vn 0.9544 -0.0243 -0.2975
vn 0.9545 -0.0180 -0.2975
vn 0.9547 -0.0019 -0.2976
vn 0.9545 0.0176 -0.2976
vn 0.9545 0.0176 -0.2977
vn 0.9545 0.0177 -0.2976
vn 0.9538 0.0408 -0.2977
vn 0.9538 0.0409 -0.2976
vn 0.9522 0.0680 -0.2977
vn 0.9523 0.0682 -0.2975
vn 0.9494 0.0999 -0.2978
vn 0.9495 0.1003 -0.2974
vn 0.9446 0.1375 -0.2981
vn 0.9447 0.1382 -0.2974
vn 0.9370 0.1811 -0.2987
vn 0.9370 0.1812 -0.2987
vn 0.9371 0.1822 -0.2976
vn 0.9261 0.2295 -0.2994
vn 0.9261 0.2295 -0.2993
vn 0.9262 0.2307 -0.2981
vn 0.9112 0.2828 -0.2997
vn 0.9112 0.2829 -0.2996
vn 0.9112 0.2839 -0.2986
vn 0.8909 0.3418 -0.2992
vn 0.8909 0.3419 -0.2992
vn 0.8908 0.3426 -0.2985
vn 0.8634 0.4072 -0.2978
vn 0.8634 0.4073 -0.2978
vn 0.8634 0.4076 -0.2975
vn 0.8263 0.4792 -0.2960
vn 0.8262 0.4794 -0.2958
vn 0.7769 0.5566 -0.2943
vn 0.7769 0.5567 -0.2942
vn 0.9773 -0.0242 -0.2105
vn 0.9774 -0.0179 -0.2106
vn 0.9776 -0.0019 -0.2106
vn 0.9774 0.0174 -0.2107
vn 0.9774 0.0175 -0.2106
vn 0.9767 0.0403 -0.2107
vn 0.9767 0.0404 -0.2106
vn 0.9752 0.0672 -0.2109
vn 0.9752 0.0674 -0.2107
vn 0.9725 0.0987 -0.2111
vn 0.9725 0.0990 -0.2107
vn 0.9679 0.1355 -0.2116
vn 0.9679 0.1356 -0.2116
vn 0.9680 0.1361 -0.2110
vn 0.9607 0.1785 -0.2125
vn 0.9608 0.1794 -0.2116
vn 0.9502 0.2270 -0.2137
vn 0.9502 0.2280 -0.2126
vn 0.9352 0.2813 -0.2149
vn 0.9352 0.2814 -0.2149
vn 0.9352 0.2824 -0.2138
vn 0.9145 0.3422 -0.2158
vn 0.9145 0.3423 -0.2158
vn 0.9144 0.3431 -0.2149
vn 0.8861 0.4101 -0.2162
vn 0.8860 0.4101 -0.2162
vn 0.8859 0.4107 -0.2156
vn 0.8474 0.4849 -0.2163
vn 0.8473 0.4853 -0.2158
vn 0.7960 0.5654 -0.2163
vn 0.7959 0.5654 -0.2163
vn 0.7958 0.5657 -0.2160
vn 0.9918 -0.0242 -0.1255
vn 0.9919 -0.0179 -0.1255
vn 0.9921 -0.0019 -0.1256
vn 0.9921 -0.0020 -0.1256
vn 0.9921 -0.0019 -0.1255
vn 0.9919 0.0173 -0.1256
vn 0.9913 0.0400 -0.1257
vn 0.9913 0.0401 -0.1256
vn 0.9898 0.0666 -0.1258
vn 0.9898 0.0668 -0.1256
vn 0.9872 0.0977 -0.1260
vn 0.9872 0.0980 -0.1258
vn 0.9829 0.1341 -0.1265
vn 0.9829 0.1345 -0.1261
vn 0.9760 0.1765 -0.1273
vn 0.9760 0.1771 -0.1266
vn 0.9659 0.2249 -0.1285
vn 0.9659 0.2250 -0.1284
vn 0.9658 0.2257 -0.1276
vn 0.9512 0.2799 -0.1298
vn 0.9511 0.2807 -0.1289
vn 0.9305 0.3421 -0.1312
vn 0.9303 0.3428 -0.1304
vn 0.9017 0.4117 -0.1325
vn 0.9016 0.4117 -0.1324
vn 0.9015 0.4123 -0.1318
vn 0.8622 0.4886 -0.1336
vn 0.8622 0.4886 -0.1335
vn 0.8620 0.4891 -0.1330
vn 0.8095 0.5715 -0.1345
vn 0.8095 0.5716 -0.1345
vn 0.8093 0.5719 -0.1341
vn 0.9988 -0.0241 -0.0417
vn 0.9990 -0.0178 -0.0417
vn 0.9991 -0.0020 -0.0417
vn 0.9990 0.0172 -0.0417
vn 0.9983 0.0398 -0.0418
vn 0.9983 0.0398 -0.0417
vn 0.9969 0.0663 -0.0418
vn 0.9969 0.0664 -0.0418
vn 0.9944 0.0972 -0.0419
vn 0.9944 0.0973 -0.0418
vn 0.9902 0.1333 -0.0421
vn 0.9902 0.1335 -0.0419
vn 0.9836 0.1754 -0.0425
vn 0.9836 0.1756 -0.0422
vn 0.9737 0.2237 -0.0430
vn 0.9737 0.2238 -0.0430
vn 0.9736 0.2241 -0.0427
vn 0.9593 0.2790 -0.0436
vn 0.9592 0.2793 -0.0433
vn 0.9387 0.3417 -0.0444
vn 0.9387 0.3418 -0.0444
vn 0.9386 0.3421 -0.0440
vn 0.9099 0.4123 -0.0452
vn 0.9098 0.4126 -0.0448
vn 0.8703 0.4904 -0.0459
vn 0.8701 0.4907 -0.0456
vn 0.8170 0.5748 -0.0466
vn 0.8169 0.5750 -0.0463
vn 0.9990 -0.0178 0.0417
vn 0.9988 -0.0241 0.0417
vn 0.9991 -0.0020 0.0417
vn 0.9990 0.0172 0.0417
vn 0.9983 0.0398 0.0418
vn 0.9983 0.0398 0.0417
vn 0.9969 0.0663 0.0418
vn 0.9969 0.0664 0.0418
vn 0.9944 0.0972 0.0419
vn 0.9944 0.0973 0.0418
vn 0.9902 0.1333 0.0421
vn 0.9902 0.1335 0.0419
vn 0.9836 0.1754 0.0425
vn 0.9836 0.1756 0.0422
vn 0.9737 0.2238 0.0430
vn 0.9737 0.2237 0.0430
vn 0.9736 0.2241 0.0427
vn 0.9593 0.2790 0.0436
vn 0.9592 0.2793 0.0433
vn 0.9387 0.3418 0.0444
vn 0.9387 0.3417 0.0444
vn 0.9386 0.3421 0.0440
vn 0.9099 0.4123 0.0452
vn 0.9098 0.4126 0.0448
vn 0.8703 0.4904 0.0459
vn 0.8701 0.4907 0.0456
vn 0.8170 0.5748 0.0466
vn 0.8169 0.5750 0.0463
vn 0.9919 -0.0179 0.1255
vn 0.9918 -0.0242 0.1255
vn 0.9921 -0.0020 0.1256
vn 0.9921 -0.0019 0.1256
vn 0.9921 -0.0019 0.1255
vn 0.9919 0.0173 0.1256
vn 0.9913 0.0400 0.1257
vn 0.9913 0.0401 0.1256
vn 0.9898 0.0666 0.1258
vn 0.9898 0.0668 0.1256
vn 0.9872 0.0977 0.1260
vn 0.9872 0.0980 0.1258
vn 0.9829 0.1341 0.1265
vn 0.9829 0.1345 0.1261
vn 0.9760 0.1765 0.1273
vn 0.9760 0.1771 0.1266
vn 0.9659 0.2250 0.1284
vn 0.9659 0.2249 0.1285
vn 0.9658 0.2257 0.1276
vn 0.9512 0.2799 0.1298
vn 0.9511 0.2807 0.1289
vn 0.9305 0.3421 0.1312
vn 0.9303 0.3428 0.1304
vn 0.9016 0.4117 0.1324
vn 0.9017 0.4117 0.1325
vn 0.9015 0.4123 0.1318
vn 0.8622 0.4886 0.1336
vn 0.8620 0.4891 0.1330
vn 0.8095 0.5716 0.1345
vn 0.8095 0.5715 0.1345
vn 0.8093 0.5719 0.1341
vn 0.9774 -0.0179 0.2106
vn 0.9773 -0.0242 0.2105
vn 0.9776 -0.0019 0.2106
vn 0.9774 0.0174 0.2107
vn 0.9774 0.0175 0.2106
vn 0.9767 0.0403 0.2107
vn 0.9767 0.0404 0.2106
vn 0.9752 0.0672 0.2109
vn 0.9752 0.0674 0.2107
vn 0.9725 0.0987 0.2111
vn 0.9725 0.0990 0.2107
vn 0.9679 0.1356 0.2116
vn 0.9680 0.1362 0.2110
vn 0.9607 0.1785 0.2125
vn 0.9608 0.1794 0.2116
vn 0.9502 0.2270 0.2137
vn 0.9502 0.2280 0.2126
vn 0.9352 0.2814 0.2149
vn 0.9352 0.2813 0.2149
vn 0.9352 0.2824 0.2138
vn 0.9145 0.3423 0.2158
vn 0.9145 0.3422 0.2158
vn 0.9144 0.3431 0.2149
vn 0.8860 0.4101 0.2162
vn 0.8861 0.4101 0.2162
vn 0.8859 0.4107 0.2156
vn 0.8474 0.4849 0.2163
vn 0.8473 0.4853 0.2158
vn 0.7960 0.5654 0.2163
vn 0.7958 0.5657 0.2160
vn 0.9545 -0.0180 0.2975
vn 0.9544 -0.0243 0.2975
vn 0.9547 -0.0019 0.2976
vn 0.9545 0.0176 0.2977
vn 0.9545 0.0176 0.2976
vn 0.9545 0.0177 0.2976
vn 0.9538 0.0408 0.2977
vn 0.9538 0.0409 0.2976
vn 0.9522 0.0680 0.2977
vn 0.9523 0.0682 0.2975
vn 0.9494 0.0999 0.2978
vn 0.9495 0.1004 0.2974
vn 0.9446 0.1375 0.2981
vn 0.9447 0.1382 0.2974
vn 0.9370 0.1812 0.2987
vn 0.9370 0.1811 0.2987
vn 0.9371 0.1822 0.2976
vn 0.9261 0.2295 0.2993
vn 0.9261 0.2295 0.2994
vn 0.9262 0.2307 0.2981
vn 0.9112 0.2829 0.2996
vn 0.9112 0.2828 0.2997
vn 0.9112 0.2839 0.2986
vn 0.8909 0.3419 0.2992
vn 0.8909 0.3418 0.2992
vn 0.8908 0.3426 0.2985
vn 0.8634 0.4073 0.2978
vn 0.8634 0.4072 0.2978
vn 0.8634 0.4076 0.2975
vn 0.8263 0.4792 0.2960
vn 0.8262 0.4794 0.2958
vn 0.7769 0.5566 0.2943
vn 0.7769 0.5567 0.2942
vn 0.9220 -0.0180 0.3867
vn 0.9219 -0.0244 0.3867
vn 0.9222 -0.0018 0.3868
vn 0.9220 0.0179 0.3868
vn 0.9212 0.0413 0.3868
vn 0.9213 0.0414 0.3867
vn 0.9196 0.0688 0.3867
vn 0.9197 0.0691 0.3865
vn 0.9167 0.1013 0.3865
vn 0.9168 0.1018 0.3861
vn 0.9117 0.1397 0.3863
vn 0.9117 0.1396 0.3863
vn 0.9119 0.1404 0.3856
vn 0.9039 0.1841 0.3861
vn 0.9041 0.1851 0.3851
vn 0.8929 0.2323 0.3857
vn 0.8929 0.2322 0.3857
vn 0.8931 0.2333 0.3846
vn 0.8783 0.2842 0.3845
vn 0.8783 0.2842 0.3846
vn 0.8784 0.2851 0.3836
vn 0.8589 0.3409 0.3821
vn 0.8589 0.3409 0.3822
vn 0.8589 0.3414 0.3816
vn 0.8330 0.4034 0.3785
vn 0.8330 0.4035 0.3784
vn 0.7983 0.4719 0.3742
vn 0.7983 0.4717 0.3743
vn 0.7522 0.5452 0.3701
vn 0.7522 0.5453 0.3701
vn 0.7522 0.5450 0.3703
vn 0.8782 -0.0181 0.4780
vn 0.8780 -0.0246 0.4779
vn 0.8783 -0.0018 0.4781
vn 0.8783 -0.0017 0.4781
vn 0.8781 0.0181 0.4781
vn 0.8774 0.0418 0.4780
vn 0.8774 0.0419 0.4779
vn 0.8758 0.0697 0.4776
vn 0.8759 0.0699 0.4774
vn 0.8729 0.1027 0.4770
vn 0.8730 0.1031 0.4767
vn 0.8679 0.1418 0.4761
vn 0.8681 0.1424 0.4755
vn 0.8600 0.1870 0.4747
vn 0.8604 0.1879 0.4738
vn 0.8493 0.2348 0.4728
vn 0.8496 0.2358 0.4718
vn 0.8354 0.2853 0.4697
vn 0.8356 0.2861 0.4689
vn 0.8175 0.3398 0.4651
vn 0.8175 0.3402 0.4647
vn 0.7938 0.3992 0.4588
vn 0.7630 0.4633 0.4508
vn 0.7630 0.4626 0.4516
vn 0.7223 0.5317 0.4422
vn 0.7223 0.5318 0.4422
vn 0.7224 0.5306 0.4434
vn 0.8211 -0.0182 0.5705
vn 0.8209 -0.0247 0.5705
vn 0.8210 -0.0247 0.5705
vn 0.8212 -0.0017 0.5707
vn 0.8212 -0.0017 0.5706
vn 0.8210 0.0183 0.5706
vn 0.8203 0.0422 0.5703
vn 0.8204 0.0423 0.5703
vn 0.8188 0.0705 0.5697
vn 0.8189 0.0706 0.5696
vn 0.8161 0.1039 0.5685
vn 0.8162 0.1042 0.5683
vn 0.8114 0.1436 0.5666
vn 0.8116 0.1441 0.5662
vn 0.8040 0.1894 0.5637
vn 0.8043 0.1900 0.5631
vn 0.7940 0.2370 0.5598
vn 0.7940 0.2369 0.5598
vn 0.7943 0.2377 0.5591
vn 0.7814 0.2863 0.5545
vn 0.7816 0.2868 0.5539
vn 0.7653 0.3389 0.5473
vn 0.7654 0.3393 0.5469
vn 0.7445 0.3956 0.5378
vn 0.7187 0.4547 0.5260
vn 0.7186 0.4537 0.5270
vn 0.6863 0.5166 0.5119
vn 0.6863 0.5142 0.5144
vn 0.7485 -0.0363 -0.6621
vn 0.7488 -0.0247 -0.6623
vn 0.7489 -0.0183 -0.6624
vn 0.7490 -0.0017 -0.6625
vn 0.7489 0.0184 -0.6624
vn 0.7483 0.0424 -0.6620
vn 0.7483 0.0425 -0.6620
vn 0.7470 0.0709 -0.6610
vn 0.7470 0.0710 -0.6610
vn 0.7446 0.1046 -0.6592
vn 0.7447 0.1047 -0.6592
vn 0.7406 0.1447 -0.6562
vn 0.7407 0.1449 -0.6561
vn 0.7342 0.1908 -0.6516
vn 0.7344 0.1911 -0.6513
vn 0.7258 0.2383 -0.6454
vn 0.7258 0.2383 -0.6453
vn 0.7259 0.2385 -0.6451
vn 0.7151 0.2869 -0.6374
vn 0.7152 0.2871 -0.6372
vn 0.7015 0.3385 -0.6271
vn 0.7016 0.3387 -0.6269
vn 0.6842 0.3936 -0.6140
vn 0.6636 0.4489 -0.5984
vn 0.6635 0.4486 -0.5988
vn 0.6407 0.5033 -0.5798
vn 0.6407 0.5034 -0.5797
vn 0.6403 0.5011 -0.5821
vn 0.6112 0.5600 -0.5593
vn 0.6112 0.5538 -0.5655
vn 0.6428 0.5816 -0.4985
vn 0.6429 0.5815 -0.4986
vn 0.6433 0.5788 -0.5012
vn 0.6685 0.6024 -0.4361
vn 0.6687 0.6019 -0.4366
vn 0.6925 0.6207 -0.3675
vn 0.6925 0.6207 -0.3676
vn 0.7132 0.6366 -0.2934
vn 0.7132 0.6366 -0.2933
vn 0.7294 0.6490 -0.2163
vn 0.7294 0.6491 -0.2162
vn 0.7410 0.6578 -0.1350
vn 0.7409 0.6579 -0.1349
vn 0.7474 0.6627 -0.0470
vn 0.7474 0.6627 -0.0469
vn 0.7474 0.6627 0.0470
vn 0.7474 0.6627 0.0469
vn 0.7410 0.6578 0.1350
vn 0.7409 0.6579 0.1349
vn 0.7294 0.6490 0.2163
vn 0.7294 0.6491 0.2162
vn 0.7132 0.6366 0.2934
vn 0.7132 0.6366 0.2933
vn 0.6925 0.6207 0.3675
vn 0.6925 0.6207 0.3676
vn 0.6685 0.6024 0.4361
vn 0.6687 0.6019 0.4366
vn 0.6429 0.5815 0.4986
vn 0.6428 0.5816 0.4985
vn 0.6433 0.5788 0.5012
vn 0.6112 0.5600 0.5593
vn 0.6112 0.5538 0.5655
vn 0.6407 0.5034 0.5797
vn 0.6407 0.5033 0.5798
vn 0.6403 0.5011 0.5821
vn 0.6636 0.4489 0.5984
vn 0.6635 0.4486 0.5988
vn 0.6842 0.3936 0.6140
vn 0.7015 0.3385 0.6271
vn 0.7016 0.3387 0.6269
vn 0.7151 0.2869 0.6374
vn 0.7152 0.2871 0.6372
vn 0.7258 0.2383 0.6453
vn 0.7258 0.2383 0.6454
vn 0.7259 0.2385 0.6451
vn 0.7342 0.1908 0.6516
vn 0.7344 0.1911 0.6513
vn 0.7406 0.1447 0.6562
vn 0.7407 0.1449 0.6561
vn 0.7446 0.1046 0.6592
vn 0.7447 0.1047 0.6592
vn 0.7470 0.0709 0.6610
vn 0.7470 0.0710 0.6610
vn 0.7483 0.0424 0.6620
vn 0.7483 0.0425 0.6620
vn 0.7489 0.0184 0.6624
vn 0.7490 -0.0017 0.6625
vn 0.7489 -0.0183 0.6624
vn 0.7488 -0.0247 0.6623
vn 0.7485 -0.0363 0.6621
vn 0.8207 -0.0362 0.5703
vn 0.8777 -0.0360 0.4778
vn 0.9216 -0.0358 0.3865
vn 0.9541 -0.0356 0.2974
vn 0.9770 -0.0355 0.2105
vn 0.9915 -0.0354 0.1255
vn 0.9985 -0.0353 0.0417
vn 0.9985 -0.0353 -0.0417
vn 0.9915 -0.0354 -0.1255
vn 0.9770 -0.0355 -0.2105
vn 0.9541 -0.0356 -0.2974
vn 0.9216 -0.0358 -0.3865
vn 0.8777 -0.0360 -0.4778
vn 0.8207 -0.0362 -0.5703
vn -0.5705 -0.0247 0.8209
vn -0.5705 -0.0182 0.8211
vn -0.5706 -0.0182 0.8211
vn -0.4779 -0.0246 0.8780
vn -0.4780 -0.0181 0.8782
vn -0.3867 -0.0244 0.9219
vn -0.3867 -0.0180 0.9220
vn -0.2975 -0.0243 0.9544
vn -0.2975 -0.0180 0.9545
vn -0.2105 -0.0242 0.9773
vn -0.2106 -0.0179 0.9774
vn -0.1255 -0.0242 0.9918
vn -0.1255 -0.0179 0.9919
vn -0.0417 -0.0241 0.9988
vn -0.0417 -0.0178 0.9990
vn 0.0417 -0.0241 0.9988
vn 0.0417 -0.0178 0.9990
vn 0.1255 -0.0242 0.9918
vn 0.1255 -0.0179 0.9919
vn 0.2105 -0.0242 0.9773
vn 0.2106 -0.0179 0.9774
vn 0.2975 -0.0243 0.9544
vn 0.2975 -0.0180 0.9545
vn 0.3867 -0.0244 0.9219
vn 0.3867 -0.0181 0.9220
vn 0.4779 -0.0246 0.8780
vn 0.4780 -0.0181 0.8782
vn 0.5705 -0.0247 0.8209
vn 0.5705 -0.0182 0.8211
vn -0.5707 -0.0017 0.8212
vn -0.5706 -0.0017 0.8212
vn -0.4781 -0.0018 0.8783
vn -0.4781 -0.0017 0.8783
vn -0.3868 -0.0018 0.9222
vn -0.2976 -0.0019 0.9547
vn -0.2106 -0.0019 0.9776
vn -0.1256 -0.0020 0.9921
vn -0.1256 -0.0019 0.9921
vn -0.1255 -0.0019 0.9921
vn -0.0417 -0.0020 0.9991
vn 0.0417 -0.0020 0.9991
vn 0.1256 -0.0020 0.9921
vn 0.1256 -0.0019 0.9921
vn 0.2106 -0.0019 0.9776
vn 0.2107 -0.0019 0.9776
vn 0.2976 -0.0019 0.9547
vn 0.3868 -0.0018 0.9222
vn 0.4781 -0.0018 0.8783
vn 0.5707 -0.0017 0.8212
vn -0.5706 0.0183 0.8210
vn -0.4781 0.0181 0.8781
vn -0.3868 0.0179 0.9220
vn -0.2977 0.0176 0.9545
vn -0.2976 0.0176 0.9545
vn -0.2976 0.0177 0.9545
vn -0.2107 0.0174 0.9774
vn -0.2106 0.0175 0.9774
vn -0.1256 0.0173 0.9919
vn -0.0417 0.0172 0.9990
vn 0.0417 0.0172 0.9990
vn 0.1256 0.0173 0.9919
vn 0.1256 0.0172 0.9919
vn 0.2107 0.0174 0.9774
vn 0.2977 0.0176 0.9545
vn 0.2976 0.0176 0.9545
vn 0.3868 0.0179 0.9220
vn 0.3869 0.0178 0.9220
vn 0.4781 0.0181 0.8781
vn 0.4782 0.0180 0.8781
vn 0.5706 0.0183 0.8210
vn 0.5706 0.0182 0.8210
vn -0.5703 0.0422 0.8203
vn -0.5703 0.0423 0.8204
vn -0.4780 0.0418 0.8774
vn -0.4779 0.0419 0.8774
vn -0.3868 0.0413 0.9212
vn -0.3867 0.0414 0.9213
vn -0.2977 0.0408 0.9538
vn -0.2976 0.0409 0.9538
vn -0.2107 0.0403 0.9767
vn -0.2106 0.0404 0.9767
vn -0.1257 0.0400 0.9913
vn -0.1256 0.0401 0.9913
vn -0.0418 0.0398 0.9983
vn -0.0417 0.0398 0.9983
vn 0.0418 0.0398 0.9983
vn 0.1257 0.0400 0.9913
vn 0.1257 0.0399 0.9913
vn 0.2107 0.0403 0.9767
vn 0.2108 0.0402 0.9767
vn 0.2977 0.0408 0.9538
vn 0.2978 0.0406 0.9538
vn 0.3868 0.0413 0.9212
vn 0.3869 0.0411 0.9212
vn 0.4780 0.0418 0.8774
vn 0.4781 0.0416 0.8773
vn 0.5703 0.0422 0.8203
vn 0.5704 0.0421 0.8203
vn -0.5697 0.0705 0.8188
vn -0.5696 0.0706 0.8189
vn -0.4776 0.0697 0.8758
vn -0.4774 0.0699 0.8759
vn -0.3867 0.0688 0.9196
vn -0.3865 0.0691 0.9197
vn -0.2977 0.0680 0.9522
vn -0.2975 0.0682 0.9523
vn -0.2109 0.0672 0.9752
vn -0.2107 0.0674 0.9752
vn -0.1258 0.0666 0.9898
vn -0.1256 0.0668 0.9898
vn -0.0418 0.0663 0.9969
vn -0.0418 0.0664 0.9969
vn 0.0418 0.0663 0.9969
vn 0.0419 0.0662 0.9969
vn 0.1258 0.0666 0.9898
vn 0.1259 0.0665 0.9898
vn 0.2109 0.0672 0.9752
vn 0.2111 0.0670 0.9752
vn 0.2977 0.0680 0.9522
vn 0.2979 0.0677 0.9522
vn 0.3867 0.0688 0.9196
vn 0.3869 0.0686 0.9196
vn 0.4776 0.0697 0.8758
vn 0.4778 0.0695 0.8757
vn 0.5697 0.0705 0.8188
vn 0.5698 0.0703 0.8188
vn -0.5685 0.1039 0.8161
vn -0.5683 0.1042 0.8162
vn -0.4770 0.1027 0.8729
vn -0.4767 0.1031 0.8730
vn -0.3865 0.1013 0.9167
vn -0.3861 0.1018 0.9168
vn -0.2978 0.0999 0.9494
vn -0.2974 0.1003 0.9495
vn -0.2111 0.0987 0.9725
vn -0.2107 0.0990 0.9725
vn -0.1260 0.0977 0.9872
vn -0.1258 0.0980 0.9872
vn -0.0419 0.0972 0.9944
vn -0.0418 0.0973 0.9944
vn 0.0419 0.0972 0.9944
vn 0.0420 0.0971 0.9944
vn 0.1260 0.0977 0.9872
vn 0.1263 0.0975 0.9872
vn 0.2111 0.0987 0.9725
vn 0.2115 0.0983 0.9724
vn 0.2978 0.0999 0.9494
vn 0.2982 0.0995 0.9493
vn 0.3865 0.1013 0.9167
vn 0.3869 0.1009 0.9166
vn 0.4770 0.1027 0.8729
vn 0.4774 0.1024 0.8727
vn 0.5685 0.1039 0.8161
vn 0.5688 0.1036 0.8159
vn -0.5666 0.1436 0.8114
vn -0.5662 0.1441 0.8116
vn -0.4761 0.1418 0.8679
vn -0.4755 0.1424 0.8681
vn -0.3863 0.1397 0.9117
vn -0.3863 0.1396 0.9117
vn -0.3856 0.1404 0.9119
vn -0.2981 0.1375 0.9446
vn -0.2974 0.1382 0.9447
vn -0.2116 0.1356 0.9679
vn -0.2110 0.1361 0.9680
vn -0.1265 0.1341 0.9829
vn -0.1261 0.1345 0.9829
vn -0.0421 0.1333 0.9902
vn -0.0419 0.1335 0.9902
vn 0.0421 0.1333 0.9902
vn 0.0423 0.1331 0.9902
vn 0.1265 0.1341 0.9829
vn 0.1269 0.1337 0.9829
vn 0.2116 0.1356 0.9679
vn 0.2122 0.1350 0.9679
vn 0.2981 0.1375 0.9446
vn 0.2988 0.1368 0.9445
vn 0.3863 0.1397 0.9117
vn 0.3863 0.1396 0.9117
vn 0.3870 0.1389 0.9115
vn 0.4761 0.1418 0.8679
vn 0.4767 0.1412 0.8677
vn 0.5666 0.1436 0.8114
vn 0.5671 0.1431 0.8111
vn -0.5637 0.1894 0.8040
vn -0.5631 0.1901 0.8042
vn -0.4747 0.1870 0.8600
vn -0.4738 0.1879 0.8604
vn -0.3861 0.1841 0.9039
vn -0.3851 0.1851 0.9041
vn -0.2987 0.1812 0.9370
vn -0.2987 0.1811 0.9370
vn -0.2976 0.1822 0.9371
vn -0.2125 0.1785 0.9607
vn -0.2116 0.1794 0.9608
vn -0.1273 0.1765 0.9760
vn -0.1266 0.1771 0.9760
vn -0.0425 0.1754 0.9836
vn -0.0422 0.1756 0.9836
vn 0.0425 0.1754 0.9836
vn 0.0427 0.1751 0.9836
vn 0.1273 0.1765 0.9760
vn 0.1279 0.1758 0.9761
vn 0.2125 0.1785 0.9607
vn 0.2134 0.1776 0.9607
vn 0.2987 0.1812 0.9370
vn 0.2987 0.1811 0.9370
vn 0.2997 0.1801 0.9369
vn 0.3861 0.1841 0.9039
vn 0.3872 0.1830 0.9036
vn 0.4747 0.1870 0.8600
vn 0.4757 0.1860 0.8597
vn 0.5637 0.1894 0.8040
vn 0.5644 0.1887 0.8037
vn -0.5598 0.2370 0.7940
vn -0.5598 0.2369 0.7940
vn -0.5591 0.2377 0.7943
vn -0.4728 0.2348 0.8493
vn -0.4718 0.2358 0.8496
vn -0.3857 0.2323 0.8929
vn -0.3857 0.2322 0.8929
vn -0.3846 0.2333 0.8931
vn -0.2993 0.2295 0.9261
vn -0.2994 0.2295 0.9261
vn -0.2981 0.2307 0.9262
vn -0.2137 0.2270 0.9502
vn -0.2126 0.2280 0.9502
vn -0.1284 0.2250 0.9659
vn -0.1285 0.2249 0.9659
vn -0.1276 0.2257 0.9658
vn -0.0430 0.2238 0.9737
vn -0.0430 0.2237 0.9737
vn -0.0427 0.2241 0.9736
vn 0.0430 0.2238 0.9737
vn 0.0430 0.2237 0.9737
vn 0.0433 0.2234 0.9738
vn 0.1284 0.2250 0.9659
vn 0.1285 0.2249 0.9659
vn 0.1293 0.2242 0.9659
vn 0.2137 0.2270 0.9502
vn 0.2148 0.2259 0.9502
vn 0.2993 0.2295 0.9261
vn 0.2994 0.2295 0.9261
vn 0.3006 0.2284 0.9260
vn 0.3857 0.2323 0.8929
vn 0.3857 0.2322 0.8929
vn 0.3869 0.2311 0.8927
vn 0.4728 0.2348 0.8493
vn 0.4737 0.2338 0.8490
vn 0.5598 0.2370 0.7940
vn 0.5598 0.2369 0.7940
vn 0.5605 0.2362 0.7937
vn -0.5545 0.2863 0.7814
vn -0.5539 0.2868 0.7816
vn -0.4697 0.2853 0.8354
vn -0.4689 0.2861 0.8356
vn -0.3845 0.2842 0.8783
vn -0.3846 0.2842 0.8783
vn -0.3836 0.2851 0.8784
vn -0.2996 0.2829 0.9112
vn -0.2997 0.2828 0.9112
vn -0.2986 0.2839 0.9112
vn -0.2149 0.2814 0.9352
vn -0.2149 0.2813 0.9352
vn -0.2138 0.2824 0.9352
vn -0.1298 0.2799 0.9512
vn -0.1289 0.2807 0.9511
vn -0.0436 0.2790 0.9593
vn -0.0433 0.2793 0.9592
vn 0.0436 0.2790 0.9593
vn 0.0440 0.2787 0.9594
vn 0.1298 0.2799 0.9512
vn 0.1307 0.2791 0.9513
vn 0.2149 0.2814 0.9352
vn 0.2149 0.2813 0.9352
vn 0.2160 0.2803 0.9353
vn 0.2996 0.2829 0.9112
vn 0.2997 0.2828 0.9112
vn 0.3007 0.2818 0.9111
vn 0.3845 0.2842 0.8783
vn 0.3846 0.2842 0.8783
vn 0.3855 0.2833 0.8782
vn 0.4697 0.2853 0.8354
vn 0.4705 0.2846 0.8353
vn 0.5545 0.2863 0.7814
vn 0.5550 0.2857 0.7812
vn -0.5473 0.3389 0.7653
vn -0.5469 0.3393 0.7654
vn -0.4651 0.3398 0.8175
vn -0.4647 0.3402 0.8175
vn -0.3821 0.3409 0.8589
vn -0.3822 0.3409 0.8589
vn -0.3816 0.3414 0.8589
vn -0.2992 0.3419 0.8909
vn -0.2992 0.3418 0.8909
vn -0.2985 0.3426 0.8908
vn -0.2158 0.3422 0.9145
vn -0.2149 0.3431 0.9144
vn -0.1312 0.3421 0.9305
vn -0.1304 0.3428 0.9303
vn -0.0444 0.3418 0.9387
vn -0.0444 0.3417 0.9387
vn -0.0440 0.3421 0.9386
vn 0.0444 0.3418 0.9387
vn 0.0444 0.3417 0.9387
vn 0.0448 0.3414 0.9388
vn 0.1312 0.3421 0.9305
vn 0.1320 0.3413 0.9306
vn 0.2158 0.3423 0.9145
vn 0.2158 0.3422 0.9145
vn 0.2167 0.3414 0.9146
vn 0.2992 0.3419 0.8909
vn 0.2992 0.3418 0.8909
vn 0.2999 0.3412 0.8909
vn 0.3821 0.3409 0.8589
vn 0.3822 0.3409 0.8589
vn 0.3827 0.3404 0.8589
vn 0.4651 0.3398 0.8175
vn 0.4655 0.3394 0.8174
vn 0.5473 0.3389 0.7653
vn 0.5476 0.3385 0.7652
vn -0.5378 0.3956 0.7445
vn -0.4588 0.3992 0.7938
vn -0.3785 0.4034 0.8330
vn -0.3784 0.4035 0.8330
vn -0.2978 0.4073 0.8634
vn -0.2978 0.4072 0.8634
vn -0.2975 0.4076 0.8634
vn -0.2162 0.4101 0.8860
vn -0.2156 0.4107 0.8859
vn -0.1324 0.4117 0.9016
vn -0.1325 0.4117 0.9016
vn -0.1318 0.4123 0.9015
vn -0.0452 0.4123 0.9099
vn -0.0448 0.4126 0.9098
vn 0.0452 0.4123 0.9099
vn 0.0455 0.4120 0.9100
vn 0.1324 0.4117 0.9016
vn 0.1325 0.4117 0.9017
vn 0.1332 0.4111 0.9018
vn 0.2162 0.4101 0.8860
vn 0.2162 0.4101 0.8861
vn 0.2168 0.4095 0.8862
vn 0.2978 0.4073 0.8634
vn 0.2978 0.4072 0.8634
vn 0.2982 0.4069 0.8634
vn 0.3785 0.4034 0.8330
vn 0.3787 0.4033 0.8330
vn 0.4588 0.3992 0.7938
vn 0.4588 0.3993 0.7938
vn 0.5378 0.3956 0.7445
vn -0.5260 0.4547 0.7187
vn -0.5270 0.4537 0.7186
vn -0.4508 0.4633 0.7630
vn -0.4516 0.4626 0.7630
vn -0.3742 0.4719 0.7983
vn -0.3743 0.4717 0.7983
vn -0.2960 0.4792 0.8263
vn -0.2958 0.4794 0.8262
vn -0.2163 0.4849 0.8474
vn -0.2158 0.4853 0.8473
vn -0.1335 0.4886 0.8622
vn -0.1336 0.4886 0.8622
vn -0.1330 0.4891 0.8620
vn -0.0459 0.4904 0.8703
vn -0.0456 0.4907 0.8701
vn 0.0459 0.4904 0.8703
vn 0.0462 0.4901 0.8704
vn 0.1335 0.4886 0.8622
vn 0.1336 0.4886 0.8622
vn 0.1341 0.4881 0.8624
vn 0.2163 0.4849 0.8474
vn 0.2167 0.4845 0.8475
vn 0.2960 0.4792 0.8263
vn 0.2961 0.4791 0.8263
vn 0.3742 0.4719 0.7983
vn 0.3740 0.4721 0.7983
vn 0.4508 0.4633 0.7630
vn 0.4501 0.4640 0.7630
vn 0.5260 0.4547 0.7187
vn 0.5250 0.4556 0.7189
vn -0.5119 0.5166 0.6863
vn -0.5144 0.5142 0.6863
vn -0.4422 0.5317 0.7223
vn -0.4422 0.5318 0.7223
vn -0.4434 0.5306 0.7224
vn -0.3701 0.5452 0.7522
vn -0.3701 0.5453 0.7522
vn -0.3703 0.5450 0.7522
vn -0.2943 0.5566 0.7769
vn -0.2942 0.5567 0.7769
vn -0.2163 0.5654 0.7959
vn -0.2163 0.5654 0.7960
vn -0.2160 0.5657 0.7958
vn -0.1345 0.5716 0.8095
vn -0.1345 0.5715 0.8095
vn -0.1341 0.5719 0.8093
vn -0.0466 0.5748 0.8170
vn -0.0463 0.5750 0.8169
vn 0.0466 0.5748 0.8170
vn 0.0468 0.5746 0.8171
vn 0.1345 0.5716 0.8095
vn 0.1345 0.5715 0.8095
vn 0.1349 0.5712 0.8097
vn 0.2163 0.5654 0.7959
vn 0.2163 0.5654 0.7960
vn 0.2165 0.5652 0.7961
vn 0.2943 0.5566 0.7769
vn 0.2944 0.5565 0.7769
vn 0.3701 0.5452 0.7522
vn 0.3701 0.5453 0.7522
vn 0.3699 0.5455 0.7521
vn 0.4422 0.5317 0.7223
vn 0.4422 0.5318 0.7223
vn 0.4410 0.5329 0.7222
vn 0.5119 0.5166 0.6863
vn 0.5094 0.5191 0.6863
vn -0.6621 -0.0363 0.7485
vn -0.6623 -0.0247 0.7488
vn -0.5703 -0.0362 0.8207
vn -0.4778 -0.0360 0.8777
vn -0.3865 -0.0358 0.9216
vn -0.2974 -0.0356 0.9541
vn -0.2105 -0.0355 0.9770
vn -0.1255 -0.0354 0.9915
vn -0.0417 -0.0353 0.9985
vn 0.0417 -0.0353 0.9985
vn 0.1255 -0.0354 0.9915
vn 0.2105 -0.0355 0.9770
vn 0.2974 -0.0356 0.9541
vn 0.3865 -0.0358 0.9216
vn 0.4778 -0.0360 0.8777
vn 0.5703 -0.0362 0.8207
vn 0.6621 -0.0363 0.7485
vn 0.6623 -0.0247 0.7488
vn 0.6624 -0.0183 0.7489
vn 0.6625 -0.0017 0.7490
vn 0.6624 0.0184 0.7489
vn 0.6625 0.0184 0.7489
vn 0.6620 0.0424 0.7483
vn 0.6610 0.0709 0.7470
vn 0.6611 0.0709 0.7470
vn 0.6592 0.1046 0.7446
vn 0.6593 0.1045 0.7446
vn 0.6562 0.1447 0.7406
vn 0.6564 0.1445 0.7405
vn 0.6516 0.1908 0.7342
vn 0.6518 0.1905 0.7341
vn 0.6453 0.2383 0.7258
vn 0.6454 0.2383 0.7258
vn 0.6456 0.2380 0.7256
vn 0.6374 0.2869 0.7151
vn 0.6376 0.2867 0.7150
vn 0.6271 0.3385 0.7015
vn 0.6273 0.3383 0.7014
vn 0.6140 0.3936 0.6842
vn 0.6141 0.3935 0.6842
vn 0.5984 0.4489 0.6636
vn 0.5980 0.4493 0.6637
vn 0.5797 0.5034 0.6407
vn 0.5798 0.5033 0.6407
vn 0.5772 0.5057 0.6412
vn 0.5593 0.5600 0.6112
vn 0.5530 0.5662 0.6112
vn 0.4986 0.5815 0.6429
vn 0.4985 0.5816 0.6428
vn 0.4960 0.5842 0.6424
vn 0.4361 0.6024 0.6685
vn 0.4356 0.6029 0.6684
vn 0.3675 0.6207 0.6925
vn 0.3675 0.6208 0.6925
vn 0.2934 0.6366 0.7132
vn 0.2934 0.6365 0.7133
vn 0.2163 0.6490 0.7294
vn 0.2164 0.6488 0.7295
vn 0.1350 0.6578 0.7410
vn 0.1352 0.6577 0.7411
vn 0.0470 0.6627 0.7474
vn 0.0470 0.6626 0.7475
vn -0.0470 0.6627 0.7474
vn -0.0469 0.6627 0.7474
vn -0.1350 0.6578 0.7410
vn -0.1349 0.6579 0.7409
vn -0.2163 0.6490 0.7294
vn -0.2162 0.6491 0.7294
vn -0.2934 0.6366 0.7132
vn -0.2933 0.6366 0.7132
vn -0.3675 0.6207 0.6925
vn -0.3676 0.6207 0.6925
vn -0.4361 0.6024 0.6685
vn -0.4366 0.6019 0.6687
vn -0.4986 0.5815 0.6429
vn -0.4985 0.5816 0.6428
vn -0.5012 0.5788 0.6433
vn -0.5593 0.5600 0.6112
vn -0.5655 0.5538 0.6112
vn -0.5797 0.5034 0.6407
vn -0.5798 0.5033 0.6407
vn -0.5821 0.5011 0.6403
vn -0.5984 0.4489 0.6636
vn -0.5988 0.4486 0.6635
vn -0.6140 0.3936 0.6842
vn -0.6271 0.3385 0.7015
vn -0.6269 0.3387 0.7016
vn -0.6374 0.2869 0.7151
vn -0.6372 0.2871 0.7152
vn -0.6453 0.2383 0.7258
vn -0.6454 0.2382 0.7258
vn -0.6451 0.2385 0.7259
vn -0.6515 0.1908 0.7342
vn -0.6516 0.1908 0.7342
vn -0.6513 0.1911 0.7344
vn -0.6562 0.1447 0.7406
vn -0.6561 0.1449 0.7407
vn -0.6592 0.1046 0.7446
vn -0.6592 0.1047 0.7447
vn -0.6610 0.0709 0.7470
vn -0.6610 0.0710 0.7470
vn -0.6620 0.0424 0.7483
vn -0.6620 0.0425 0.7483
vn -0.6624 0.0184 0.7489
vn -0.6625 -0.0017 0.7490
vn -0.6624 -0.0183 0.7489
vn -0.6624 -0.0182 0.7489
vn -0.5125 0.6890 0.5125
vn -0.5152 0.6890 0.5098
vn -0.4424 0.7249 0.5281
vn -0.4424 0.7249 0.5280
vn -0.4437 0.7250 0.5268
vn -0.3701 0.7546 0.5418
vn -0.3704 0.7547 0.5415
vn -0.2943 0.7793 0.5533
vn -0.2942 0.7793 0.5534
vn -0.2162 0.7983 0.5621
vn -0.2159 0.7982 0.5624
vn -0.1344 0.8118 0.5682
vn -0.1344 0.8118 0.5683
vn -0.1340 0.8116 0.5686
vn -0.0465 0.8193 0.5715
vn -0.0463 0.8192 0.5717
vn 0.0465 0.8193 0.5715
vn 0.0468 0.8194 0.5713
vn 0.1344 0.8118 0.5682
vn 0.1344 0.8118 0.5683
vn 0.1348 0.8120 0.5679
vn 0.2162 0.7983 0.5621
vn 0.2165 0.7984 0.5619
vn 0.2943 0.7793 0.5533
vn 0.2944 0.7793 0.5532
vn 0.3701 0.7546 0.5418
vn 0.3698 0.7546 0.5421
vn 0.4424 0.7249 0.5281
vn 0.4424 0.7249 0.5280
vn 0.4412 0.7247 0.5293
vn 0.5125 0.6890 0.5125
vn 0.5098 0.6890 0.5152
vn -0.5281 0.7249 0.4424
vn -0.5280 0.7249 0.4424
vn -0.5293 0.7247 0.4412
vn -0.4518 0.7693 0.4518
vn -0.4527 0.7693 0.4508
vn -0.3745 0.8046 0.4609
vn -0.3748 0.8046 0.4606
vn -0.2959 0.8324 0.4685
vn -0.2958 0.8324 0.4686
vn -0.2161 0.8534 0.4743
vn -0.2157 0.8533 0.4747
vn -0.1334 0.8682 0.4780
vn -0.1328 0.8680 0.4785
vn -0.0458 0.8762 0.4798
vn -0.0455 0.8760 0.4801
vn 0.0458 0.8762 0.4798
vn 0.0462 0.8763 0.4795
vn 0.1334 0.8682 0.4780
vn 0.1339 0.8684 0.4775
vn 0.2161 0.8534 0.4743
vn 0.2165 0.8536 0.4739
vn 0.2959 0.8324 0.4685
vn 0.2960 0.8324 0.4684
vn 0.3745 0.8046 0.4609
vn 0.3742 0.8046 0.4612
vn 0.4518 0.7693 0.4518
vn 0.4508 0.7693 0.4527
vn 0.5281 0.7249 0.4424
vn 0.5280 0.7249 0.4424
vn 0.5268 0.7250 0.4437
vn -0.5418 0.7546 0.3701
vn -0.5421 0.7546 0.3698
vn -0.4609 0.8046 0.3745
vn -0.4612 0.8046 0.3742
vn -0.3794 0.8439 0.3794
vn -0.3794 0.8439 0.3793
vn -0.2979 0.8741 0.3837
vn -0.2977 0.8741 0.3839
vn -0.2159 0.8966 0.3867
vn -0.2153 0.8965 0.3873
vn -0.1321 0.9120 0.3884
vn -0.1314 0.9118 0.3890
vn -0.0450 0.9201 0.3890
vn -0.0446 0.9200 0.3893
vn 0.0450 0.9201 0.3890
vn 0.0453 0.9203 0.3887
vn 0.1321 0.9120 0.3884
vn 0.1328 0.9122 0.3877
vn 0.2159 0.8966 0.3867
vn 0.2165 0.8967 0.3862
vn 0.2979 0.8741 0.3837
vn 0.2981 0.8741 0.3834
vn 0.3794 0.8439 0.3794
vn 0.3793 0.8439 0.3794
vn 0.4609 0.8046 0.3745
vn 0.4606 0.8046 0.3748
vn 0.5418 0.7546 0.3701
vn 0.5415 0.7547 0.3704
vn -0.5533 0.7793 0.2943
vn -0.5532 0.7793 0.2944
vn -0.4685 0.8324 0.2959
vn -0.4684 0.8324 0.2960
vn -0.3837 0.8741 0.2979
vn -0.3834 0.8741 0.2981
vn -0.2995 0.9059 0.2995
vn -0.2989 0.9059 0.3000
vn -0.2154 0.9292 0.3002
vn -0.2146 0.9292 0.3010
vn -0.1306 0.9449 0.3002
vn -0.1299 0.9448 0.3010
vn -0.0441 0.9529 0.2999
vn -0.0441 0.9529 0.3000
vn -0.0437 0.9528 0.3003
vn 0.0441 0.9529 0.2999
vn 0.0441 0.9529 0.3000
vn 0.0445 0.9530 0.2996
vn 0.1306 0.9449 0.3002
vn 0.1314 0.9450 0.2995
vn 0.2154 0.9292 0.3002
vn 0.2162 0.9293 0.2995
vn 0.2995 0.9059 0.2995
vn 0.3000 0.9059 0.2989
vn 0.3837 0.8741 0.2979
vn 0.3839 0.8741 0.2977
vn 0.4685 0.8324 0.2959
vn 0.4686 0.8324 0.2958
vn 0.5533 0.7793 0.2943
vn 0.5534 0.7793 0.2942
vn -0.5621 0.7983 0.2162
vn -0.5619 0.7984 0.2165
vn -0.4743 0.8534 0.2161
vn -0.4739 0.8536 0.2165
vn -0.3867 0.8966 0.2159
vn -0.3862 0.8967 0.2165
vn -0.3002 0.9292 0.2154
vn -0.2995 0.9293 0.2162
vn -0.2145 0.9529 0.2145
vn -0.2137 0.9529 0.2154
vn -0.1291 0.9684 0.2135
vn -0.1284 0.9683 0.2142
vn -0.0433 0.9761 0.2127
vn -0.0430 0.9761 0.2131
vn 0.0433 0.9761 0.2127
vn 0.0436 0.9762 0.2124
vn 0.1291 0.9684 0.2135
vn 0.1299 0.9684 0.2128
vn 0.2145 0.9529 0.2145
vn 0.2154 0.9529 0.2137
vn 0.3002 0.9292 0.2154
vn 0.3010 0.9292 0.2146
vn 0.3867 0.8966 0.2159
vn 0.3873 0.8965 0.2153
vn 0.4743 0.8534 0.2161
vn 0.4747 0.8533 0.2157
vn 0.5621 0.7983 0.2162
vn 0.5624 0.7982 0.2159
vn -0.5682 0.8118 0.1344
vn -0.5683 0.8118 0.1344
vn -0.5679 0.8120 0.1348
vn -0.4780 0.8682 0.1334
vn -0.4775 0.8684 0.1339
vn -0.3884 0.9120 0.1321
vn -0.3877 0.9122 0.1328
vn -0.3002 0.9449 0.1306
vn -0.2995 0.9450 0.1314
vn -0.2135 0.9684 0.1291
vn -0.2128 0.9684 0.1299
vn -0.1279 0.9835 0.1279
vn -0.1273 0.9835 0.1284
vn -0.0426 0.9910 0.1271
vn -0.0424 0.9910 0.1273
vn 0.0426 0.9910 0.1271
vn 0.0429 0.9910 0.1268
vn 0.1279 0.9835 0.1279
vn 0.1284 0.9835 0.1273
vn 0.2135 0.9684 0.1291
vn 0.2142 0.9683 0.1284
vn 0.3002 0.9449 0.1306
vn 0.3010 0.9448 0.1299
vn 0.3884 0.9120 0.1321
vn 0.3890 0.9118 0.1314
vn 0.4780 0.8682 0.1334
vn 0.4785 0.8680 0.1328
vn 0.5682 0.8118 0.1344
vn 0.5683 0.8118 0.1344
vn 0.5686 0.8116 0.1340
vn -0.5715 0.8193 0.0465
vn -0.5713 0.8194 0.0468
vn -0.4798 0.8762 0.0458
vn -0.4795 0.8763 0.0462
vn -0.3890 0.9201 0.0450
vn -0.3887 0.9203 0.0453
vn -0.2999 0.9529 0.0441
vn -0.3000 0.9529 0.0441
vn -0.2996 0.9530 0.0445
vn -0.2127 0.9761 0.0433
vn -0.2124 0.9762 0.0436
vn -0.1271 0.9910 0.0426
vn -0.1268 0.9910 0.0429
vn -0.0423 0.9982 0.0423
vn -0.0422 0.9982 0.0424
vn 0.0423 0.9982 0.0423
vn 0.0424 0.9982 0.0422
vn 0.1271 0.9910 0.0426
vn 0.1273 0.9910 0.0424
vn 0.2127 0.9761 0.0433
vn 0.2131 0.9761 0.0430
vn 0.2999 0.9529 0.0441
vn 0.3000 0.9529 0.0441
vn 0.3003 0.9528 0.0437
vn 0.3890 0.9201 0.0450
vn 0.3893 0.9200 0.0446
vn 0.4798 0.8762 0.0458
vn 0.4801 0.8760 0.0455
vn 0.5715 0.8193 0.0465
vn 0.5717 0.8192 0.0463
vn -0.5715 0.8193 -0.0465
vn -0.5713 0.8194 -0.0468
vn -0.4798 0.8762 -0.0458
vn -0.4795 0.8763 -0.0462
vn -0.3890 0.9201 -0.0450
vn -0.3887 0.9203 -0.0453
vn -0.3000 0.9529 -0.0441
vn -0.2999 0.9529 -0.0441
vn -0.2996 0.9530 -0.0445
vn -0.2127 0.9761 -0.0433
vn -0.2124 0.9762 -0.0436
vn -0.1271 0.9910 -0.0426
vn -0.1268 0.9910 -0.0429
vn -0.0423 0.9982 -0.0423
vn -0.0422 0.9982 -0.0424
vn 0.0423 0.9982 -0.0423
vn 0.0424 0.9982 -0.0422
vn 0.1271 0.9910 -0.0426
vn 0.1273 0.9910 -0.0424
vn 0.2127 0.9761 -0.0433
vn 0.2131 0.9761 -0.0430
vn 0.3000 0.9529 -0.0441
vn 0.2999 0.9529 -0.0441
vn 0.3003 0.9528 -0.0437
vn 0.3890 0.9201 -0.0450
vn 0.3893 0.9200 -0.0446
vn 0.4798 0.8762 -0.0458
vn 0.4801 0.8760 -0.0455
vn 0.5715 0.8193 -0.0465
vn 0.5717 0.8192 -0.0463
vn -0.5683 0.8118 -0.1344
vn -0.5682 0.8118 -0.1344
vn -0.5679 0.8120 -0.1348
vn -0.4780 0.8682 -0.1334
vn -0.4775 0.8684 -0.1339
vn -0.3884 0.9120 -0.1321
vn -0.3877 0.9122 -0.1328
vn -0.3002 0.9449 -0.1306
vn -0.2995 0.9450 -0.1314
vn -0.2135 0.9684 -0.1291
vn -0.2128 0.9684 -0.1299
vn -0.1279 0.9835 -0.1279
vn -0.1273 0.9835 -0.1284
vn -0.0426 0.9910 -0.1271
vn -0.0424 0.9910 -0.1273
vn 0.0426 0.9910 -0.1271
vn 0.0429 0.9910 -0.1268
vn 0.1279 0.9835 -0.1279
vn 0.1284 0.9835 -0.1273
vn 0.2135 0.9684 -0.1291
vn 0.2142 0.9683 -0.1284
vn 0.3002 0.9449 -0.1306
vn 0.3010 0.9448 -0.1299
vn 0.3884 0.9120 -0.1321
vn 0.3890 0.9118 -0.1314
vn 0.4780 0.8682 -0.1334
vn 0.4785 0.8680 -0.1328
vn 0.5683 0.8118 -0.1344
vn 0.5682 0.8118 -0.1344
vn 0.5686 0.8116 -0.1340
vn -0.5621 0.7983 -0.2162
vn -0.5619 0.7984 -0.2165
vn -0.4743 0.8534 -0.2161
vn -0.4739 0.8536 -0.2165
vn -0.3867 0.8966 -0.2159
vn -0.3862 0.8967 -0.2165
vn -0.3002 0.9292 -0.2154
vn -0.2995 0.9293 -0.2162
vn -0.2145 0.9529 -0.2145
vn -0.2137 0.9529 -0.2154
vn -0.1291 0.9684 -0.2135
vn -0.1284 0.9683 -0.2142
vn -0.0433 0.9761 -0.2128
vn -0.0433 0.9761 -0.2127
vn -0.0430 0.9761 -0.2131
vn 0.0433 0.9761 -0.2128
vn 0.0433 0.9761 -0.2127
vn 0.0436 0.9762 -0.2124
vn 0.1291 0.9684 -0.2135
vn 0.1299 0.9684 -0.2128
vn 0.2145 0.9529 -0.2145
vn 0.2154 0.9529 -0.2137
vn 0.3002 0.9292 -0.2154
vn 0.3010 0.9292 -0.2146
vn 0.3867 0.8966 -0.2159
vn 0.3873 0.8965 -0.2153
vn 0.4743 0.8534 -0.2161
vn 0.4747 0.8533 -0.2157
vn 0.5621 0.7983 -0.2162
vn 0.5624 0.7982 -0.2159
vn -0.5533 0.7793 -0.2943
vn -0.5532 0.7793 -0.2944
vn -0.4685 0.8324 -0.2959
vn -0.4684 0.8324 -0.2960
vn -0.3837 0.8741 -0.2979
vn -0.3834 0.8741 -0.2981
vn -0.2995 0.9059 -0.2995
vn -0.2989 0.9059 -0.3000
vn -0.2154 0.9292 -0.3002
vn -0.2146 0.9292 -0.3010
vn -0.1306 0.9449 -0.3002
vn -0.1299 0.9448 -0.3010
vn -0.0441 0.9529 -0.2999
vn -0.0437 0.9528 -0.3003
vn 0.0441 0.9529 -0.2999
vn 0.0445 0.9530 -0.2996
vn 0.1306 0.9449 -0.3002
vn 0.1314 0.9450 -0.2995
vn 0.2154 0.9292 -0.3002
vn 0.2162 0.9293 -0.2995
vn 0.2995 0.9059 -0.2995
vn 0.3000 0.9059 -0.2989
vn 0.3837 0.8741 -0.2979
vn 0.3839 0.8741 -0.2977
vn 0.4685 0.8324 -0.2959
vn 0.4686 0.8324 -0.2958
vn 0.5533 0.7793 -0.2943
vn 0.5534 0.7793 -0.2942
vn -0.5418 0.7546 -0.3701
vn -0.5421 0.7546 -0.3698
vn -0.4609 0.8046 -0.3745
vn -0.4612 0.8046 -0.3742
vn -0.3794 0.8439 -0.3794
vn -0.3794 0.8439 -0.3793
vn -0.2979 0.8741 -0.3837
vn -0.2977 0.8741 -0.3839
vn -0.2159 0.8966 -0.3867
vn -0.2153 0.8965 -0.3873
vn -0.1321 0.9120 -0.3884
vn -0.1314 0.9118 -0.3890
vn -0.0450 0.9201 -0.3890
vn -0.0446 0.9200 -0.3893
vn 0.0450 0.9201 -0.3890
vn 0.0453 0.9203 -0.3887
vn 0.1321 0.9120 -0.3884
vn 0.1328 0.9122 -0.3877
vn 0.2159 0.8966 -0.3867
vn 0.2165 0.8967 -0.3862
vn 0.2979 0.8741 -0.3837
vn 0.2981 0.8741 -0.3834
vn 0.3794 0.8439 -0.3794
vn 0.3793 0.8439 -0.3794
vn 0.4609 0.8046 -0.3745
vn 0.4606 0.8046 -0.3748
vn 0.5418 0.7546 -0.3701
vn 0.5415 0.7547 -0.3704
vn -0.5280 0.7249 -0.4424
vn -0.5281 0.7249 -0.4424
vn -0.5293 0.7247 -0.4412
vn -0.4518 0.7693 -0.4518
vn -0.4527 0.7693 -0.4508
vn -0.3745 0.8046 -0.4609
vn -0.3748 0.8046 -0.4606
vn -0.2959 0.8324 -0.4685
vn -0.2958 0.8324 -0.4686
vn -0.2161 0.8534 -0.4743
vn -0.2157 0.8533 -0.4747
vn -0.1334 0.8682 -0.4780
vn -0.1328 0.8680 -0.4785
vn -0.0458 0.8762 -0.4798
vn -0.0455 0.8760 -0.4801
vn 0.0458 0.8762 -0.4798
vn 0.0462 0.8763 -0.4795
vn 0.1334 0.8682 -0.4780
vn 0.1339 0.8684 -0.4775
vn 0.2161 0.8534 -0.4743
vn 0.2165 0.8536 -0.4739
vn 0.2959 0.8324 -0.4685
vn 0.2960 0.8324 -0.4684
vn 0.3745 0.8046 -0.4609
vn 0.3742 0.8046 -0.4612
vn 0.4518 0.7693 -0.4518
vn 0.4508 0.7693 -0.4527
vn 0.5280 0.7249 -0.4424
vn 0.5281 0.7249 -0.4424
vn 0.5268 0.7250 -0.4437
vn -0.5125 0.6890 -0.5125
vn -0.5152 0.6890 -0.5098
vn -0.4424 0.7249 -0.5280
vn -0.4424 0.7249 -0.5281
vn -0.4437 0.7250 -0.5268
vn -0.3701 0.7546 -0.5418
vn -0.3704 0.7547 -0.5415
vn -0.2943 0.7793 -0.5533
vn -0.2942 0.7793 -0.5534
vn -0.2162 0.7983 -0.5621
vn -0.2159 0.7982 -0.5624
vn -0.1344 0.8118 -0.5683
vn -0.1344 0.8118 -0.5682
vn -0.1340 0.8116 -0.5686
vn -0.0465 0.8193 -0.5715
vn -0.0463 0.8192 -0.5717
vn 0.0465 0.8193 -0.5715
vn 0.0468 0.8194 -0.5713
vn 0.1344 0.8118 -0.5683
vn 0.1344 0.8118 -0.5682
vn 0.1348 0.8120 -0.5679
vn 0.2162 0.7983 -0.5621
vn 0.2165 0.7984 -0.5619
vn 0.2943 0.7793 -0.5533
vn 0.2944 0.7793 -0.5532
vn 0.3701 0.7546 -0.5418
vn 0.3698 0.7546 -0.5421
vn 0.4424 0.7249 -0.5280
vn 0.4424 0.7249 -0.5281
vn 0.4412 0.7247 -0.5293
vn 0.5125 0.6890 -0.5125
vn 0.5098 0.6890 -0.5152
vn -0.5594 0.6117 0.5594
vn -0.5657 0.6116 0.5530
vn -0.4985 0.6433 0.5811
vn -0.4986 0.6433 0.5810
vn -0.5012 0.6437 0.5783
vn -0.4361 0.6689 0.6020
vn -0.4366 0.6691 0.6014
vn -0.3675 0.6929 0.6204
vn -0.3676 0.6929 0.6203
vn -0.2934 0.7136 0.6362
vn -0.2933 0.7136 0.6362
vn -0.2163 0.7298 0.6486
vn -0.2163 0.7297 0.6486
vn -0.2162 0.7297 0.6487
vn -0.1350 0.7413 0.6574
vn -0.1349 0.7412 0.6576
vn -0.0470 0.7478 0.6623
vn -0.0469 0.7478 0.6623
vn -0.0469 0.7477 0.6624
vn 0.0470 0.7478 0.6623
vn 0.0469 0.7478 0.6623
vn 0.0470 0.7478 0.6622
vn 0.1350 0.7413 0.6574
vn 0.1352 0.7414 0.6573
vn 0.2163 0.7298 0.6486
vn 0.2163 0.7297 0.6486
vn 0.2164 0.7298 0.6485
vn 0.2934 0.7136 0.6362
vn 0.2934 0.7136 0.6361
vn 0.3675 0.6929 0.6204
vn 0.4361 0.6689 0.6020
vn 0.4356 0.6687 0.6025
vn 0.4985 0.6433 0.5811
vn 0.4986 0.6433 0.5810
vn 0.4960 0.6428 0.5838
vn 0.5594 0.6117 0.5594
vn 0.5530 0.6116 0.5657
vn 0.5811 0.6433 0.4985
vn 0.5810 0.6433 0.4986
vn 0.5783 0.6437 0.5012
vn 0.6020 0.6689 0.4361
vn 0.6014 0.6690 0.4366
vn 0.6204 0.6929 0.3675
vn 0.6203 0.6929 0.3676
vn 0.6362 0.7136 0.2934
vn 0.6362 0.7136 0.2933
vn 0.6486 0.7297 0.2163
vn 0.6487 0.7297 0.2162
vn 0.6574 0.7413 0.1350
vn 0.6576 0.7412 0.1349
vn 0.6623 0.7478 0.0470
vn 0.6623 0.7478 0.0469
vn 0.6624 0.7477 0.0469
vn 0.6623 0.7478 -0.0469
vn 0.6623 0.7478 -0.0470
vn 0.6624 0.7477 -0.0469
vn 0.6574 0.7413 -0.1350
vn 0.6576 0.7412 -0.1349
vn 0.6486 0.7297 -0.2163
vn 0.6486 0.7298 -0.2163
vn 0.6487 0.7297 -0.2162
vn 0.6362 0.7136 -0.2934
vn 0.6362 0.7136 -0.2933
vn 0.6204 0.6929 -0.3675
vn 0.6203 0.6929 -0.3676
vn 0.6020 0.6689 -0.4361
vn 0.6014 0.6691 -0.4366
vn 0.5810 0.6433 -0.4986
vn 0.5811 0.6432 -0.4985
vn 0.5783 0.6437 -0.5012
vn 0.5594 0.6117 -0.5594
vn 0.5530 0.6116 -0.5657
vn 0.4986 0.6433 -0.5810
vn 0.4985 0.6433 -0.5811
vn 0.4960 0.6428 -0.5838
vn 0.4361 0.6689 -0.6020
vn 0.4356 0.6687 -0.6025
vn 0.3675 0.6929 -0.6204
vn 0.2934 0.7136 -0.6362
vn 0.2934 0.7136 -0.6361
vn 0.2163 0.7297 -0.6486
vn 0.2163 0.7298 -0.6486
vn 0.2164 0.7298 -0.6485
vn 0.1350 0.7413 -0.6574
vn 0.1352 0.7414 -0.6573
vn 0.0469 0.7478 -0.6623
vn 0.0470 0.7478 -0.6623
vn 0.0470 0.7478 -0.6622
vn -0.0469 0.7478 -0.6623
vn -0.0470 0.7478 -0.6623
vn -0.0469 0.7477 -0.6624
vn -0.1350 0.7413 -0.6574
vn -0.1349 0.7412 -0.6576
vn -0.2163 0.7297 -0.6486
vn -0.2163 0.7298 -0.6486
vn -0.2162 0.7297 -0.6487
vn -0.2934 0.7136 -0.6362
vn -0.2933 0.7136 -0.6362
vn -0.3675 0.6929 -0.6204
vn -0.3676 0.6929 -0.6203
vn -0.4361 0.6689 -0.6020
vn -0.4366 0.6691 -0.6014
vn -0.4986 0.6433 -0.5810
vn -0.4985 0.6433 -0.5811
vn -0.5012 0.6437 -0.5783
vn -0.5594 0.6117 -0.5594
vn -0.5657 0.6116 -0.5530
vn -0.5810 0.6433 -0.4986
vn -0.5811 0.6432 -0.4985
vn -0.5838 0.6428 -0.4960
vn -0.6020 0.6689 -0.4361
vn -0.6025 0.6687 -0.4356
vn -0.6204 0.6929 -0.3675
vn -0.6362 0.7136 -0.2934
vn -0.6361 0.7136 -0.2934
vn -0.6486 0.7297 -0.2163
vn -0.6486 0.7298 -0.2163
vn -0.6485 0.7298 -0.2164
vn -0.6574 0.7413 -0.1350
vn -0.6573 0.7414 -0.1352
vn -0.6623 0.7478 -0.0469
vn -0.6623 0.7478 -0.0470
vn -0.6622 0.7478 -0.0470
vn -0.6623 0.7478 0.0470
vn -0.6623 0.7478 0.0469
vn -0.6622 0.7478 0.0470
vn -0.6574 0.7413 0.1350
vn -0.6573 0.7414 0.1352
vn -0.6486 0.7298 0.2163
vn -0.6486 0.7297 0.2163
vn -0.6485 0.7298 0.2164
vn -0.6362 0.7136 0.2934
vn -0.6361 0.7136 0.2934
vn -0.6204 0.6929 0.3675
vn -0.6020 0.6689 0.4361
vn -0.6025 0.6687 0.4356
vn -0.5811 0.6433 0.4985
vn -0.5810 0.6433 0.4986
vn -0.5838 0.6428 0.4960
vn -0.6863 0.5166 -0.5119
vn -0.6863 0.5191 -0.5094
vn -0.7187 0.4547 -0.5260
vn -0.7189 0.4556 -0.5250
vn -0.7445 0.3956 -0.5378
vn -0.7653 0.3389 -0.5473
vn -0.7652 0.3385 -0.5476
vn -0.7814 0.2863 -0.5545
vn -0.7812 0.2857 -0.5550
vn -0.7940 0.2370 -0.5598
vn -0.7937 0.2362 -0.5605
vn -0.8040 0.1894 -0.5637
vn -0.8037 0.1887 -0.5644
vn -0.8114 0.1436 -0.5666
vn -0.8111 0.1431 -0.5671
vn -0.8161 0.1039 -0.5685
vn -0.8159 0.1037 -0.5688
vn -0.8188 0.0705 -0.5697
vn -0.8188 0.0703 -0.5698
vn -0.8203 0.0422 -0.5703
vn -0.8203 0.0421 -0.5704
vn -0.8210 0.0183 -0.5706
vn -0.8210 0.0182 -0.5706
vn -0.8212 -0.0017 -0.5707
vn -0.8209 -0.0247 -0.5705
vn -0.8211 -0.0182 -0.5705
vn -0.7223 0.5318 -0.4422
vn -0.7223 0.5317 -0.4422
vn -0.7222 0.5329 -0.4410
vn -0.7630 0.4633 -0.4508
vn -0.7630 0.4640 -0.4501
vn -0.7938 0.3992 -0.4588
vn -0.7938 0.3993 -0.4588
vn -0.8175 0.3398 -0.4651
vn -0.8174 0.3394 -0.4655
vn -0.8354 0.2853 -0.4697
vn -0.8353 0.2846 -0.4705
vn -0.8493 0.2348 -0.4728
vn -0.8493 0.2348 -0.4727
vn -0.8490 0.2338 -0.4737
vn -0.8600 0.1870 -0.4747
vn -0.8601 0.1870 -0.4747
vn -0.8597 0.1860 -0.4756
vn -0.8679 0.1418 -0.4761
vn -0.8677 0.1412 -0.4767
vn -0.8729 0.1027 -0.4770
vn -0.8727 0.1024 -0.4774
vn -0.8758 0.0697 -0.4776
vn -0.8757 0.0695 -0.4778
vn -0.8774 0.0418 -0.4780
vn -0.8773 0.0416 -0.4781
vn -0.8781 0.0181 -0.4781
vn -0.8781 0.0180 -0.4782
vn -0.8783 -0.0018 -0.4781
vn -0.8780 -0.0246 -0.4779
vn -0.8782 -0.0181 -0.4780
vn -0.7522 0.5453 -0.3701
vn -0.7522 0.5452 -0.3701
vn -0.7521 0.5455 -0.3699
vn -0.7983 0.4719 -0.3742
vn -0.7983 0.4721 -0.3740
vn -0.8330 0.4034 -0.3785
vn -0.8330 0.4033 -0.3787
vn -0.8589 0.3409 -0.3822
vn -0.8589 0.3409 -0.3821
vn -0.8589 0.3404 -0.3827
vn -0.8783 0.2842 -0.3846
vn -0.8783 0.2842 -0.3845
vn -0.8782 0.2833 -0.3855
vn -0.8929 0.2322 -0.3857
vn -0.8929 0.2323 -0.3857
vn -0.8927 0.2311 -0.3869
vn -0.9039 0.1841 -0.3861
vn -0.9036 0.1830 -0.3872
vn -0.9117 0.1396 -0.3863
vn -0.9117 0.1397 -0.3863
vn -0.9115 0.1389 -0.3870
vn -0.9167 0.1013 -0.3865
vn -0.9166 0.1009 -0.3869
vn -0.9196 0.0688 -0.3867
vn -0.9196 0.0686 -0.3869
vn -0.9212 0.0413 -0.3868
vn -0.9212 0.0411 -0.3869
vn -0.9220 0.0179 -0.3868
vn -0.9220 0.0178 -0.3869
vn -0.9222 -0.0018 -0.3868
vn -0.9219 -0.0244 -0.3867
vn -0.9220 -0.0180 -0.3867
vn -0.7769 0.5566 -0.2943
vn -0.7769 0.5565 -0.2944
vn -0.8263 0.4792 -0.2960
vn -0.8263 0.4791 -0.2961
vn -0.8634 0.4072 -0.2978
vn -0.8634 0.4073 -0.2978
vn -0.8634 0.4069 -0.2982
vn -0.8909 0.3418 -0.2992
vn -0.8909 0.3419 -0.2992
vn -0.8909 0.3412 -0.2999
vn -0.9112 0.2828 -0.2997
vn -0.9112 0.2829 -0.2996
vn -0.9111 0.2818 -0.3007
vn -0.9261 0.2295 -0.2994
vn -0.9261 0.2295 -0.2993
vn -0.9260 0.2284 -0.3006
vn -0.9370 0.1811 -0.2987
vn -0.9370 0.1812 -0.2987
vn -0.9369 0.1801 -0.2997
vn -0.9446 0.1375 -0.2981
vn -0.9445 0.1368 -0.2988
vn -0.9494 0.0999 -0.2978
vn -0.9493 0.0995 -0.2982
vn -0.9522 0.0680 -0.2977
vn -0.9522 0.0677 -0.2979
vn -0.9538 0.0408 -0.2977
vn -0.9538 0.0406 -0.2978
vn -0.9545 0.0176 -0.2976
vn -0.9545 0.0176 -0.2977
vn -0.9547 -0.0019 -0.2976
vn -0.9544 -0.0243 -0.2975
vn -0.9545 -0.0180 -0.2975
vn -0.7960 0.5654 -0.2163
vn -0.7959 0.5654 -0.2163
vn -0.7961 0.5652 -0.2165
vn -0.8474 0.4849 -0.2163
vn -0.8475 0.4845 -0.2167
vn -0.8861 0.4101 -0.2162
vn -0.8860 0.4101 -0.2162
vn -0.8862 0.4095 -0.2168
vn -0.9145 0.3422 -0.2158
vn -0.9145 0.3423 -0.2158
vn -0.9146 0.3414 -0.2167
vn -0.9352 0.2813 -0.2149
vn -0.9352 0.2814 -0.2149
vn -0.9353 0.2803 -0.2160
vn -0.9502 0.2270 -0.2137
vn -0.9502 0.2259 -0.2148
vn -0.9607 0.1785 -0.2125
vn -0.9607 0.1776 -0.2134
vn -0.9679 0.1355 -0.2116
vn -0.9679 0.1356 -0.2116
vn -0.9679 0.1350 -0.2122
vn -0.9725 0.0987 -0.2111
vn -0.9724 0.0983 -0.2115
vn -0.9752 0.0672 -0.2109
vn -0.9752 0.0670 -0.2111
vn -0.9767 0.0403 -0.2107
vn -0.9767 0.0402 -0.2108
vn -0.9774 0.0174 -0.2107
vn -0.9776 -0.0019 -0.2106
vn -0.9776 -0.0019 -0.2107
vn -0.9773 -0.0242 -0.2105
vn -0.9774 -0.0179 -0.2106
vn -0.8095 0.5715 -0.1345
vn -0.8095 0.5716 -0.1345
vn -0.8096 0.5712 -0.1349
vn -0.8622 0.4886 -0.1336
vn -0.8622 0.4886 -0.1335
vn -0.8624 0.4881 -0.1341
vn -0.9017 0.4117 -0.1325
vn -0.9016 0.4117 -0.1324
vn -0.9018 0.4111 -0.1332
vn -0.9305 0.3421 -0.1312
vn -0.9306 0.3413 -0.1320
vn -0.9512 0.2799 -0.1298
vn -0.9513 0.2791 -0.1307
vn -0.9659 0.2249 -0.1285
vn -0.9659 0.2250 -0.1284
vn -0.9659 0.2242 -0.1293
vn -0.9760 0.1765 -0.1273
vn -0.9761 0.1758 -0.1279
vn -0.9829 0.1341 -0.1265
vn -0.9829 0.1337 -0.1269
vn -0.9872 0.0977 -0.1260
vn -0.9872 0.0975 -0.1263
vn -0.9898 0.0666 -0.1258
vn -0.9898 0.0665 -0.1259
vn -0.9913 0.0400 -0.1257
vn -0.9913 0.0399 -0.1257
vn -0.9919 0.0173 -0.1256
vn -0.9919 0.0172 -0.1256
vn -0.9921 -0.0019 -0.1256
vn -0.9921 -0.0020 -0.1256
vn -0.9918 -0.0242 -0.1255
vn -0.9919 -0.0179 -0.1255
vn -0.8170 0.5748 -0.0466
vn -0.8171 0.5746 -0.0468
vn -0.8703 0.4904 -0.0459
vn -0.8704 0.4902 -0.0462
vn -0.9099 0.4123 -0.0452
vn -0.9100 0.4120 -0.0455
vn -0.9387 0.3417 -0.0444
vn -0.9387 0.3418 -0.0444
vn -0.9388 0.3414 -0.0448
vn -0.9593 0.2790 -0.0436
vn -0.9594 0.2787 -0.0440
vn -0.9737 0.2237 -0.0430
vn -0.9737 0.2238 -0.0430
vn -0.9738 0.2234 -0.0433
vn -0.9836 0.1754 -0.0425
vn -0.9836 0.1751 -0.0427
vn -0.9902 0.1333 -0.0421
vn -0.9902 0.1331 -0.0423
vn -0.9944 0.0972 -0.0419
vn -0.9944 0.0971 -0.0420
vn -0.9969 0.0663 -0.0418
vn -0.9969 0.0662 -0.0419
vn -0.9983 0.0398 -0.0418
vn -0.9990 0.0172 -0.0417
vn -0.9991 -0.0020 -0.0417
vn -0.9988 -0.0241 -0.0417
vn -0.9990 -0.0178 -0.0417
vn -0.8170 0.5748 0.0466
vn -0.8171 0.5746 0.0468
vn -0.8703 0.4904 0.0459
vn -0.8704 0.4902 0.0462
vn -0.9099 0.4123 0.0452
vn -0.9100 0.4120 0.0455
vn -0.9387 0.3418 0.0444
vn -0.9387 0.3417 0.0444
vn -0.9388 0.3414 0.0448
vn -0.9593 0.2790 0.0436
vn -0.9594 0.2787 0.0440
vn -0.9737 0.2238 0.0430
vn -0.9737 0.2237 0.0430
vn -0.9738 0.2234 0.0433
vn -0.9836 0.1754 0.0425
vn -0.9836 0.1751 0.0427
vn -0.9902 0.1333 0.0421
vn -0.9902 0.1331 0.0423
vn -0.9944 0.0972 0.0419
vn -0.9944 0.0971 0.0420
vn -0.9969 0.0663 0.0418
vn -0.9969 0.0662 0.0419
vn -0.9983 0.0398 0.0418
vn -0.9990 0.0172 0.0417
vn -0.9991 -0.0020 0.0417
vn -0.9990 -0.0178 0.0417
vn -0.9988 -0.0241 0.0417
vn -0.8095 0.5716 0.1345
vn -0.8095 0.5715 0.1345
vn -0.8096 0.5712 0.1349
vn -0.8622 0.4886 0.1336
vn -0.8624 0.4881 0.1341
vn -0.9016 0.4117 0.1324
vn -0.9016 0.4117 0.1325
vn -0.9018 0.4111 0.1332
vn -0.9305 0.3421 0.1312
vn -0.9306 0.3413 0.1320
vn -0.9512 0.2799 0.1298
vn -0.9513 0.2791 0.1307
vn -0.9659 0.2250 0.1284
vn -0.9659 0.2249 0.1285
vn -0.9659 0.2242 0.1293
vn -0.9760 0.1765 0.1273
vn -0.9761 0.1758 0.1279
vn -0.9829 0.1341 0.1265
vn -0.9829 0.1337 0.1269
vn -0.9872 0.0977 0.1260
vn -0.9872 0.0975 0.1263
vn -0.9898 0.0666 0.1258
vn -0.9898 0.0665 0.1259
vn -0.9913 0.0400 0.1257
vn -0.9913 0.0399 0.1257
vn -0.9919 0.0173 0.1256
vn -0.9919 0.0172 0.1256
vn -0.9921 -0.0020 0.1256
vn -0.9921 -0.0019 0.1256
vn -0.9919 -0.0179 0.1255
vn -0.9918 -0.0242 0.1255
vn -0.7960 0.5654 0.2163
vn -0.7961 0.5652 0.2165
vn -0.8474 0.4849 0.2163
vn -0.8475 0.4845 0.2167
vn -0.8860 0.4101 0.2162
vn -0.8861 0.4101 0.2162
vn -0.8862 0.4095 0.2168
vn -0.9145 0.3423 0.2158
vn -0.9145 0.3422 0.2158
vn -0.9146 0.3414 0.2167
vn -0.9352 0.2814 0.2149
vn -0.9352 0.2813 0.2149
vn -0.9353 0.2803 0.2160
vn -0.9502 0.2270 0.2137
vn -0.9502 0.2259 0.2148
vn -0.9607 0.1785 0.2125
vn -0.9607 0.1776 0.2134
vn -0.9679 0.1356 0.2116
vn -0.9679 0.1350 0.2122
vn -0.9725 0.0987 0.2111
vn -0.9724 0.0983 0.2115
vn -0.9752 0.0672 0.2109
vn -0.9752 0.0670 0.2111
vn -0.9767 0.0403 0.2107
vn -0.9767 0.0402 0.2108
vn -0.9774 0.0174 0.2107
vn -0.9776 -0.0019 0.2106
vn -0.9776 -0.0019 0.2107
vn -0.9774 -0.0179 0.2106
vn -0.9773 -0.0242 0.2105
vn -0.7769 0.5566 0.2943
vn -0.7769 0.5565 0.2944
vn -0.8263 0.4792 0.2960
vn -0.8263 0.4791 0.2961
vn -0.8634 0.4073 0.2978
vn -0.8634 0.4072 0.2978
vn -0.8634 0.4069 0.2982
vn -0.8909 0.3419 0.2992
vn -0.8909 0.3418 0.2992
vn -0.8909 0.3412 0.2999
vn -0.9112 0.2829 0.2996
vn -0.9112 0.2828 0.2997
vn -0.9111 0.2818 0.3007
vn -0.9261 0.2295 0.2993
vn -0.9261 0.2295 0.2994
vn -0.9260 0.2284 0.3006
vn -0.9370 0.1812 0.2987
vn -0.9370 0.1811 0.2987
vn -0.9369 0.1801 0.2997
vn -0.9446 0.1375 0.2981
vn -0.9445 0.1368 0.2988
vn -0.9494 0.0999 0.2978
vn -0.9493 0.0995 0.2982
vn -0.9522 0.0680 0.2977
vn -0.9522 0.0677 0.2979
vn -0.9538 0.0408 0.2977
vn -0.9538 0.0406 0.2978
vn -0.9545 0.0176 0.2977
vn -0.9545 0.0176 0.2976
vn -0.9547 -0.0019 0.2976
vn -0.9545 -0.0180 0.2975
vn -0.9544 -0.0243 0.2975
vn -0.7522 0.5452 0.3701
vn -0.7522 0.5453 0.3701
vn -0.7521 0.5455 0.3699
vn -0.7983 0.4719 0.3742
vn -0.7983 0.4721 0.3740
vn -0.8330 0.4034 0.3785
vn -0.8330 0.4033 0.3787
vn -0.8589 0.3409 0.3821
vn -0.8589 0.3409 0.3822
vn -0.8589 0.3404 0.3827
vn -0.8783 0.2842 0.3845
vn -0.8783 0.2842 0.3846
vn -0.8782 0.2833 0.3855
vn -0.8929 0.2323 0.3857
vn -0.8929 0.2322 0.3857
vn -0.8927 0.2311 0.3869
vn -0.9039 0.1841 0.3861
vn -0.9036 0.1830 0.3872
vn -0.9117 0.1397 0.3863
vn -0.9117 0.1396 0.3863
vn -0.9115 0.1389 0.3870
vn -0.9167 0.1013 0.3865
vn -0.9166 0.1009 0.3869
vn -0.9196 0.0688 0.3867
vn -0.9196 0.0686 0.3869
vn -0.9212 0.0413 0.3868
vn -0.9212 0.0411 0.3869
vn -0.9220 0.0179 0.3868
vn -0.9220 0.0178 0.3869
vn -0.9222 -0.0018 0.3868
vn -0.9220 -0.0181 0.3867
vn -0.9219 -0.0244 0.3867
vn -0.9220 -0.0180 0.3867
vn -0.7223 0.5317 0.4422
vn -0.7223 0.5318 0.4422
vn -0.7222 0.5329 0.4410
vn -0.7630 0.4633 0.4508
vn -0.7630 0.4640 0.4501
vn -0.7938 0.3992 0.4588
vn -0.7938 0.3993 0.4588
vn -0.8175 0.3398 0.4651
vn -0.8174 0.3394 0.4655
vn -0.8354 0.2853 0.4697
vn -0.8353 0.2846 0.4705
vn -0.8493 0.2348 0.4728
vn -0.8490 0.2338 0.4737
vn -0.8600 0.1870 0.4747
vn -0.8597 0.1860 0.4757
vn -0.8679 0.1418 0.4761
vn -0.8677 0.1412 0.4767
vn -0.8729 0.1027 0.4770
vn -0.8727 0.1024 0.4774
vn -0.8758 0.0697 0.4776
vn -0.8757 0.0695 0.4778
vn -0.8774 0.0418 0.4780
vn -0.8773 0.0416 0.4781
vn -0.8781 0.0181 0.4781
vn -0.8781 0.0180 0.4782
vn -0.8783 -0.0018 0.4781
vn -0.8782 -0.0181 0.4780
vn -0.8780 -0.0246 0.4779
vn -0.6863 0.5166 0.5119
vn -0.6863 0.5191 0.5094
vn -0.7187 0.4547 0.5260
vn -0.7189 0.4556 0.5250
vn -0.7445 0.3956 0.5378
vn -0.7653 0.3389 0.5473
vn -0.7652 0.3386 0.5476
vn -0.7814 0.2863 0.5545
vn -0.7812 0.2857 0.5550
vn -0.7940 0.2370 0.5598
vn -0.7940 0.2369 0.5598
vn -0.7937 0.2362 0.5605
vn -0.8040 0.1894 0.5637
vn -0.8037 0.1887 0.5644
vn -0.8114 0.1436 0.5666
vn -0.8111 0.1431 0.5671
vn -0.8161 0.1039 0.5685
vn -0.8159 0.1036 0.5688
vn -0.8188 0.0705 0.5697
vn -0.8188 0.0703 0.5698
vn -0.8203 0.0422 0.5703
vn -0.8203 0.0421 0.5704
vn -0.8210 0.0183 0.5706
vn -0.8210 0.0182 0.5706
vn -0.8212 -0.0017 0.5707
vn -0.8211 -0.0182 0.5705
vn -0.8209 -0.0247 0.5705
vn -0.6112 0.5600 -0.5593
vn -0.6112 0.5662 -0.5530
vn -0.6407 0.5033 -0.5798
vn -0.6407 0.5034 -0.5797
vn -0.6412 0.5057 -0.5772
vn -0.6636 0.4489 -0.5984
vn -0.6637 0.4493 -0.5980
vn -0.6842 0.3936 -0.6140
vn -0.6842 0.3935 -0.6141
vn -0.7015 0.3385 -0.6271
vn -0.7014 0.3383 -0.6273
vn -0.7151 0.2869 -0.6374
vn -0.7150 0.2867 -0.6376
vn -0.7258 0.2383 -0.6454
vn -0.7258 0.2383 -0.6453
vn -0.7256 0.2380 -0.6456
vn -0.7342 0.1908 -0.6516
vn -0.7341 0.1905 -0.6518
vn -0.7406 0.1447 -0.6562
vn -0.7405 0.1445 -0.6564
vn -0.7446 0.1046 -0.6592
vn -0.7446 0.1045 -0.6593
vn -0.7470 0.0709 -0.6610
vn -0.7470 0.0709 -0.6611
vn -0.7483 0.0424 -0.6620
vn -0.7489 0.0184 -0.6624
vn -0.7489 0.0184 -0.6625
vn -0.7490 -0.0017 -0.6625
vn -0.7488 -0.0247 -0.6623
vn -0.7489 -0.0183 -0.6624
vn -0.7489 -0.0182 -0.6624
vn -0.7485 -0.0363 -0.6621
vn -0.8207 -0.0362 -0.5703
vn -0.8210 -0.0247 -0.5705
vn -0.8777 -0.0360 -0.4778
vn -0.9216 -0.0358 -0.3865
vn -0.9541 -0.0356 -0.2974
vn -0.9770 -0.0355 -0.2105
vn -0.9915 -0.0354 -0.1255
vn -0.9985 -0.0353 -0.0417
vn -0.9985 -0.0353 0.0417
vn -0.9915 -0.0354 0.1255
vn -0.9770 -0.0355 0.2105
vn -0.9541 -0.0356 0.2974
vn -0.9216 -0.0358 0.3865
vn -0.8777 -0.0360 0.4778
vn -0.8210 -0.0247 0.5705
vn -0.8207 -0.0362 0.5703
vn -0.7488 -0.0247 0.6623
vn -0.7485 -0.0363 0.6621
vn -0.7489 -0.0183 0.6624
vn -0.7489 -0.0182 0.6624
vn -0.7490 -0.0017 0.6625
vn -0.7489 0.0184 0.6624
vn -0.7489 0.0184 0.6625
vn -0.7483 0.0424 0.6620
vn -0.7470 0.0709 0.6610
vn -0.7470 0.0709 0.6611
vn -0.7446 0.1046 0.6592
vn -0.7446 0.1045 0.6593
vn -0.7406 0.1447 0.6562
vn -0.7405 0.1445 0.6564
vn -0.7342 0.1908 0.6516
vn -0.7341 0.1905 0.6518
vn -0.7258 0.2383 0.6453
vn -0.7258 0.2383 0.6454
vn -0.7256 0.2380 0.6456
vn -0.7151 0.2869 0.6374
vn -0.7150 0.2867 0.6376
vn -0.7015 0.3385 0.6271
vn -0.7014 0.3383 0.6273
vn -0.6842 0.3936 0.6140
vn -0.6842 0.3935 0.6141
vn -0.6636 0.4489 0.5984
vn -0.6637 0.4493 0.5980
vn -0.6407 0.5034 0.5797
vn -0.6407 0.5033 0.5798
vn -0.6412 0.5057 0.5772
vn -0.6112 0.5600 0.5593
vn -0.6112 0.5662 0.5530
vn -0.6429 0.5815 0.4986
vn -0.6428 0.5816 0.4985
vn -0.6424 0.5842 0.4960
vn -0.6685 0.6024 0.4361
vn -0.6684 0.6029 0.4356
vn -0.6925 0.6207 0.3675
vn -0.6925 0.6208 0.3675
vn -0.7132 0.6366 0.2934
vn -0.7133 0.6365 0.2934
vn -0.7294 0.6490 0.2163
vn -0.7295 0.6488 0.2164
vn -0.7410 0.6578 0.1350
vn -0.7411 0.6577 0.1352
vn -0.7474 0.6627 0.0470
vn -0.7475 0.6626 0.0470
vn -0.7474 0.6627 -0.0470
vn -0.7475 0.6626 -0.0470
vn -0.7410 0.6578 -0.1350
vn -0.7411 0.6577 -0.1352
vn -0.7294 0.6490 -0.2163
vn -0.7295 0.6488 -0.2164
vn -0.7132 0.6366 -0.2934
vn -0.7133 0.6365 -0.2934
vn -0.6925 0.6207 -0.3675
vn -0.6925 0.6208 -0.3675
vn -0.6685 0.6024 -0.4361
vn -0.6684 0.6029 -0.4356
vn -0.6428 0.5816 -0.4985
vn -0.6429 0.5815 -0.4986
vn -0.6424 0.5842 -0.4960
vn -0.5119 0.5166 -0.6863
vn -0.5144 0.5142 -0.6863
vn -0.4422 0.5318 -0.7223
vn -0.4422 0.5317 -0.7223
vn -0.4434 0.5306 -0.7224
vn -0.3701 0.5453 -0.7522
vn -0.3701 0.5452 -0.7522
vn -0.3703 0.5450 -0.7522
vn -0.2943 0.5566 -0.7769
vn -0.2942 0.5567 -0.7769
vn -0.2163 0.5654 -0.7960
vn -0.2163 0.5654 -0.7959
vn -0.2160 0.5657 -0.7958
vn -0.1345 0.5715 -0.8095
vn -0.1345 0.5716 -0.8095
vn -0.1341 0.5719 -0.8093
vn -0.0466 0.5748 -0.8170
vn -0.0463 0.5750 -0.8169
vn 0.0466 0.5748 -0.8170
vn 0.0468 0.5746 -0.8171
vn 0.1345 0.5715 -0.8095
vn 0.1345 0.5716 -0.8095
vn 0.1349 0.5712 -0.8097
vn 0.2163 0.5654 -0.7960
vn 0.2163 0.5654 -0.7959
vn 0.2165 0.5652 -0.7961
vn 0.2943 0.5566 -0.7769
vn 0.2944 0.5565 -0.7769
vn 0.3701 0.5453 -0.7522
vn 0.3701 0.5452 -0.7522
vn 0.3699 0.5455 -0.7521
vn 0.4422 0.5318 -0.7223
vn 0.4422 0.5317 -0.7223
vn 0.4410 0.5329 -0.7222
vn 0.5119 0.5166 -0.6863
vn 0.5094 0.5191 -0.6863
vn -0.5260 0.4547 -0.7187
vn -0.5270 0.4537 -0.7186
vn -0.4508 0.4633 -0.7630
vn -0.4516 0.4626 -0.7630
vn -0.3742 0.4719 -0.7983
vn -0.3743 0.4717 -0.7983
vn -0.2960 0.4792 -0.8263
vn -0.2958 0.4794 -0.8262
vn -0.2163 0.4849 -0.8474
vn -0.2158 0.4853 -0.8473
vn -0.1336 0.4886 -0.8622
vn -0.1335 0.4886 -0.8622
vn -0.1330 0.4891 -0.8620
vn -0.0459 0.4904 -0.8703
vn -0.0456 0.4907 -0.8701
vn 0.0459 0.4904 -0.8703
vn 0.0462 0.4901 -0.8704
vn 0.1336 0.4886 -0.8622
vn 0.1335 0.4886 -0.8622
vn 0.1341 0.4881 -0.8624
vn 0.2163 0.4849 -0.8474
vn 0.2167 0.4845 -0.8475
vn 0.2960 0.4792 -0.8263
vn 0.2961 0.4791 -0.8263
vn 0.3742 0.4719 -0.7983
vn 0.3740 0.4721 -0.7983
vn 0.4508 0.4633 -0.7630
vn 0.4501 0.4640 -0.7630
vn 0.5260 0.4547 -0.7187
vn 0.5250 0.4556 -0.7189
vn -0.5378 0.3956 -0.7445
vn -0.4588 0.3992 -0.7938
vn -0.3785 0.4034 -0.8330
vn -0.3784 0.4035 -0.8330
vn -0.2978 0.4072 -0.8634
vn -0.2978 0.4073 -0.8634
vn -0.2975 0.4076 -0.8634
vn -0.2162 0.4101 -0.8861
vn -0.2162 0.4101 -0.8860
vn -0.2156 0.4107 -0.8859
vn -0.1325 0.4117 -0.9017
vn -0.1324 0.4117 -0.9016
vn -0.1318 0.4123 -0.9015
vn -0.0452 0.4123 -0.9099
vn -0.0448 0.4126 -0.9098
vn 0.0452 0.4123 -0.9099
vn 0.0455 0.4120 -0.9101
vn 0.1325 0.4117 -0.9017
vn 0.1324 0.4117 -0.9016
vn 0.1332 0.4111 -0.9018
vn 0.2162 0.4101 -0.8861
vn 0.2162 0.4101 -0.8860
vn 0.2168 0.4095 -0.8862
vn 0.2978 0.4072 -0.8634
vn 0.2978 0.4073 -0.8634
vn 0.2982 0.4069 -0.8634
vn 0.3785 0.4034 -0.8330
vn 0.3787 0.4033 -0.8330
vn 0.4588 0.3992 -0.7938
vn 0.5378 0.3956 -0.7445
vn -0.5473 0.3389 -0.7653
vn -0.5469 0.3393 -0.7654
vn -0.4651 0.3398 -0.8175
vn -0.4647 0.3402 -0.8175
vn -0.3822 0.3409 -0.8589
vn -0.3821 0.3409 -0.8589
vn -0.3816 0.3414 -0.8589
vn -0.2992 0.3418 -0.8909
vn -0.2992 0.3419 -0.8909
vn -0.2985 0.3426 -0.8908
vn -0.2158 0.3422 -0.9145
vn -0.2158 0.3423 -0.9145
vn -0.2149 0.3431 -0.9144
vn -0.1312 0.3421 -0.9305
vn -0.1304 0.3428 -0.9303
vn -0.0444 0.3417 -0.9387
vn -0.0444 0.3418 -0.9387
vn -0.0440 0.3421 -0.9386
vn 0.0444 0.3417 -0.9387
vn 0.0444 0.3418 -0.9387
vn 0.0448 0.3414 -0.9388
vn 0.1312 0.3421 -0.9305
vn 0.1320 0.3413 -0.9306
vn 0.2158 0.3422 -0.9145
vn 0.2158 0.3423 -0.9145
vn 0.2167 0.3414 -0.9146
vn 0.2992 0.3418 -0.8909
vn 0.2992 0.3419 -0.8909
vn 0.2999 0.3412 -0.8909
vn 0.3822 0.3409 -0.8589
vn 0.3821 0.3409 -0.8589
vn 0.3827 0.3404 -0.8589
vn 0.4651 0.3398 -0.8175
vn 0.4655 0.3394 -0.8174
vn 0.5473 0.3389 -0.7653
vn 0.5476 0.3385 -0.7652
vn -0.5545 0.2863 -0.7814
vn -0.5539 0.2868 -0.7816
vn -0.4697 0.2853 -0.8354
vn -0.4689 0.2861 -0.8356
vn -0.3846 0.2842 -0.8783
vn -0.3845 0.2842 -0.8783
vn -0.3836 0.2851 -0.8784
vn -0.2997 0.2828 -0.9112
vn -0.2996 0.2829 -0.9112
vn -0.2986 0.2839 -0.9112
vn -0.2149 0.2813 -0.9352
vn -0.2149 0.2814 -0.9352
vn -0.2138 0.2824 -0.9352
vn -0.1298 0.2799 -0.9512
vn -0.1289 0.2807 -0.9511
vn -0.0436 0.2790 -0.9593
vn -0.0433 0.2793 -0.9592
vn 0.0436 0.2790 -0.9593
vn 0.0440 0.2787 -0.9594
vn 0.1298 0.2799 -0.9512
vn 0.1307 0.2791 -0.9513
vn 0.2149 0.2813 -0.9352
vn 0.2149 0.2814 -0.9352
vn 0.2160 0.2803 -0.9353
vn 0.2997 0.2828 -0.9112
vn 0.2996 0.2829 -0.9112
vn 0.3007 0.2818 -0.9111
vn 0.3846 0.2842 -0.8783
vn 0.3845 0.2842 -0.8783
vn 0.3855 0.2833 -0.8782
vn 0.4697 0.2853 -0.8354
vn 0.4705 0.2846 -0.8353
vn 0.5545 0.2863 -0.7814
vn 0.5550 0.2857 -0.7812
vn -0.5598 0.2370 -0.7940
vn -0.5591 0.2377 -0.7943
vn -0.4728 0.2348 -0.8493
vn -0.4727 0.2348 -0.8493
vn -0.4718 0.2358 -0.8496
vn -0.3857 0.2322 -0.8929
vn -0.3857 0.2323 -0.8929
vn -0.3846 0.2333 -0.8931
vn -0.2994 0.2295 -0.9261
vn -0.2993 0.2295 -0.9261
vn -0.2981 0.2307 -0.9262
vn -0.2137 0.2270 -0.9502
vn -0.2126 0.2280 -0.9502
vn -0.1285 0.2249 -0.9659
vn -0.1284 0.2250 -0.9659
vn -0.1276 0.2257 -0.9658
vn -0.0430 0.2237 -0.9737
vn -0.0430 0.2238 -0.9737
vn -0.0427 0.2241 -0.9736
vn 0.0430 0.2237 -0.9737
vn 0.0430 0.2238 -0.9737
vn 0.0433 0.2234 -0.9738
vn 0.1285 0.2249 -0.9659
vn 0.1284 0.2250 -0.9659
vn 0.1293 0.2242 -0.9659
vn 0.2137 0.2270 -0.9502
vn 0.2148 0.2259 -0.9502
vn 0.2994 0.2295 -0.9261
vn 0.2993 0.2295 -0.9261
vn 0.3006 0.2284 -0.9260
vn 0.3857 0.2322 -0.8929
vn 0.3857 0.2323 -0.8929
vn 0.3869 0.2311 -0.8927
vn 0.4728 0.2348 -0.8493
vn 0.4727 0.2348 -0.8493
vn 0.4737 0.2338 -0.8490
vn 0.5598 0.2370 -0.7940
vn 0.5605 0.2363 -0.7937
vn -0.5637 0.1894 -0.8040
vn -0.5631 0.1900 -0.8043
vn -0.4747 0.1870 -0.8600
vn -0.4747 0.1870 -0.8601
vn -0.4738 0.1879 -0.8604
vn -0.3861 0.1841 -0.9039
vn -0.3851 0.1851 -0.9041
vn -0.2987 0.1811 -0.9370
vn -0.2987 0.1812 -0.9370
vn -0.2976 0.1822 -0.9371
vn -0.2125 0.1785 -0.9607
vn -0.2116 0.1794 -0.9608
vn -0.1273 0.1765 -0.9760
vn -0.1266 0.1771 -0.9760
vn -0.0425 0.1754 -0.9836
vn -0.0422 0.1756 -0.9836
vn 0.0425 0.1754 -0.9836
vn 0.0427 0.1751 -0.9836
vn 0.1273 0.1765 -0.9760
vn 0.1279 0.1758 -0.9761
vn 0.2125 0.1785 -0.9607
vn 0.2134 0.1776 -0.9607
vn 0.2987 0.1811 -0.9370
vn 0.2987 0.1812 -0.9370
vn 0.2997 0.1801 -0.9369
vn 0.3861 0.1841 -0.9039
vn 0.3872 0.1830 -0.9036
vn 0.4747 0.1870 -0.8600
vn 0.4747 0.1870 -0.8601
vn 0.4756 0.1860 -0.8597
vn 0.5637 0.1894 -0.8040
vn 0.5644 0.1887 -0.8037
vn -0.5666 0.1436 -0.8114
vn -0.5662 0.1441 -0.8116
vn -0.4761 0.1418 -0.8679
vn -0.4755 0.1424 -0.8681
vn -0.3863 0.1396 -0.9117
vn -0.3863 0.1397 -0.9117
vn -0.3856 0.1404 -0.9119
vn -0.2981 0.1375 -0.9446
vn -0.2974 0.1382 -0.9447
vn -0.2116 0.1356 -0.9679
vn -0.2110 0.1361 -0.9680
vn -0.1265 0.1341 -0.9829
vn -0.1261 0.1345 -0.9829
vn -0.0421 0.1333 -0.9902
vn -0.0419 0.1335 -0.9902
vn 0.0421 0.1333 -0.9902
vn 0.0423 0.1331 -0.9902
vn 0.1265 0.1341 -0.9829
vn 0.1269 0.1337 -0.9829
vn 0.2116 0.1355 -0.9679
vn 0.2116 0.1356 -0.9679
vn 0.2122 0.1350 -0.9679
vn 0.2981 0.1375 -0.9446
vn 0.2988 0.1368 -0.9445
vn 0.3863 0.1396 -0.9117
vn 0.3863 0.1397 -0.9117
vn 0.3870 0.1389 -0.9115
vn 0.4761 0.1418 -0.8679
vn 0.4767 0.1412 -0.8677
vn 0.5666 0.1436 -0.8114
vn 0.5671 0.1431 -0.8111
vn -0.5685 0.1039 -0.8161
vn -0.5683 0.1042 -0.8162
vn -0.4770 0.1027 -0.8729
vn -0.4767 0.1031 -0.8730
vn -0.3865 0.1013 -0.9167
vn -0.3861 0.1018 -0.9168
vn -0.2978 0.0999 -0.9494
vn -0.2974 0.1004 -0.9495
vn -0.2111 0.0987 -0.9725
vn -0.2107 0.0990 -0.9725
vn -0.1260 0.0977 -0.9872
vn -0.1258 0.0980 -0.9872
vn -0.0419 0.0972 -0.9944
vn -0.0418 0.0973 -0.9944
vn 0.0419 0.0972 -0.9944
vn 0.0420 0.0971 -0.9944
vn 0.1260 0.0977 -0.9872
vn 0.1263 0.0975 -0.9872
vn 0.2111 0.0987 -0.9725
vn 0.2115 0.0983 -0.9724
vn 0.2978 0.0999 -0.9494
vn 0.2982 0.0995 -0.9493
vn 0.3865 0.1013 -0.9167
vn 0.3869 0.1009 -0.9166
vn 0.4770 0.1027 -0.8729
vn 0.4774 0.1024 -0.8727
vn 0.5685 0.1039 -0.8161
vn 0.5688 0.1036 -0.8159
vn -0.5697 0.0705 -0.8188
vn -0.5696 0.0706 -0.8189
vn -0.4776 0.0697 -0.8758
vn -0.4774 0.0699 -0.8759
vn -0.3867 0.0688 -0.9196
vn -0.3865 0.0691 -0.9197
vn -0.2977 0.0680 -0.9522
vn -0.2975 0.0682 -0.9523
vn -0.2109 0.0672 -0.9752
vn -0.2107 0.0674 -0.9752
vn -0.1258 0.0666 -0.9898
vn -0.1256 0.0668 -0.9898
vn -0.0418 0.0663 -0.9969
vn -0.0418 0.0664 -0.9969
vn 0.0418 0.0663 -0.9969
vn 0.0419 0.0662 -0.9969
vn 0.1258 0.0666 -0.9898
vn 0.1259 0.0665 -0.9898
vn 0.2109 0.0672 -0.9752
vn 0.2111 0.0670 -0.9752
vn 0.2977 0.0680 -0.9522
vn 0.2979 0.0677 -0.9522
vn 0.3867 0.0688 -0.9196
vn 0.3869 0.0686 -0.9196
vn 0.4776 0.0697 -0.8758
vn 0.4778 0.0695 -0.8757
vn 0.5697 0.0705 -0.8188
vn 0.5698 0.0703 -0.8188
vn -0.5703 0.0422 -0.8203
vn -0.5703 0.0423 -0.8204
vn -0.4780 0.0418 -0.8774
vn -0.4779 0.0419 -0.8774
vn -0.3868 0.0413 -0.9212
vn -0.3867 0.0414 -0.9213
vn -0.2977 0.0408 -0.9538
vn -0.2976 0.0409 -0.9538
vn -0.2107 0.0403 -0.9767
vn -0.2106 0.0404 -0.9767
vn -0.1257 0.0400 -0.9913
vn -0.1256 0.0401 -0.9913
vn -0.0418 0.0398 -0.9983
vn -0.0417 0.0398 -0.9983
vn 0.0418 0.0398 -0.9983
vn 0.1257 0.0400 -0.9913
vn 0.1257 0.0399 -0.9913
vn 0.2107 0.0403 -0.9767
vn 0.2108 0.0402 -0.9767
vn 0.2977 0.0408 -0.9538
vn 0.2978 0.0406 -0.9538
vn 0.3868 0.0413 -0.9212
vn 0.3869 0.0411 -0.9212
vn 0.4780 0.0418 -0.8774
vn 0.4781 0.0416 -0.8773
vn 0.5703 0.0422 -0.8203
vn 0.5704 0.0421 -0.8203
vn -0.5706 0.0183 -0.8210
vn -0.4781 0.0181 -0.8781
vn -0.3868 0.0179 -0.9220
vn -0.2976 0.0176 -0.9545
vn -0.2977 0.0176 -0.9545
vn -0.2976 0.0177 -0.9545
vn -0.2107 0.0174 -0.9774
vn -0.2106 0.0175 -0.9774
vn -0.1256 0.0173 -0.9919
vn -0.0417 0.0172 -0.9990
vn 0.0417 0.0172 -0.9990
vn 0.1256 0.0173 -0.9919
vn 0.1256 0.0172 -0.9919
vn 0.2107 0.0174 -0.9774
vn 0.2976 0.0176 -0.9545
vn 0.2977 0.0176 -0.9545
vn 0.3868 0.0179 -0.9220
vn 0.3869 0.0178 -0.9220
vn 0.4781 0.0181 -0.8781
vn 0.4782 0.0180 -0.8781
vn 0.5706 0.0183 -0.8210
vn 0.5706 0.0182 -0.8210
vn -0.5707 -0.0017 -0.8212
vn -0.5706 -0.0017 -0.8212
vn -0.4781 -0.0018 -0.8783
vn -0.4781 -0.0017 -0.8783
vn -0.3868 -0.0018 -0.9222
vn -0.2976 -0.0019 -0.9547
vn -0.2106 -0.0019 -0.9776
vn -0.1256 -0.0019 -0.9921
vn -0.1256 -0.0020 -0.9921
vn -0.1255 -0.0019 -0.9921
vn -0.0417 -0.0020 -0.9991
vn 0.0417 -0.0020 -0.9991
vn 0.1256 -0.0019 -0.9921
vn 0.1256 -0.0020 -0.9921
vn 0.2106 -0.0019 -0.9776
vn 0.2107 -0.0019 -0.9776
vn 0.2976 -0.0019 -0.9547
vn 0.3868 -0.0018 -0.9222
vn 0.4781 -0.0018 -0.8783
vn 0.5707 -0.0017 -0.8212
vn -0.5705 -0.0182 -0.8211
vn -0.5705 -0.0247 -0.8209
vn -0.5706 -0.0182 -0.8211
vn -0.4780 -0.0181 -0.8782
vn -0.4779 -0.0246 -0.8780
vn -0.3867 -0.0180 -0.9220
vn -0.3867 -0.0244 -0.9219
vn -0.2975 -0.0180 -0.9545
vn -0.2975 -0.0243 -0.9544
vn -0.2106 -0.0179 -0.9774
vn -0.2105 -0.0242 -0.9773
vn -0.1255 -0.0179 -0.9919
vn -0.1255 -0.0242 -0.9918
vn -0.0417 -0.0178 -0.9990
vn -0.0417 -0.0241 -0.9988
vn 0.0417 -0.0178 -0.9990
vn 0.0417 -0.0241 -0.9988
vn 0.1255 -0.0179 -0.9919
vn 0.1255 -0.0242 -0.9918
vn 0.2106 -0.0179 -0.9774
vn 0.2105 -0.0242 -0.9773
vn 0.2975 -0.0180 -0.9545
vn 0.2975 -0.0243 -0.9544
vn 0.3867 -0.0180 -0.9220
vn 0.3867 -0.0244 -0.9219
vn 0.4780 -0.0181 -0.8782
vn 0.4779 -0.0246 -0.8780
vn 0.5705 -0.0182 -0.8211
vn 0.5705 -0.0247 -0.8209
vn 0.5705 -0.0247 -0.8210
vn -0.5593 0.5600 -0.6112
vn -0.5655 0.5538 -0.6112
vn -0.4985 0.5816 -0.6428
vn -0.4986 0.5815 -0.6429
vn -0.5012 0.5788 -0.6433
vn -0.4361 0.6024 -0.6685
vn -0.4366 0.6019 -0.6687
vn -0.3675 0.6207 -0.6925
vn -0.3676 0.6207 -0.6925
vn -0.2934 0.6366 -0.7132
vn -0.2933 0.6366 -0.7132
vn -0.2163 0.6490 -0.7294
vn -0.2162 0.6491 -0.7294
vn -0.1350 0.6578 -0.7410
vn -0.1349 0.6579 -0.7409
vn -0.0470 0.6627 -0.7474
vn -0.0469 0.6627 -0.7474
vn 0.0470 0.6627 -0.7474
vn 0.0470 0.6626 -0.7475
vn 0.1350 0.6578 -0.7410
vn 0.1352 0.6577 -0.7411
vn 0.2163 0.6490 -0.7294
vn 0.2164 0.6489 -0.7295
vn 0.2934 0.6366 -0.7132
vn 0.2934 0.6365 -0.7133
vn 0.3675 0.6207 -0.6925
vn 0.3675 0.6208 -0.6925
vn 0.4361 0.6024 -0.6685
vn 0.4356 0.6029 -0.6684
vn 0.4985 0.5816 -0.6428
vn 0.4986 0.5815 -0.6429
vn 0.4960 0.5842 -0.6424
vn 0.5593 0.5600 -0.6112
vn 0.5530 0.5662 -0.6112
vn 0.5798 0.5033 -0.6407
vn 0.5797 0.5034 -0.6407
vn 0.5772 0.5057 -0.6412
vn 0.5984 0.4489 -0.6636
vn 0.5980 0.4493 -0.6637
vn 0.6140 0.3936 -0.6842
vn 0.6141 0.3935 -0.6842
vn 0.6271 0.3385 -0.7015
vn 0.6273 0.3383 -0.7014
vn 0.6374 0.2869 -0.7151
vn 0.6376 0.2867 -0.7150
vn 0.6454 0.2383 -0.7258
vn 0.6453 0.2383 -0.7258
vn 0.6456 0.2380 -0.7256
vn 0.6516 0.1908 -0.7342
vn 0.6518 0.1905 -0.7341
vn 0.6562 0.1447 -0.7406
vn 0.6564 0.1445 -0.7405
vn 0.6592 0.1046 -0.7446
vn 0.6593 0.1045 -0.7446
vn 0.6610 0.0709 -0.7470
vn 0.6611 0.0709 -0.7470
vn 0.6620 0.0424 -0.7483
vn 0.6624 0.0184 -0.7489
vn 0.6625 0.0184 -0.7489
vn 0.6625 -0.0017 -0.7490
vn 0.6624 -0.0183 -0.7489
vn 0.6623 -0.0247 -0.7488
vn 0.6621 -0.0363 -0.7485
vn 0.5703 -0.0362 -0.8207
vn 0.4778 -0.0360 -0.8777
vn 0.3865 -0.0358 -0.9216
vn 0.2974 -0.0356 -0.9541
vn 0.2105 -0.0355 -0.9770
vn 0.1255 -0.0354 -0.9915
vn 0.0417 -0.0353 -0.9985
vn -0.0417 -0.0353 -0.9985
vn -0.1255 -0.0354 -0.9915
vn -0.2105 -0.0355 -0.9770
vn -0.2974 -0.0356 -0.9541
vn -0.3865 -0.0358 -0.9216
vn -0.4778 -0.0360 -0.8777
vn -0.5705 -0.0247 -0.8210
vn -0.5703 -0.0362 -0.8207
vn -0.6623 -0.0247 -0.7488
vn -0.6621 -0.0363 -0.7485
vn -0.6624 -0.0183 -0.7489
vn -0.6624 -0.0182 -0.7489
vn -0.6625 -0.0017 -0.7490
vn -0.6624 0.0184 -0.7489
vn -0.6620 0.0424 -0.7483
vn -0.6620 0.0425 -0.7483
vn -0.6610 0.0709 -0.7470
vn -0.6610 0.0710 -0.7470
vn -0.6592 0.1046 -0.7446
vn -0.6592 0.1047 -0.7447
vn -0.6562 0.1447 -0.7406
vn -0.6561 0.1449 -0.7407
vn -0.6516 0.1908 -0.7342
vn -0.6513 0.1911 -0.7344
vn -0.6454 0.2383 -0.7258
vn -0.6453 0.2383 -0.7258
vn -0.6451 0.2385 -0.7259
vn -0.6374 0.2869 -0.7151
vn -0.6372 0.2871 -0.7152
vn -0.6271 0.3385 -0.7015
vn -0.6269 0.3387 -0.7016
vn -0.6140 0.3936 -0.6842
vn -0.5984 0.4489 -0.6636
vn -0.5988 0.4486 -0.6635
vn -0.5798 0.5033 -0.6407
vn -0.5797 0.5034 -0.6407
vn -0.5822 0.5011 -0.6403
vn -0.8209 -0.0273 0.5704
vn -0.8208 -0.0300 0.5704
vn -0.8780 -0.0271 0.4779
vn -0.8779 -0.0298 0.4779
vn -0.9218 -0.0270 0.3866
vn -0.9218 -0.0295 0.3866
vn -0.9544 -0.0268 0.2975
vn -0.9543 -0.0293 0.2975
vn -0.9772 -0.0267 0.2105
vn -0.9772 -0.0291 0.2105
vn -0.9917 -0.0266 0.1255
vn -0.9917 -0.0290 0.1255
vn -0.9988 -0.0265 0.0417
vn -0.9987 -0.0289 0.0417
vn -0.9988 -0.0265 -0.0417
vn -0.9987 -0.0289 -0.0417
vn -0.9917 -0.0266 -0.1255
vn -0.9917 -0.0290 -0.1255
vn -0.9772 -0.0267 -0.2105
vn -0.9772 -0.0291 -0.2105
vn -0.9771 -0.0291 -0.2106
vn -0.9544 -0.0268 -0.2975
vn -0.9543 -0.0293 -0.2975
vn -0.9218 -0.0270 -0.3867
vn -0.9218 -0.0295 -0.3866
vn -0.8780 -0.0271 -0.4779
vn -0.8779 -0.0298 -0.4779
vn -0.8779 -0.0297 -0.4779
vn -0.8209 -0.0273 -0.5704
vn -0.8208 -0.0300 -0.5704
vn -0.8208 -0.0299 -0.5704
vn -0.8208 -0.0299 0.5704
vn -0.8206 -0.0388 0.5703
vn -0.8779 -0.0297 0.4779
vn -0.8776 -0.0385 0.4778
vn -0.9215 -0.0381 0.3866
vn -0.9540 -0.0378 0.2975
vn -0.9771 -0.0291 0.2106
vn -0.9769 -0.0375 0.2105
vn -0.9914 -0.0373 0.1255
vn -0.9984 -0.0371 0.0417
vn -0.9984 -0.0371 -0.0417
vn -0.9914 -0.0373 -0.1255
vn -0.9914 -0.0372 -0.1255
vn -0.9769 -0.0375 -0.2105
vn -0.9769 -0.0375 -0.2106
vn -0.9540 -0.0378 -0.2975
vn -0.9215 -0.0381 -0.3866
vn -0.9214 -0.0381 -0.3866
vn -0.8776 -0.0385 -0.4778
vn -0.8776 -0.0384 -0.4779
vn -0.8206 -0.0388 -0.5703
vn -0.8205 -0.0387 -0.5703
vn -0.8205 -0.0387 0.5703
vn -0.8203 -0.0446 0.5702
vn -0.8776 -0.0384 0.4779
vn -0.8774 -0.0442 0.4778
vn -0.9214 -0.0381 0.3866
vn -0.9212 -0.0438 0.3866
vn -0.9537 -0.0434 0.2975
vn -0.9769 -0.0375 0.2106
vn -0.9766 -0.0430 0.2106
vn -0.9914 -0.0372 0.1255
vn -0.9912 -0.0427 0.1255
vn -0.9982 -0.0426 0.0417
vn -0.9982 -0.0426 -0.0417
vn -0.9912 -0.0427 -0.1255
vn -0.9912 -0.0427 -0.1256
vn -0.9766 -0.0430 -0.2106
vn -0.9766 -0.0429 -0.2106
vn -0.9537 -0.0434 -0.2975
vn -0.9537 -0.0433 -0.2976
vn -0.9212 -0.0438 -0.3866
vn -0.9212 -0.0437 -0.3867
vn -0.8774 -0.0442 -0.4778
vn -0.8773 -0.0441 -0.4779
vn -0.8203 -0.0446 -0.5702
vn -0.8203 -0.0445 -0.5702
vn -0.8195 -0.0615 0.5698
vn -0.8195 -0.0616 0.5697
vn -0.8765 -0.0609 0.4776
vn -0.8765 -0.0610 0.4775
vn -0.9203 -0.0602 0.3865
vn -0.9204 -0.0604 0.3864
vn -0.9529 -0.0596 0.2975
vn -0.9529 -0.0597 0.2974
vn -0.9758 -0.0590 0.2107
vn -0.9758 -0.0590 0.2106
vn -0.9758 -0.0591 0.2105
vn -0.9904 -0.0585 0.1256
vn -0.9904 -0.0586 0.1255
vn -0.9974 -0.0583 0.0417
vn -0.9974 -0.0583 -0.0417
vn -0.9974 -0.0583 -0.0418
vn -0.9904 -0.0585 -0.1256
vn -0.9903 -0.0584 -0.1257
vn -0.9758 -0.0590 -0.2107
vn -0.9758 -0.0590 -0.2106
vn -0.9758 -0.0588 -0.2108
vn -0.9529 -0.0596 -0.2975
vn -0.9528 -0.0594 -0.2977
vn -0.9203 -0.0602 -0.3865
vn -0.9203 -0.0601 -0.3867
vn -0.8765 -0.0609 -0.4776
vn -0.8764 -0.0607 -0.4777
vn -0.8195 -0.0615 -0.5698
vn -0.8194 -0.0614 -0.5699
vn -0.8179 -0.0837 0.5692
vn -0.8180 -0.0839 0.5690
vn -0.8748 -0.0829 0.4773
vn -0.8749 -0.0831 0.4771
vn -0.9187 -0.0819 0.3865
vn -0.9188 -0.0821 0.3862
vn -0.9513 -0.0808 0.2976
vn -0.9513 -0.0811 0.2973
vn -0.9743 -0.0799 0.2108
vn -0.9743 -0.0802 0.2106
vn -0.9889 -0.0792 0.1258
vn -0.9889 -0.0794 0.1256
vn -0.9960 -0.0789 0.0418
vn -0.9960 -0.0789 0.0417
vn -0.9960 -0.0789 -0.0418
vn -0.9960 -0.0788 -0.0419
vn -0.9889 -0.0792 -0.1258
vn -0.9889 -0.0791 -0.1259
vn -0.9743 -0.0799 -0.2108
vn -0.9742 -0.0797 -0.2110
vn -0.9513 -0.0808 -0.2976
vn -0.9512 -0.0805 -0.2979
vn -0.9187 -0.0819 -0.3865
vn -0.9186 -0.0816 -0.3867
vn -0.8748 -0.0829 -0.4773
vn -0.8747 -0.0826 -0.4775
vn -0.8179 -0.0837 -0.5692
vn -0.8178 -0.0836 -0.5694
vn -0.8153 -0.1119 0.5682
vn -0.8154 -0.1122 0.5679
vn -0.8720 -0.1106 0.4768
vn -0.8722 -0.1110 0.4764
vn -0.9159 -0.1091 0.3864
vn -0.9158 -0.1091 0.3864
vn -0.9160 -0.1095 0.3860
vn -0.9485 -0.1075 0.2978
vn -0.9486 -0.1080 0.2974
vn -0.9717 -0.1062 0.2111
vn -0.9717 -0.1062 0.2112
vn -0.9717 -0.1066 0.2107
vn -0.9864 -0.1052 0.1261
vn -0.9864 -0.1051 0.1261
vn -0.9864 -0.1054 0.1258
vn -0.9936 -0.1046 0.0419
vn -0.9936 -0.1047 0.0418
vn -0.9936 -0.1046 -0.0419
vn -0.9936 -0.1045 -0.0420
vn -0.9864 -0.1052 -0.1261
vn -0.9864 -0.1051 -0.1261
vn -0.9864 -0.1049 -0.1263
vn -0.9717 -0.1062 -0.2111
vn -0.9717 -0.1062 -0.2112
vn -0.9716 -0.1058 -0.2116
vn -0.9485 -0.1075 -0.2978
vn -0.9485 -0.1071 -0.2983
vn -0.9159 -0.1091 -0.3864
vn -0.9158 -0.1091 -0.3864
vn -0.9157 -0.1086 -0.3869
vn -0.8720 -0.1106 -0.4768
vn -0.8718 -0.1102 -0.4772
vn -0.8153 -0.1119 -0.5682
vn -0.8151 -0.1116 -0.5684
vn -0.8109 -0.1467 0.5665
vn -0.8109 -0.1467 0.5666
vn -0.8111 -0.1472 0.5661
vn -0.8674 -0.1449 0.4761
vn -0.8673 -0.1448 0.4762
vn -0.8676 -0.1455 0.4755
vn -0.9112 -0.1427 0.3864
vn -0.9112 -0.1426 0.3865
vn -0.9114 -0.1434 0.3857
vn -0.9441 -0.1404 0.2983
vn -0.9441 -0.1403 0.2983
vn -0.9442 -0.1411 0.2975
vn -0.9675 -0.1384 0.2118
vn -0.9675 -0.1383 0.2118
vn -0.9675 -0.1390 0.2111
vn -0.9825 -0.1369 0.1266
vn -0.9825 -0.1368 0.1266
vn -0.9825 -0.1373 0.1262
vn -0.9898 -0.1360 0.0422
vn -0.9898 -0.1362 0.0420
vn -0.9898 -0.1360 -0.0422
vn -0.9898 -0.1358 -0.0423
vn -0.9825 -0.1369 -0.1266
vn -0.9825 -0.1368 -0.1266
vn -0.9825 -0.1364 -0.1271
vn -0.9675 -0.1384 -0.2118
vn -0.9675 -0.1383 -0.2118
vn -0.9674 -0.1377 -0.2124
vn -0.9441 -0.1404 -0.2983
vn -0.9441 -0.1403 -0.2983
vn -0.9440 -0.1396 -0.2991
vn -0.9112 -0.1427 -0.3864
vn -0.9112 -0.1426 -0.3865
vn -0.9110 -0.1419 -0.3872
vn -0.8674 -0.1449 -0.4761
vn -0.8673 -0.1448 -0.4762
vn -0.8671 -0.1442 -0.4768
vn -0.8109 -0.1467 -0.5665
vn -0.8109 -0.1467 -0.5666
vn -0.8106 -0.1462 -0.5670
vn -0.8040 -0.1881 0.5640
vn -0.8040 -0.1881 0.5641
vn -0.8043 -0.1888 0.5634
vn -0.8601 -0.1857 0.4751
vn -0.8601 -0.1856 0.4752
vn -0.8604 -0.1866 0.4742
vn -0.9040 -0.1827 0.3866
vn -0.9042 -0.1838 0.3855
vn -0.9371 -0.1797 0.2991
vn -0.9371 -0.1797 0.2992
vn -0.9373 -0.1808 0.2980
vn -0.9609 -0.1770 0.2128
vn -0.9609 -0.1770 0.2129
vn -0.9610 -0.1779 0.2119
vn -0.9763 -0.1750 0.1275
vn -0.9763 -0.1749 0.1276
vn -0.9763 -0.1756 0.1268
vn -0.9839 -0.1738 0.0425
vn -0.9839 -0.1738 0.0426
vn -0.9838 -0.1740 0.0423
vn -0.9839 -0.1738 -0.0425
vn -0.9839 -0.1738 -0.0426
vn -0.9839 -0.1736 -0.0428
vn -0.9763 -0.1750 -0.1275
vn -0.9763 -0.1749 -0.1276
vn -0.9763 -0.1743 -0.1282
vn -0.9609 -0.1770 -0.2128
vn -0.9609 -0.1770 -0.2129
vn -0.9609 -0.1761 -0.2139
vn -0.9371 -0.1797 -0.2991
vn -0.9371 -0.1797 -0.2992
vn -0.9370 -0.1786 -0.3003
vn -0.9040 -0.1827 -0.3866
vn -0.9037 -0.1816 -0.3877
vn -0.8601 -0.1857 -0.4751
vn -0.8601 -0.1856 -0.4752
vn -0.8598 -0.1847 -0.4761
vn -0.8040 -0.1881 -0.5640
vn -0.8040 -0.1881 -0.5641
vn -0.8037 -0.1874 -0.5648
vn -0.7949 -0.2318 0.5607
vn -0.7949 -0.2317 0.5608
vn -0.7952 -0.2325 0.5600
vn -0.8502 -0.2296 0.4737
vn -0.8502 -0.2295 0.4738
vn -0.8505 -0.2306 0.4727
vn -0.8939 -0.2270 0.3866
vn -0.8939 -0.2269 0.3867
vn -0.8941 -0.2281 0.3854
vn -0.9272 -0.2242 0.3001
vn -0.9272 -0.2241 0.3002
vn -0.9273 -0.2253 0.2989
vn -0.9513 -0.2216 0.2143
vn -0.9513 -0.2215 0.2144
vn -0.9513 -0.2226 0.2132
vn -0.9671 -0.2195 0.1288
vn -0.9671 -0.2194 0.1289
vn -0.9670 -0.2202 0.1280
vn -0.9749 -0.2183 0.0431
vn -0.9749 -0.2182 0.0431
vn -0.9749 -0.2186 0.0428
vn -0.9749 -0.2183 -0.0431
vn -0.9749 -0.2182 -0.0431
vn -0.9750 -0.2179 -0.0435
vn -0.9671 -0.2195 -0.1288
vn -0.9671 -0.2194 -0.1289
vn -0.9671 -0.2187 -0.1297
vn -0.9513 -0.2216 -0.2143
vn -0.9513 -0.2215 -0.2144
vn -0.9513 -0.2205 -0.2155
vn -0.9272 -0.2242 -0.3001
vn -0.9272 -0.2241 -0.3002
vn -0.9271 -0.2230 -0.3014
vn -0.8939 -0.2270 -0.3866
vn -0.8939 -0.2269 -0.3867
vn -0.8936 -0.2258 -0.3879
vn -0.8502 -0.2296 -0.4737
vn -0.8502 -0.2295 -0.4738
vn -0.8499 -0.2286 -0.4748
vn -0.7949 -0.2318 -0.5607
vn -0.7949 -0.2317 -0.5608
vn -0.7946 -0.2310 -0.5615
vn -0.7833 -0.2777 0.5562
vn -0.7835 -0.2783 0.5556
vn -0.8374 -0.2767 0.4713
vn -0.8374 -0.2766 0.4714
vn -0.8376 -0.2774 0.4705
vn -0.8804 -0.2754 0.3860
vn -0.8804 -0.2753 0.3861
vn -0.8806 -0.2763 0.3851
vn -0.9135 -0.2740 0.3009
vn -0.9135 -0.2739 0.3010
vn -0.9135 -0.2750 0.2998
vn -0.9377 -0.2724 0.2158
vn -0.9377 -0.2723 0.2159
vn -0.9376 -0.2734 0.2148
vn -0.9537 -0.2710 0.1304
vn -0.9537 -0.2709 0.1305
vn -0.9536 -0.2717 0.1295
vn -0.9619 -0.2700 0.0438
vn -0.9619 -0.2700 0.0439
vn -0.9618 -0.2703 0.0435
vn -0.9619 -0.2700 -0.0438
vn -0.9619 -0.2700 -0.0439
vn -0.9620 -0.2696 -0.0442
vn -0.9537 -0.2710 -0.1304
vn -0.9537 -0.2709 -0.1305
vn -0.9538 -0.2701 -0.1313
vn -0.9377 -0.2724 -0.2158
vn -0.9377 -0.2723 -0.2159
vn -0.9377 -0.2713 -0.2170
vn -0.9135 -0.2740 -0.3009
vn -0.9134 -0.2739 -0.3010
vn -0.9134 -0.2729 -0.3021
vn -0.8804 -0.2754 -0.3860
vn -0.8804 -0.2753 -0.3861
vn -0.8803 -0.2745 -0.3870
vn -0.8374 -0.2767 -0.4713
vn -0.8374 -0.2766 -0.4714
vn -0.8372 -0.2758 -0.4722
vn -0.7833 -0.2777 -0.5562
vn -0.7831 -0.2771 -0.5568
vn -0.7684 -0.3273 0.5499
vn -0.7684 -0.3273 0.5500
vn -0.7685 -0.3277 0.5496
vn -0.8208 -0.3281 0.4676
vn -0.8209 -0.3285 0.4671
vn -0.8625 -0.3291 0.3843
vn -0.8625 -0.3291 0.3844
vn -0.8626 -0.3297 0.3838
vn -0.8947 -0.3299 0.3010
vn -0.8947 -0.3299 0.3011
vn -0.8947 -0.3306 0.3002
vn -0.9186 -0.3302 0.2172
vn -0.9185 -0.3310 0.2163
vn -0.9347 -0.3300 0.1320
vn -0.9347 -0.3299 0.1321
vn -0.9346 -0.3307 0.1312
vn -0.9430 -0.3297 0.0447
vn -0.9431 -0.3296 0.0447
vn -0.9429 -0.3300 0.0443
vn -0.9430 -0.3297 -0.0447
vn -0.9431 -0.3296 -0.0447
vn -0.9431 -0.3293 -0.0451
vn -0.9347 -0.3300 -0.1320
vn -0.9347 -0.3299 -0.1321
vn -0.9349 -0.3292 -0.1329
vn -0.9186 -0.3302 -0.2172
vn -0.9187 -0.3293 -0.2181
vn -0.8947 -0.3299 -0.3010
vn -0.8947 -0.3299 -0.3011
vn -0.8947 -0.3292 -0.3018
vn -0.8625 -0.3291 -0.3843
vn -0.8625 -0.3291 -0.3844
vn -0.8625 -0.3286 -0.3849
vn -0.8208 -0.3281 -0.4676
vn -0.8207 -0.3276 -0.4680
vn -0.7684 -0.3273 -0.5499
vn -0.7684 -0.3273 -0.5500
vn -0.7683 -0.3270 -0.5503
vn -0.7490 -0.3817 0.5416
vn -0.7490 -0.3817 0.5415
vn -0.7988 -0.3851 0.4622
vn -0.7988 -0.3852 0.4622
vn -0.8384 -0.3892 0.3816
vn -0.8384 -0.3891 0.3816
vn -0.8384 -0.3893 0.3814
vn -0.8692 -0.3929 0.3003
vn -0.8692 -0.3928 0.3003
vn -0.8691 -0.3932 0.2999
vn -0.8921 -0.3956 0.2181
vn -0.8922 -0.3956 0.2181
vn -0.8920 -0.3962 0.2175
vn -0.9080 -0.3972 0.1336
vn -0.9080 -0.3971 0.1337
vn -0.9078 -0.3978 0.1329
vn -0.9163 -0.3978 0.0456
vn -0.9164 -0.3977 0.0456
vn -0.9162 -0.3981 0.0452
vn -0.9163 -0.3978 -0.0456
vn -0.9164 -0.3977 -0.0456
vn -0.9165 -0.3974 -0.0459
vn -0.9080 -0.3972 -0.1336
vn -0.9080 -0.3971 -0.1337
vn -0.9081 -0.3965 -0.1344
vn -0.8921 -0.3956 -0.2181
vn -0.8922 -0.3956 -0.2181
vn -0.8922 -0.3950 -0.2188
vn -0.8692 -0.3929 -0.3003
vn -0.8692 -0.3928 -0.3003
vn -0.8692 -0.3925 -0.3007
vn -0.8384 -0.3892 -0.3816
vn -0.8384 -0.3891 -0.3816
vn -0.8384 -0.3890 -0.3817
vn -0.7988 -0.3851 -0.4622
vn -0.7490 -0.3817 -0.5416
vn -0.7490 -0.3816 -0.5416
vn -0.7249 -0.4389 0.5310
vn -0.7249 -0.4389 0.5309
vn -0.7247 -0.4380 0.5319
vn -0.7697 -0.4474 0.4553
vn -0.7697 -0.4467 0.4560
vn -0.8057 -0.4559 0.3781
vn -0.8057 -0.4558 0.3783
vn -0.8342 -0.4632 0.2992
vn -0.8342 -0.4632 0.2993
vn -0.8342 -0.4633 0.2991
vn -0.8558 -0.4688 0.2187
vn -0.8558 -0.4688 0.2188
vn -0.8557 -0.4692 0.2183
vn -0.8709 -0.4725 0.1351
vn -0.8709 -0.4725 0.1352
vn -0.8707 -0.4730 0.1346
vn -0.8791 -0.4743 0.0465
vn -0.8790 -0.4746 0.0462
vn -0.8791 -0.4743 -0.0465
vn -0.8793 -0.4740 -0.0468
vn -0.8709 -0.4725 -0.1351
vn -0.8709 -0.4725 -0.1352
vn -0.8711 -0.4720 -0.1357
vn -0.8558 -0.4688 -0.2187
vn -0.8558 -0.4688 -0.2188
vn -0.8559 -0.4684 -0.2192
vn -0.8342 -0.4632 -0.2992
vn -0.8342 -0.4632 -0.2993
vn -0.8342 -0.4630 -0.2994
vn -0.8057 -0.4559 -0.3781
vn -0.8057 -0.4560 -0.3780
vn -0.7697 -0.4474 -0.4553
vn -0.7698 -0.4481 -0.4546
vn -0.7249 -0.4389 -0.5310
vn -0.7249 -0.4389 -0.5309
vn -0.7250 -0.4398 -0.5300
vn -0.6941 -0.4998 0.5181
vn -0.6941 -0.4999 0.5180
vn -0.6941 -0.4974 0.5205
vn -0.7309 -0.5149 0.4479
vn -0.7309 -0.5150 0.4478
vn -0.7311 -0.5137 0.4490
vn -0.7616 -0.5285 0.3751
vn -0.7616 -0.5283 0.3753
vn -0.7870 -0.5399 0.2985
vn -0.7870 -0.5400 0.2984
vn -0.8067 -0.5488 0.2194
vn -0.8067 -0.5488 0.2195
vn -0.8066 -0.5490 0.2192
vn -0.8206 -0.5550 0.1365
vn -0.8206 -0.5549 0.1365
vn -0.8204 -0.5553 0.1361
vn -0.8283 -0.5582 0.0473
vn -0.8282 -0.5584 0.0471
vn -0.8283 -0.5582 -0.0473
vn -0.8284 -0.5581 -0.0475
vn -0.8206 -0.5550 -0.1365
vn -0.8206 -0.5549 -0.1365
vn -0.8208 -0.5546 -0.1369
vn -0.8067 -0.5488 -0.2194
vn -0.8067 -0.5488 -0.2195
vn -0.8067 -0.5485 -0.2197
vn -0.7870 -0.5399 -0.2985
vn -0.7871 -0.5398 -0.2986
vn -0.7616 -0.5285 -0.3751
vn -0.7615 -0.5287 -0.3748
vn -0.7310 -0.5149 -0.4479
vn -0.7309 -0.5150 -0.4478
vn -0.7308 -0.5161 -0.4467
vn -0.6941 -0.4998 -0.5181
vn -0.6941 -0.4999 -0.5180
vn -0.6942 -0.5023 -0.5156
vn -0.7487 -0.0317 0.6622
vn -0.7487 -0.0274 0.6623
vn -0.8208 -0.0316 0.5703
vn -0.8208 -0.0316 0.5704
vn -0.8779 -0.0315 0.4779
vn -0.9217 -0.0313 0.3866
vn -0.9542 -0.0311 0.2974
vn -0.9542 -0.0312 0.2974
vn -0.9771 -0.0310 0.2105
vn -0.9916 -0.0309 0.1255
vn -0.9987 -0.0309 0.0417
vn -0.9987 -0.0309 -0.0417
vn -0.9916 -0.0309 -0.1255
vn -0.9771 -0.0310 -0.2105
vn -0.9542 -0.0311 -0.2974
vn -0.9217 -0.0313 -0.3866
vn -0.9218 -0.0270 -0.3866
vn -0.8779 -0.0315 -0.4779
vn -0.8208 -0.0316 -0.5703
vn -0.7487 -0.0317 -0.6622
vn -0.7487 -0.0274 -0.6623
vn -0.7487 -0.0301 -0.6622
vn -0.7484 -0.0389 -0.6621
vn -0.7482 -0.0448 -0.6619
vn -0.7475 -0.0618 -0.6614
vn -0.7462 -0.0843 -0.6604
vn -0.7462 -0.0842 -0.6604
vn -0.7439 -0.1127 -0.6587
vn -0.7439 -0.1126 -0.6587
vn -0.7438 -0.1125 -0.6588
vn -0.7402 -0.1479 -0.6560
vn -0.7402 -0.1478 -0.6560
vn -0.7400 -0.1477 -0.6561
vn -0.7343 -0.1896 -0.6518
vn -0.7343 -0.1895 -0.6518
vn -0.7342 -0.1893 -0.6520
vn -0.7266 -0.2331 -0.6463
vn -0.7265 -0.2328 -0.6465
vn -0.7169 -0.2784 -0.6392
vn -0.7168 -0.2781 -0.6394
vn -0.7044 -0.3270 -0.6299
vn -0.7044 -0.3268 -0.6301
vn -0.6884 -0.3797 -0.6180
vn -0.6884 -0.3796 -0.6181
vn -0.6692 -0.4333 -0.6036
vn -0.6694 -0.4337 -0.6032
vn -0.6477 -0.4867 -0.5862
vn -0.6477 -0.4866 -0.5862
vn -0.6482 -0.4889 -0.5838
vn -0.6195 -0.5429 -0.5670
vn -0.6195 -0.5431 -0.5668
vn -0.6196 -0.5492 -0.5607
vn -0.6521 -0.5645 -0.5060
vn -0.6521 -0.5647 -0.5058
vn -0.6517 -0.5674 -0.5033
vn -0.6788 -0.5857 -0.4430
vn -0.6786 -0.5863 -0.4425
vn -0.7037 -0.6043 -0.3737
vn -0.7037 -0.6044 -0.3736
vn -0.7253 -0.6204 -0.2986
vn -0.7253 -0.6203 -0.2986
vn -0.7421 -0.6330 -0.2203
vn -0.7422 -0.6329 -0.2204
vn -0.7542 -0.6421 -0.1376
vn -0.7543 -0.6420 -0.1378
vn -0.7609 -0.6471 -0.0478
vn -0.7609 -0.6471 -0.0479
vn -0.7610 -0.6470 -0.0479
vn -0.7609 -0.6471 0.0479
vn -0.7609 -0.6471 0.0478
vn -0.7542 -0.6421 0.1376
vn -0.7541 -0.6422 0.1375
vn -0.7421 -0.6330 0.2203
vn -0.7421 -0.6331 0.2202
vn -0.7253 -0.6204 0.2986
vn -0.7252 -0.6204 0.2985
vn -0.7037 -0.6043 0.3737
vn -0.7037 -0.6042 0.3738
vn -0.6788 -0.5857 0.4430
vn -0.6789 -0.5851 0.4435
vn -0.6521 -0.5645 0.5060
vn -0.6521 -0.5647 0.5058
vn -0.6525 -0.5618 0.5086
vn -0.6195 -0.5429 0.5670
vn -0.6195 -0.5431 0.5668
vn -0.6193 -0.5367 0.5731
vn -0.6477 -0.4867 0.5862
vn -0.6477 -0.4866 0.5862
vn -0.6472 -0.4844 0.5886
vn -0.6692 -0.4333 0.6036
vn -0.6691 -0.4330 0.6040
vn -0.6884 -0.3797 0.6180
vn -0.6884 -0.3798 0.6179
vn -0.7044 -0.3270 0.6299
vn -0.7045 -0.3272 0.6297
vn -0.7169 -0.2784 0.6392
vn -0.7170 -0.2786 0.6389
vn -0.7266 -0.2331 0.6463
vn -0.7268 -0.2334 0.6460
vn -0.7343 -0.1896 0.6518
vn -0.7343 -0.1895 0.6518
vn -0.7345 -0.1898 0.6515
vn -0.7402 -0.1479 0.6560
vn -0.7402 -0.1478 0.6560
vn -0.7403 -0.1480 0.6558
vn -0.7439 -0.1127 0.6587
vn -0.7439 -0.1126 0.6587
vn -0.7440 -0.1128 0.6586
vn -0.7462 -0.0843 0.6604
vn -0.7462 -0.0842 0.6604
vn -0.7462 -0.0843 0.6603
vn -0.7475 -0.0618 0.6614
vn -0.7475 -0.0619 0.6613
vn -0.7484 -0.0389 0.6621
vn -0.7482 -0.0448 0.6619
vn -0.7487 -0.0301 0.6622
vn 0.5704 -0.0300 -0.8208
vn 0.5704 -0.0273 -0.8209
vn 0.5703 -0.0388 -0.8206
vn 0.5704 -0.0299 -0.8208
vn 0.5702 -0.0446 -0.8203
vn 0.5703 -0.0387 -0.8205
vn 0.5698 -0.0615 -0.8195
vn 0.5697 -0.0616 -0.8195
vn 0.5692 -0.0837 -0.8179
vn 0.5690 -0.0839 -0.8180
vn 0.5682 -0.1119 -0.8153
vn 0.5679 -0.1122 -0.8154
vn 0.5666 -0.1467 -0.8109
vn 0.5665 -0.1467 -0.8109
vn 0.5661 -0.1472 -0.8111
vn 0.5641 -0.1881 -0.8040
vn 0.5640 -0.1881 -0.8040
vn 0.5634 -0.1888 -0.8043
vn 0.5608 -0.2317 -0.7949
vn 0.5607 -0.2318 -0.7949
vn 0.5600 -0.2325 -0.7952
vn 0.5562 -0.2777 -0.7833
vn 0.5556 -0.2783 -0.7835
vn 0.5500 -0.3273 -0.7684
vn 0.5499 -0.3273 -0.7684
vn 0.5495 -0.3277 -0.7685
vn 0.5416 -0.3817 -0.7490
vn 0.5415 -0.3817 -0.7490
vn 0.5309 -0.4389 -0.7249
vn 0.5310 -0.4389 -0.7249
vn 0.5319 -0.4380 -0.7247
vn 0.5180 -0.4999 -0.6941
vn 0.5181 -0.4998 -0.6941
vn 0.5205 -0.4974 -0.6941
vn 0.4779 -0.0298 -0.8779
vn 0.4779 -0.0271 -0.8780
vn 0.4778 -0.0385 -0.8776
vn 0.4779 -0.0297 -0.8779
vn 0.4778 -0.0442 -0.8774
vn 0.4779 -0.0384 -0.8776
vn 0.4776 -0.0609 -0.8765
vn 0.4775 -0.0610 -0.8765
vn 0.4773 -0.0829 -0.8748
vn 0.4771 -0.0831 -0.8749
vn 0.4768 -0.1106 -0.8720
vn 0.4764 -0.1110 -0.8722
vn 0.4762 -0.1448 -0.8673
vn 0.4761 -0.1449 -0.8674
vn 0.4755 -0.1455 -0.8676
vn 0.4752 -0.1856 -0.8601
vn 0.4751 -0.1857 -0.8601
vn 0.4742 -0.1866 -0.8604
vn 0.4738 -0.2295 -0.8502
vn 0.4737 -0.2296 -0.8502
vn 0.4727 -0.2306 -0.8505
vn 0.4714 -0.2766 -0.8374
vn 0.4713 -0.2767 -0.8374
vn 0.4705 -0.2774 -0.8376
vn 0.4676 -0.3281 -0.8208
vn 0.4671 -0.3285 -0.8209
vn 0.4622 -0.3851 -0.7988
vn 0.4622 -0.3852 -0.7988
vn 0.4553 -0.4474 -0.7697
vn 0.4560 -0.4467 -0.7697
vn 0.4478 -0.5150 -0.7309
vn 0.4479 -0.5149 -0.7310
vn 0.4490 -0.5137 -0.7311
vn 0.3866 -0.0295 -0.9218
vn 0.3866 -0.0270 -0.9218
vn 0.3866 -0.0381 -0.9215
vn 0.3866 -0.0438 -0.9212
vn 0.3866 -0.0381 -0.9214
vn 0.3865 -0.0602 -0.9203
vn 0.3864 -0.0604 -0.9204
vn 0.3865 -0.0819 -0.9187
vn 0.3862 -0.0821 -0.9188
vn 0.3864 -0.1091 -0.9158
vn 0.3864 -0.1091 -0.9159
vn 0.3860 -0.1095 -0.9160
vn 0.3865 -0.1426 -0.9112
vn 0.3864 -0.1427 -0.9112
vn 0.3857 -0.1434 -0.9114
vn 0.3866 -0.1827 -0.9040
vn 0.3865 -0.1827 -0.9040
vn 0.3855 -0.1838 -0.9042
vn 0.3867 -0.2269 -0.8939
vn 0.3866 -0.2270 -0.8939
vn 0.3854 -0.2281 -0.8941
vn 0.3861 -0.2753 -0.8804
vn 0.3860 -0.2754 -0.8804
vn 0.3851 -0.2763 -0.8806
vn 0.3844 -0.3291 -0.8625
vn 0.3843 -0.3291 -0.8625
vn 0.3838 -0.3297 -0.8626
vn 0.3816 -0.3891 -0.8384
vn 0.3816 -0.3892 -0.8384
vn 0.3814 -0.3893 -0.8384
vn 0.3781 -0.4559 -0.8057
vn 0.3783 -0.4558 -0.8057
vn 0.3751 -0.5285 -0.7616
vn 0.3753 -0.5282 -0.7616
vn 0.2975 -0.0293 -0.9543
vn 0.2975 -0.0268 -0.9544
vn 0.2975 -0.0378 -0.9540
vn 0.2975 -0.0434 -0.9537
vn 0.2975 -0.0596 -0.9529
vn 0.2974 -0.0597 -0.9529
vn 0.2976 -0.0808 -0.9513
vn 0.2973 -0.0811 -0.9513
vn 0.2978 -0.1075 -0.9485
vn 0.2974 -0.1080 -0.9486
vn 0.2983 -0.1403 -0.9441
vn 0.2983 -0.1404 -0.9441
vn 0.2975 -0.1411 -0.9442
vn 0.2992 -0.1797 -0.9371
vn 0.2991 -0.1797 -0.9371
vn 0.2980 -0.1808 -0.9373
vn 0.3002 -0.2241 -0.9272
vn 0.3001 -0.2242 -0.9272
vn 0.2989 -0.2253 -0.9273
vn 0.3010 -0.2739 -0.9134
vn 0.3009 -0.2740 -0.9135
vn 0.2998 -0.2750 -0.9135
vn 0.3011 -0.3299 -0.8947
vn 0.3010 -0.3299 -0.8947
vn 0.3002 -0.3306 -0.8947
vn 0.3003 -0.3929 -0.8692
vn 0.2999 -0.3932 -0.8691
vn 0.2993 -0.4632 -0.8342
vn 0.2992 -0.4632 -0.8342
vn 0.2991 -0.4633 -0.8342
vn 0.2985 -0.5399 -0.7870
vn 0.2984 -0.5400 -0.7870
vn 0.2105 -0.0291 -0.9772
vn 0.2105 -0.0267 -0.9772
vn 0.2105 -0.0375 -0.9769
vn 0.2106 -0.0291 -0.9771
vn 0.2106 -0.0430 -0.9766
vn 0.2106 -0.0375 -0.9769
vn 0.2106 -0.0590 -0.9758
vn 0.2107 -0.0590 -0.9758
vn 0.2105 -0.0591 -0.9758
vn 0.2108 -0.0799 -0.9743
vn 0.2106 -0.0802 -0.9743
vn 0.2112 -0.1062 -0.9717
vn 0.2111 -0.1062 -0.9717
vn 0.2107 -0.1066 -0.9717
vn 0.2118 -0.1383 -0.9675
vn 0.2118 -0.1384 -0.9675
vn 0.2111 -0.1390 -0.9675
vn 0.2129 -0.1770 -0.9609
vn 0.2128 -0.1770 -0.9609
vn 0.2119 -0.1779 -0.9610
vn 0.2144 -0.2215 -0.9513
vn 0.2143 -0.2216 -0.9513
vn 0.2132 -0.2226 -0.9513
vn 0.2159 -0.2723 -0.9377
vn 0.2158 -0.2724 -0.9377
vn 0.2148 -0.2734 -0.9376
vn 0.2172 -0.3302 -0.9186
vn 0.2163 -0.3310 -0.9185
vn 0.2181 -0.3956 -0.8921
vn 0.2175 -0.3962 -0.8920
vn 0.2188 -0.4688 -0.8558
vn 0.2183 -0.4692 -0.8557
vn 0.2195 -0.5488 -0.8067
vn 0.2194 -0.5488 -0.8067
vn 0.2192 -0.5490 -0.8066
vn 0.1255 -0.0290 -0.9917
vn 0.1255 -0.0266 -0.9917
vn 0.1255 -0.0373 -0.9914
vn 0.1255 -0.0427 -0.9912
vn 0.1255 -0.0372 -0.9914
vn 0.1256 -0.0585 -0.9904
vn 0.1255 -0.0586 -0.9904
vn 0.1258 -0.0792 -0.9889
vn 0.1256 -0.0794 -0.9889
vn 0.1261 -0.1051 -0.9864
vn 0.1261 -0.1052 -0.9864
vn 0.1258 -0.1054 -0.9864
vn 0.1266 -0.1368 -0.9825
vn 0.1266 -0.1369 -0.9825
vn 0.1261 -0.1373 -0.9825
vn 0.1276 -0.1749 -0.9763
vn 0.1275 -0.1750 -0.9763
vn 0.1268 -0.1756 -0.9763
vn 0.1289 -0.2194 -0.9671
vn 0.1288 -0.2195 -0.9671
vn 0.1280 -0.2202 -0.9670
vn 0.1305 -0.2709 -0.9537
vn 0.1304 -0.2710 -0.9537
vn 0.1295 -0.2717 -0.9536
vn 0.1321 -0.3299 -0.9347
vn 0.1320 -0.3300 -0.9347
vn 0.1312 -0.3307 -0.9346
vn 0.1337 -0.3971 -0.9080
vn 0.1336 -0.3972 -0.9080
vn 0.1329 -0.3978 -0.9078
vn 0.1352 -0.4725 -0.8709
vn 0.1351 -0.4725 -0.8709
vn 0.1346 -0.4730 -0.8707
vn 0.1365 -0.5549 -0.8206
vn 0.1365 -0.5550 -0.8206
vn 0.1361 -0.5553 -0.8204
vn 0.0417 -0.0289 -0.9987
vn 0.0417 -0.0265 -0.9988
vn 0.0417 -0.0371 -0.9984
vn 0.0417 -0.0426 -0.9982
vn 0.0417 -0.0583 -0.9974
vn 0.0418 -0.0789 -0.9960
vn 0.0417 -0.0789 -0.9960
vn 0.0419 -0.1046 -0.9936
vn 0.0418 -0.1047 -0.9936
vn 0.0422 -0.1360 -0.9898
vn 0.0420 -0.1362 -0.9898
vn 0.0426 -0.1738 -0.9839
vn 0.0425 -0.1738 -0.9839
vn 0.0423 -0.1740 -0.9838
vn 0.0431 -0.2182 -0.9749
vn 0.0431 -0.2183 -0.9749
vn 0.0428 -0.2186 -0.9749
vn 0.0439 -0.2700 -0.9619
vn 0.0438 -0.2700 -0.9619
vn 0.0435 -0.2703 -0.9618
vn 0.0447 -0.3296 -0.9431
vn 0.0447 -0.3297 -0.9430
vn 0.0443 -0.3300 -0.9429
vn 0.0456 -0.3977 -0.9164
vn 0.0456 -0.3978 -0.9163
vn 0.0452 -0.3981 -0.9162
vn 0.0465 -0.4743 -0.8791
vn 0.0462 -0.4746 -0.8790
vn 0.0473 -0.5582 -0.8283
vn 0.0471 -0.5584 -0.8282
vn -0.0417 -0.0265 -0.9988
vn -0.0417 -0.0289 -0.9987
vn -0.0417 -0.0371 -0.9984
vn -0.0417 -0.0426 -0.9982
vn -0.0417 -0.0583 -0.9974
vn -0.0418 -0.0789 -0.9960
vn -0.0417 -0.0789 -0.9960
vn -0.0419 -0.1046 -0.9936
vn -0.0418 -0.1047 -0.9936
vn -0.0422 -0.1360 -0.9898
vn -0.0420 -0.1362 -0.9898
vn -0.0425 -0.1738 -0.9839
vn -0.0426 -0.1738 -0.9839
vn -0.0423 -0.1740 -0.9838
vn -0.0431 -0.2183 -0.9749
vn -0.0431 -0.2182 -0.9749
vn -0.0428 -0.2186 -0.9749
vn -0.0438 -0.2700 -0.9619
vn -0.0439 -0.2700 -0.9619
vn -0.0435 -0.2703 -0.9618
vn -0.0447 -0.3297 -0.9430
vn -0.0447 -0.3296 -0.9431
vn -0.0443 -0.3300 -0.9429
vn -0.0456 -0.3978 -0.9163
vn -0.0456 -0.3977 -0.9164
vn -0.0452 -0.3981 -0.9162
vn -0.0465 -0.4743 -0.8791
vn -0.0462 -0.4746 -0.8790
vn -0.0473 -0.5582 -0.8283
vn -0.0471 -0.5584 -0.8282
vn -0.1255 -0.0266 -0.9917
vn -0.1255 -0.0290 -0.9917
vn -0.1255 -0.0373 -0.9914
vn -0.1255 -0.0372 -0.9914
vn -0.1255 -0.0427 -0.9912
vn -0.1256 -0.0585 -0.9904
vn -0.1255 -0.0586 -0.9904
vn -0.1258 -0.0792 -0.9889
vn -0.1256 -0.0794 -0.9889
vn -0.1261 -0.1052 -0.9864
vn -0.1261 -0.1051 -0.9864
vn -0.1258 -0.1054 -0.9864
vn -0.1266 -0.1369 -0.9825
vn -0.1266 -0.1368 -0.9825
vn -0.1261 -0.1373 -0.9825
vn -0.1275 -0.1750 -0.9763
vn -0.1276 -0.1749 -0.9763
vn -0.1268 -0.1756 -0.9763
vn -0.1288 -0.2195 -0.9671
vn -0.1289 -0.2194 -0.9671
vn -0.1280 -0.2202 -0.9670
vn -0.1304 -0.2710 -0.9537
vn -0.1305 -0.2709 -0.9537
vn -0.1295 -0.2717 -0.9536
vn -0.1320 -0.3300 -0.9347
vn -0.1321 -0.3299 -0.9347
vn -0.1312 -0.3307 -0.9346
vn -0.1336 -0.3972 -0.9080
vn -0.1337 -0.3971 -0.9080
vn -0.1329 -0.3978 -0.9078
vn -0.1351 -0.4725 -0.8709
vn -0.1352 -0.4725 -0.8709
vn -0.1346 -0.4730 -0.8707
vn -0.1365 -0.5550 -0.8206
vn -0.1365 -0.5549 -0.8206
vn -0.1361 -0.5553 -0.8204
vn -0.2105 -0.0267 -0.9772
vn -0.2105 -0.0291 -0.9772
vn -0.2106 -0.0291 -0.9771
vn -0.2105 -0.0375 -0.9769
vn -0.2106 -0.0375 -0.9769
vn -0.2106 -0.0430 -0.9766
vn -0.2107 -0.0590 -0.9758
vn -0.2105 -0.0591 -0.9758
vn -0.2108 -0.0799 -0.9743
vn -0.2106 -0.0802 -0.9743
vn -0.2111 -0.1062 -0.9717
vn -0.2112 -0.1062 -0.9717
vn -0.2107 -0.1066 -0.9717
vn -0.2118 -0.1384 -0.9675
vn -0.2118 -0.1383 -0.9675
vn -0.2111 -0.1390 -0.9675
vn -0.2128 -0.1770 -0.9609
vn -0.2129 -0.1770 -0.9609
vn -0.2119 -0.1779 -0.9610
vn -0.2143 -0.2216 -0.9513
vn -0.2144 -0.2215 -0.9513
vn -0.2132 -0.2226 -0.9513
vn -0.2158 -0.2724 -0.9377
vn -0.2159 -0.2723 -0.9377
vn -0.2148 -0.2734 -0.9376
vn -0.2172 -0.3302 -0.9186
vn -0.2163 -0.3310 -0.9185
vn -0.2181 -0.3956 -0.8921
vn -0.2181 -0.3956 -0.8922
vn -0.2175 -0.3962 -0.8920
vn -0.2187 -0.4688 -0.8558
vn -0.2188 -0.4688 -0.8558
vn -0.2183 -0.4692 -0.8557
vn -0.2194 -0.5488 -0.8067
vn -0.2195 -0.5488 -0.8067
vn -0.2192 -0.5490 -0.8066
vn -0.2975 -0.0268 -0.9544
vn -0.2975 -0.0293 -0.9543
vn -0.2975 -0.0378 -0.9540
vn -0.2975 -0.0434 -0.9537
vn -0.2975 -0.0596 -0.9529
vn -0.2974 -0.0597 -0.9529
vn -0.2976 -0.0808 -0.9513
vn -0.2973 -0.0811 -0.9513
vn -0.2978 -0.1075 -0.9485
vn -0.2974 -0.1080 -0.9486
vn -0.2983 -0.1404 -0.9441
vn -0.2983 -0.1403 -0.9441
vn -0.2975 -0.1411 -0.9442
vn -0.2991 -0.1797 -0.9371
vn -0.2992 -0.1797 -0.9371
vn -0.2980 -0.1808 -0.9373
vn -0.3001 -0.2242 -0.9272
vn -0.3002 -0.2241 -0.9272
vn -0.2989 -0.2253 -0.9273
vn -0.3009 -0.2740 -0.9135
vn -0.3010 -0.2739 -0.9134
vn -0.2998 -0.2750 -0.9135
vn -0.3010 -0.3299 -0.8947
vn -0.3011 -0.3299 -0.8947
vn -0.3002 -0.3306 -0.8947
vn -0.3003 -0.3929 -0.8692
vn -0.3003 -0.3928 -0.8692
vn -0.2999 -0.3932 -0.8691
vn -0.2992 -0.4632 -0.8342
vn -0.2993 -0.4632 -0.8342
vn -0.2991 -0.4633 -0.8342
vn -0.2985 -0.5399 -0.7870
vn -0.2984 -0.5400 -0.7870
vn -0.3866 -0.0270 -0.9218
vn -0.3866 -0.0295 -0.9218
vn -0.3867 -0.0295 -0.9218
vn -0.3866 -0.0381 -0.9215
vn -0.3866 -0.0381 -0.9214
vn -0.3866 -0.0438 -0.9212
vn -0.3865 -0.0602 -0.9203
vn -0.3864 -0.0604 -0.9204
vn -0.3865 -0.0819 -0.9187
vn -0.3862 -0.0821 -0.9188
vn -0.3864 -0.1091 -0.9159
vn -0.3864 -0.1091 -0.9158
vn -0.3860 -0.1095 -0.9160
vn -0.3864 -0.1426 -0.9112
vn -0.3865 -0.1426 -0.9112
vn -0.3857 -0.1434 -0.9114
vn -0.3866 -0.1827 -0.9040
vn -0.3855 -0.1838 -0.9042
vn -0.3866 -0.2270 -0.8939
vn -0.3867 -0.2269 -0.8939
vn -0.3854 -0.2281 -0.8941
vn -0.3860 -0.2754 -0.8804
vn -0.3861 -0.2753 -0.8804
vn -0.3851 -0.2763 -0.8806
vn -0.3843 -0.3291 -0.8625
vn -0.3844 -0.3291 -0.8625
vn -0.3838 -0.3297 -0.8626
vn -0.3816 -0.3892 -0.8384
vn -0.3816 -0.3891 -0.8384
vn -0.3814 -0.3893 -0.8384
vn -0.3781 -0.4559 -0.8057
vn -0.3783 -0.4558 -0.8057
vn -0.3751 -0.5285 -0.7616
vn -0.3753 -0.5282 -0.7616
vn -0.4779 -0.0271 -0.8780
vn -0.4779 -0.0298 -0.8779
vn -0.4779 -0.0297 -0.8779
vn -0.4778 -0.0385 -0.8776
vn -0.4779 -0.0384 -0.8776
vn -0.4778 -0.0442 -0.8774
vn -0.4776 -0.0609 -0.8765
vn -0.4775 -0.0610 -0.8765
vn -0.4773 -0.0829 -0.8748
vn -0.4771 -0.0831 -0.8749
vn -0.4768 -0.1106 -0.8720
vn -0.4764 -0.1110 -0.8722
vn -0.4761 -0.1449 -0.8674
vn -0.4762 -0.1448 -0.8673
vn -0.4755 -0.1455 -0.8676
vn -0.4751 -0.1857 -0.8601
vn -0.4752 -0.1856 -0.8601
vn -0.4742 -0.1866 -0.8604
vn -0.4737 -0.2296 -0.8502
vn -0.4738 -0.2295 -0.8502
vn -0.4727 -0.2306 -0.8505
vn -0.4713 -0.2767 -0.8374
vn -0.4714 -0.2766 -0.8374
vn -0.4705 -0.2774 -0.8376
vn -0.4676 -0.3281 -0.8208
vn -0.4671 -0.3285 -0.8209
vn -0.4622 -0.3851 -0.7988
vn -0.4622 -0.3852 -0.7988
vn -0.4553 -0.4474 -0.7697
vn -0.4560 -0.4467 -0.7697
vn -0.4479 -0.5149 -0.7310
vn -0.4478 -0.5150 -0.7309
vn -0.4490 -0.5137 -0.7311
vn -0.5704 -0.0273 -0.8209
vn -0.5704 -0.0300 -0.8208
vn -0.5704 -0.0299 -0.8208
vn -0.5703 -0.0388 -0.8206
vn -0.5703 -0.0387 -0.8205
vn -0.5702 -0.0446 -0.8203
vn -0.5698 -0.0615 -0.8195
vn -0.5697 -0.0616 -0.8195
vn -0.5692 -0.0837 -0.8179
vn -0.5690 -0.0839 -0.8180
vn -0.5682 -0.1119 -0.8153
vn -0.5679 -0.1122 -0.8154
vn -0.5665 -0.1468 -0.8109
vn -0.5666 -0.1467 -0.8109
vn -0.5661 -0.1472 -0.8111
vn -0.5641 -0.1881 -0.8040
vn -0.5634 -0.1888 -0.8043
vn -0.5607 -0.2318 -0.7949
vn -0.5608 -0.2317 -0.7949
vn -0.5600 -0.2325 -0.7952
vn -0.5562 -0.2777 -0.7833
vn -0.5556 -0.2783 -0.7835
vn -0.5499 -0.3273 -0.7684
vn -0.5500 -0.3273 -0.7684
vn -0.5496 -0.3277 -0.7685
vn -0.5416 -0.3817 -0.7490
vn -0.5415 -0.3817 -0.7490
vn -0.5310 -0.4389 -0.7249
vn -0.5309 -0.4389 -0.7249
vn -0.5319 -0.4380 -0.7247
vn -0.5181 -0.4998 -0.6941
vn -0.5180 -0.4999 -0.6941
vn -0.5205 -0.4974 -0.6941
vn 0.6623 -0.0274 -0.7487
vn 0.6622 -0.0317 -0.7487
vn 0.6622 -0.0301 -0.7487
vn 0.6621 -0.0389 -0.7484
vn 0.6619 -0.0448 -0.7482
vn 0.6614 -0.0618 -0.7475
vn 0.6613 -0.0619 -0.7475
vn 0.6604 -0.0842 -0.7462
vn 0.6604 -0.0843 -0.7462
vn 0.6603 -0.0843 -0.7462
vn 0.6587 -0.1126 -0.7439
vn 0.6587 -0.1127 -0.7439
vn 0.6586 -0.1128 -0.7440
vn 0.6560 -0.1478 -0.7402
vn 0.6560 -0.1479 -0.7402
vn 0.6558 -0.1480 -0.7403
vn 0.6518 -0.1895 -0.7343
vn 0.6518 -0.1896 -0.7343
vn 0.6515 -0.1898 -0.7345
vn 0.6463 -0.2331 -0.7266
vn 0.6460 -0.2334 -0.7268
vn 0.6392 -0.2784 -0.7169
vn 0.6389 -0.2786 -0.7170
vn 0.6299 -0.3270 -0.7044
vn 0.6297 -0.3272 -0.7045
vn 0.6180 -0.3797 -0.6884
vn 0.6179 -0.3798 -0.6884
vn 0.6036 -0.4333 -0.6692
vn 0.6040 -0.4330 -0.6691
vn 0.5862 -0.4866 -0.6477
vn 0.5862 -0.4867 -0.6477
vn 0.5886 -0.4844 -0.6472
vn 0.5668 -0.5431 -0.6195
vn 0.5670 -0.5429 -0.6195
vn 0.5731 -0.5367 -0.6193
vn 0.5058 -0.5647 -0.6521
vn 0.5060 -0.5645 -0.6521
vn 0.5086 -0.5618 -0.6525
vn 0.4430 -0.5857 -0.6788
vn 0.4435 -0.5851 -0.6789
vn 0.3737 -0.6043 -0.7037
vn 0.3738 -0.6042 -0.7037
vn 0.2986 -0.6204 -0.7253
vn 0.2985 -0.6204 -0.7252
vn 0.2203 -0.6330 -0.7421
vn 0.2202 -0.6331 -0.7421
vn 0.1376 -0.6421 -0.7542
vn 0.1375 -0.6422 -0.7541
vn 0.0479 -0.6471 -0.7609
vn 0.0478 -0.6471 -0.7609
vn -0.0479 -0.6471 -0.7609
vn -0.0478 -0.6471 -0.7609
vn -0.1376 -0.6421 -0.7542
vn -0.1375 -0.6422 -0.7541
vn -0.2203 -0.6330 -0.7421
vn -0.2202 -0.6331 -0.7421
vn -0.2986 -0.6204 -0.7253
vn -0.2985 -0.6204 -0.7252
vn -0.3737 -0.6043 -0.7037
vn -0.3738 -0.6042 -0.7037
vn -0.4430 -0.5857 -0.6788
vn -0.4435 -0.5851 -0.6789
vn -0.5060 -0.5645 -0.6521
vn -0.5058 -0.5647 -0.6521
vn -0.5086 -0.5618 -0.6525
vn -0.5670 -0.5429 -0.6195
vn -0.5668 -0.5431 -0.6195
vn -0.5731 -0.5367 -0.6193
vn -0.5862 -0.4867 -0.6477
vn -0.5862 -0.4866 -0.6477
vn -0.5886 -0.4844 -0.6472
vn -0.6036 -0.4333 -0.6692
vn -0.6040 -0.4330 -0.6691
vn -0.6180 -0.3797 -0.6884
vn -0.6179 -0.3798 -0.6884
vn -0.6299 -0.3270 -0.7044
vn -0.6297 -0.3272 -0.7045
vn -0.6392 -0.2784 -0.7169
vn -0.6389 -0.2786 -0.7170
vn -0.6463 -0.2331 -0.7266
vn -0.6460 -0.2334 -0.7268
vn -0.6518 -0.1896 -0.7343
vn -0.6518 -0.1895 -0.7343
vn -0.6515 -0.1898 -0.7345
vn -0.6560 -0.1479 -0.7402
vn -0.6560 -0.1478 -0.7402
vn -0.6558 -0.1480 -0.7403
vn -0.6587 -0.1127 -0.7439
vn -0.6587 -0.1126 -0.7439
vn -0.6586 -0.1128 -0.7440
vn -0.6604 -0.0843 -0.7462
vn -0.6604 -0.0842 -0.7462
vn -0.6603 -0.0843 -0.7462
vn -0.6614 -0.0618 -0.7475
vn -0.6613 -0.0619 -0.7475
vn -0.6621 -0.0389 -0.7484
vn -0.6619 -0.0448 -0.7482
vn -0.6622 -0.0301 -0.7487
vn -0.6623 -0.0274 -0.7487
vn -0.6622 -0.0317 -0.7487
vn -0.5703 -0.0316 -0.8208
vn -0.5704 -0.0316 -0.8208
vn -0.4779 -0.0315 -0.8779
vn -0.3866 -0.0313 -0.9217
vn -0.2974 -0.0311 -0.9542
vn -0.2974 -0.0312 -0.9542
vn -0.2105 -0.0310 -0.9771
vn -0.1255 -0.0309 -0.9916
vn -0.0417 -0.0309 -0.9987
vn 0.0417 -0.0309 -0.9987
vn 0.1255 -0.0309 -0.9916
vn 0.2105 -0.0310 -0.9771
vn 0.2974 -0.0311 -0.9542
vn 0.2974 -0.0312 -0.9542
vn 0.3866 -0.0313 -0.9217
vn 0.4779 -0.0315 -0.8779
vn 0.5703 -0.0316 -0.8208
vn 0.5704 -0.0316 -0.8208
vn 0.5226 -0.6737 -0.5226
vn 0.5199 -0.6737 -0.5252
vn 0.5394 -0.7105 -0.4519
vn 0.5393 -0.7105 -0.4520
vn 0.5381 -0.7107 -0.4532
vn 0.5542 -0.7412 -0.3787
vn 0.5540 -0.7413 -0.3789
vn 0.5666 -0.7668 -0.3015
vn 0.5667 -0.7668 -0.3014
vn 0.5762 -0.7866 -0.2218
vn 0.5765 -0.7865 -0.2214
vn 0.5829 -0.8007 -0.1380
vn 0.5833 -0.8005 -0.1376
vn 0.5865 -0.8086 -0.0478
vn 0.5867 -0.8084 -0.0476
vn 0.5865 -0.8086 0.0478
vn 0.5863 -0.8087 0.0480
vn 0.5829 -0.8007 0.1380
vn 0.5825 -0.8009 0.1385
vn 0.5762 -0.7866 0.2218
vn 0.5759 -0.7868 0.2221
vn 0.5666 -0.7668 0.3015
vn 0.5665 -0.7669 0.3017
vn 0.5542 -0.7412 0.3787
vn 0.5542 -0.7413 0.3787
vn 0.5544 -0.7412 0.3785
vn 0.5394 -0.7105 0.4519
vn 0.5393 -0.7105 0.4520
vn 0.5406 -0.7104 0.4507
vn 0.5226 -0.6737 0.5226
vn 0.5252 -0.6737 0.5199
vn 0.4520 -0.7105 -0.5394
vn 0.4520 -0.7105 -0.5393
vn 0.4507 -0.7104 -0.5406
vn 0.4625 -0.7564 -0.4625
vn 0.4616 -0.7564 -0.4634
vn 0.4727 -0.7931 -0.3841
vn 0.4727 -0.7931 -0.3842
vn 0.4725 -0.7931 -0.3844
vn 0.4812 -0.8222 -0.3041
vn 0.4813 -0.8222 -0.3039
vn 0.4876 -0.8443 -0.2223
vn 0.4877 -0.8442 -0.2223
vn 0.4881 -0.8441 -0.2219
vn 0.4919 -0.8598 -0.1374
vn 0.4919 -0.8598 -0.1373
vn 0.4924 -0.8595 -0.1367
vn 0.4939 -0.8682 -0.0472
vn 0.4942 -0.8681 -0.0469
vn 0.4939 -0.8682 0.0472
vn 0.4936 -0.8684 0.0476
vn 0.4919 -0.8598 0.1374
vn 0.4919 -0.8598 0.1373
vn 0.4913 -0.8600 0.1380
vn 0.4876 -0.8443 0.2223
vn 0.4877 -0.8442 0.2223
vn 0.4872 -0.8444 0.2228
vn 0.4812 -0.8222 0.3041
vn 0.4810 -0.8222 0.3042
vn 0.4727 -0.7931 0.3841
vn 0.4729 -0.7931 0.3839
vn 0.4625 -0.7564 0.4625
vn 0.4634 -0.7564 0.4616
vn 0.4519 -0.7105 0.5394
vn 0.4520 -0.7105 0.5393
vn 0.4532 -0.7107 0.5381
vn 0.3787 -0.7412 -0.5542
vn 0.3787 -0.7413 -0.5542
vn 0.3785 -0.7412 -0.5544
vn 0.3841 -0.7931 -0.4727
vn 0.3839 -0.7931 -0.4729
vn 0.3899 -0.8342 -0.3899
vn 0.3899 -0.8342 -0.3900
vn 0.3950 -0.8660 -0.3068
vn 0.3953 -0.8659 -0.3065
vn 0.3986 -0.8897 -0.2227
vn 0.3992 -0.8896 -0.2220
vn 0.4007 -0.9060 -0.1363
vn 0.4014 -0.9058 -0.1356
vn 0.4015 -0.9147 -0.0465
vn 0.4015 -0.9147 -0.0464
vn 0.4018 -0.9146 -0.0461
vn 0.4015 -0.9147 0.0465
vn 0.4015 -0.9147 0.0464
vn 0.4011 -0.9148 0.0468
vn 0.4007 -0.9060 0.1363
vn 0.4000 -0.9062 0.1371
vn 0.3986 -0.8897 0.2227
vn 0.3980 -0.8898 0.2233
vn 0.3950 -0.8660 0.3068
vn 0.3947 -0.8660 0.3071
vn 0.3899 -0.8342 0.3899
vn 0.3900 -0.8342 0.3899
vn 0.3841 -0.7931 0.4727
vn 0.3844 -0.7931 0.4724
vn 0.3787 -0.7412 0.5542
vn 0.3787 -0.7413 0.5542
vn 0.3789 -0.7413 0.5540
vn 0.3015 -0.7668 -0.5666
vn 0.3017 -0.7669 -0.5665
vn 0.3041 -0.8222 -0.4812
vn 0.3042 -0.8222 -0.4810
vn 0.3068 -0.8660 -0.3950
vn 0.3071 -0.8660 -0.3947
vn 0.3089 -0.8995 -0.3089
vn 0.3095 -0.8995 -0.3083
vn 0.3101 -0.9243 -0.2225
vn 0.3109 -0.9242 -0.2217
vn 0.3103 -0.9410 -0.1351
vn 0.3111 -0.9408 -0.1342
vn 0.3102 -0.9496 -0.0456
vn 0.3105 -0.9495 -0.0452
vn 0.3102 -0.9496 0.0456
vn 0.3098 -0.9497 0.0460
vn 0.3103 -0.9410 0.1351
vn 0.3095 -0.9411 0.1359
vn 0.3101 -0.9243 0.2225
vn 0.3092 -0.9244 0.2234
vn 0.3089 -0.8995 0.3089
vn 0.3083 -0.8995 0.3095
vn 0.3068 -0.8660 0.3950
vn 0.3065 -0.8659 0.3953
vn 0.3041 -0.8222 0.4812
vn 0.3039 -0.8222 0.4813
vn 0.3015 -0.7668 0.5666
vn 0.3014 -0.7668 0.5667
vn 0.2218 -0.7866 -0.5762
vn 0.2221 -0.7868 -0.5759
vn 0.2223 -0.8443 -0.4876
vn 0.2223 -0.8443 -0.4877
vn 0.2228 -0.8444 -0.4872
vn 0.2227 -0.8897 -0.3986
vn 0.2226 -0.8897 -0.3986
vn 0.2233 -0.8898 -0.3980
vn 0.2225 -0.9243 -0.3101
vn 0.2234 -0.9244 -0.3092
vn 0.2219 -0.9495 -0.2219
vn 0.2228 -0.9495 -0.2210
vn 0.2210 -0.9661 -0.1337
vn 0.2218 -0.9660 -0.1329
vn 0.2203 -0.9744 -0.0448
vn 0.2207 -0.9743 -0.0445
vn 0.2203 -0.9744 0.0448
vn 0.2200 -0.9745 0.0452
vn 0.2210 -0.9661 0.1337
vn 0.2202 -0.9661 0.1345
vn 0.2219 -0.9495 0.2219
vn 0.2210 -0.9495 0.2228
vn 0.2225 -0.9243 0.3101
vn 0.2217 -0.9242 0.3109
vn 0.2227 -0.8897 0.3986
vn 0.2226 -0.8897 0.3986
vn 0.2220 -0.8896 0.3992
vn 0.2223 -0.8443 0.4876
vn 0.2223 -0.8443 0.4877
vn 0.2218 -0.8441 0.4881
vn 0.2218 -0.7866 0.5762
vn 0.2214 -0.7865 0.5765
vn 0.1380 -0.8007 -0.5829
vn 0.1385 -0.8009 -0.5825
vn 0.1374 -0.8598 -0.4919
vn 0.1373 -0.8598 -0.4919
vn 0.1380 -0.8600 -0.4913
vn 0.1363 -0.9060 -0.4007
vn 0.1371 -0.9062 -0.4000
vn 0.1351 -0.9410 -0.3103
vn 0.1359 -0.9411 -0.3095
vn 0.1337 -0.9661 -0.2210
vn 0.1345 -0.9661 -0.2202
vn 0.1325 -0.9823 -0.1325
vn 0.1331 -0.9823 -0.1319
vn 0.1317 -0.9903 -0.0442
vn 0.1320 -0.9903 -0.0440
vn 0.1317 -0.9903 0.0442
vn 0.1315 -0.9903 0.0445
vn 0.1325 -0.9823 0.1325
vn 0.1319 -0.9823 0.1331
vn 0.1337 -0.9661 0.2210
vn 0.1329 -0.9660 0.2218
vn 0.1351 -0.9410 0.3103
vn 0.1342 -0.9408 0.3111
vn 0.1363 -0.9060 0.4007
vn 0.1356 -0.9058 0.4014
vn 0.1374 -0.8598 0.4919
vn 0.1373 -0.8598 0.4919
vn 0.1367 -0.8595 0.4924
vn 0.1380 -0.8007 0.5829
vn 0.1376 -0.8005 0.5833
vn 0.0478 -0.8086 -0.5865
vn 0.0480 -0.8087 -0.5863
vn 0.0472 -0.8682 -0.4939
vn 0.0476 -0.8684 -0.4936
vn 0.0465 -0.9147 -0.4015
vn 0.0464 -0.9147 -0.4015
vn 0.0468 -0.9148 -0.4011
vn 0.0456 -0.9496 -0.3102
vn 0.0460 -0.9497 -0.3098
vn 0.0448 -0.9744 -0.2203
vn 0.0452 -0.9745 -0.2200
vn 0.0442 -0.9903 -0.1317
vn 0.0445 -0.9903 -0.1315
vn 0.0438 -0.9981 -0.0438
vn 0.0439 -0.9981 -0.0438
vn 0.0438 -0.9981 0.0438
vn 0.0438 -0.9981 0.0439
vn 0.0442 -0.9903 0.1317
vn 0.0440 -0.9903 0.1319
vn 0.0448 -0.9744 0.2203
vn 0.0445 -0.9743 0.2207
vn 0.0456 -0.9496 0.3102
vn 0.0452 -0.9495 0.3105
vn 0.0465 -0.9147 0.4015
vn 0.0464 -0.9147 0.4015
vn 0.0461 -0.9146 0.4018
vn 0.0472 -0.8682 0.4939
vn 0.0469 -0.8681 0.4942
vn 0.0478 -0.8086 0.5865
vn 0.0476 -0.8084 0.5867
vn -0.0478 -0.8086 -0.5865
vn -0.0480 -0.8087 -0.5863
vn -0.0472 -0.8682 -0.4939
vn -0.0476 -0.8684 -0.4936
vn -0.0464 -0.9147 -0.4015
vn -0.0465 -0.9147 -0.4015
vn -0.0468 -0.9148 -0.4011
vn -0.0456 -0.9496 -0.3102
vn -0.0460 -0.9497 -0.3098
vn -0.0448 -0.9744 -0.2203
vn -0.0452 -0.9745 -0.2200
vn -0.0442 -0.9903 -0.1317
vn -0.0445 -0.9903 -0.1315
vn -0.0438 -0.9981 -0.0438
vn -0.0439 -0.9981 -0.0438
vn -0.0438 -0.9981 0.0438
vn -0.0438 -0.9981 0.0439
vn -0.0442 -0.9903 0.1317
vn -0.0440 -0.9903 0.1319
vn -0.0448 -0.9744 0.2203
vn -0.0445 -0.9743 0.2207
vn -0.0456 -0.9496 0.3102
vn -0.0452 -0.9495 0.3105
vn -0.0464 -0.9147 0.4015
vn -0.0465 -0.9147 0.4015
vn -0.0461 -0.9146 0.4018
vn -0.0472 -0.8682 0.4939
vn -0.0469 -0.8681 0.4942
vn -0.0478 -0.8086 0.5865
vn -0.0476 -0.8084 0.5867
vn -0.1380 -0.8007 -0.5829
vn -0.1385 -0.8009 -0.5825
vn -0.1373 -0.8598 -0.4919
vn -0.1374 -0.8598 -0.4919
vn -0.1380 -0.8600 -0.4913
vn -0.1363 -0.9060 -0.4007
vn -0.1371 -0.9062 -0.4000
vn -0.1351 -0.9410 -0.3103
vn -0.1359 -0.9411 -0.3095
vn -0.1337 -0.9661 -0.2210
vn -0.1345 -0.9661 -0.2202
vn -0.1325 -0.9823 -0.1325
vn -0.1331 -0.9823 -0.1319
vn -0.1317 -0.9903 -0.0442
vn -0.1320 -0.9903 -0.0440
vn -0.1317 -0.9903 0.0442
vn -0.1315 -0.9903 0.0445
vn -0.1325 -0.9823 0.1325
vn -0.1319 -0.9823 0.1331
vn -0.1337 -0.9661 0.2210
vn -0.1329 -0.9660 0.2218
vn -0.1350 -0.9410 0.3103
vn -0.1351 -0.9410 0.3103
vn -0.1342 -0.9408 0.3111
vn -0.1363 -0.9060 0.4007
vn -0.1356 -0.9058 0.4014
vn -0.1373 -0.8598 0.4919
vn -0.1374 -0.8598 0.4919
vn -0.1367 -0.8595 0.4924
vn -0.1380 -0.8007 0.5829
vn -0.1375 -0.8005 0.5833
vn -0.2218 -0.7866 -0.5762
vn -0.2221 -0.7868 -0.5759
vn -0.2223 -0.8442 -0.4877
vn -0.2223 -0.8443 -0.4876
vn -0.2228 -0.8444 -0.4872
vn -0.2226 -0.8897 -0.3986
vn -0.2227 -0.8897 -0.3986
vn -0.2233 -0.8898 -0.3980
vn -0.2225 -0.9243 -0.3101
vn -0.2234 -0.9244 -0.3092
vn -0.2219 -0.9495 -0.2219
vn -0.2228 -0.9495 -0.2210
vn -0.2210 -0.9661 -0.1337
vn -0.2218 -0.9660 -0.1329
vn -0.2203 -0.9744 -0.0448
vn -0.2207 -0.9743 -0.0445
vn -0.2203 -0.9744 0.0448
vn -0.2200 -0.9745 0.0452
vn -0.2210 -0.9661 0.1337
vn -0.2202 -0.9661 0.1345
vn -0.2219 -0.9495 0.2219
vn -0.2210 -0.9495 0.2228
vn -0.2225 -0.9243 0.3101
vn -0.2217 -0.9242 0.3109
vn -0.2226 -0.8897 0.3986
vn -0.2227 -0.8897 0.3986
vn -0.2220 -0.8896 0.3992
vn -0.2223 -0.8443 0.4877
vn -0.2223 -0.8443 0.4876
vn -0.2218 -0.8441 0.4881
vn -0.2218 -0.7866 0.5762
vn -0.2214 -0.7865 0.5765
vn -0.3015 -0.7668 -0.5666
vn -0.3017 -0.7669 -0.5665
vn -0.3041 -0.8222 -0.4812
vn -0.3042 -0.8222 -0.4810
vn -0.3068 -0.8660 -0.3950
vn -0.3071 -0.8660 -0.3947
vn -0.3089 -0.8995 -0.3089
vn -0.3095 -0.8995 -0.3083
vn -0.3101 -0.9243 -0.2225
vn -0.3109 -0.9242 -0.2217
vn -0.3103 -0.9410 -0.1350
vn -0.3103 -0.9410 -0.1351
vn -0.3111 -0.9408 -0.1342
vn -0.3102 -0.9496 -0.0456
vn -0.3105 -0.9495 -0.0452
vn -0.3102 -0.9496 0.0456
vn -0.3098 -0.9497 0.0460
vn -0.3103 -0.9410 0.1350
vn -0.3103 -0.9410 0.1351
vn -0.3095 -0.9411 0.1359
vn -0.3101 -0.9243 0.2225
vn -0.3092 -0.9244 0.2234
vn -0.3089 -0.8995 0.3089
vn -0.3083 -0.8995 0.3095
vn -0.3068 -0.8660 0.3950
vn -0.3065 -0.8659 0.3953
vn -0.3041 -0.8222 0.4812
vn -0.3039 -0.8222 0.4813
vn -0.3015 -0.7668 0.5666
vn -0.3014 -0.7668 0.5667
vn -0.3787 -0.7412 -0.5542
vn -0.3785 -0.7412 -0.5544
vn -0.3842 -0.7931 -0.4727
vn -0.3841 -0.7931 -0.4727
vn -0.3839 -0.7931 -0.4729
vn -0.3899 -0.8342 -0.3899
vn -0.3899 -0.8342 -0.3900
vn -0.3950 -0.8660 -0.3068
vn -0.3953 -0.8659 -0.3065
vn -0.3986 -0.8897 -0.2226
vn -0.3986 -0.8897 -0.2227
vn -0.3992 -0.8896 -0.2220
vn -0.4007 -0.9060 -0.1363
vn -0.4014 -0.9058 -0.1356
vn -0.4015 -0.9147 -0.0464
vn -0.4015 -0.9147 -0.0465
vn -0.4018 -0.9145 -0.0461
vn -0.4015 -0.9147 0.0464
vn -0.4015 -0.9147 0.0465
vn -0.4011 -0.9148 0.0468
vn -0.4007 -0.9060 0.1363
vn -0.4000 -0.9062 0.1371
vn -0.3986 -0.8897 0.2226
vn -0.3986 -0.8897 0.2227
vn -0.3980 -0.8898 0.2233
vn -0.3950 -0.8660 0.3068
vn -0.3947 -0.8660 0.3071
vn -0.3899 -0.8342 0.3899
vn -0.3900 -0.8342 0.3899
vn -0.3841 -0.7931 0.4727
vn -0.3844 -0.7931 0.4724
vn -0.3787 -0.7412 0.5542
vn -0.3789 -0.7413 0.5540
vn -0.4520 -0.7105 -0.5393
vn -0.4519 -0.7105 -0.5394
vn -0.4507 -0.7104 -0.5406
vn -0.4625 -0.7564 -0.4625
vn -0.4616 -0.7564 -0.4634
vn -0.4727 -0.7931 -0.3842
vn -0.4727 -0.7931 -0.3841
vn -0.4725 -0.7931 -0.3844
vn -0.4812 -0.8222 -0.3041
vn -0.4813 -0.8222 -0.3039
vn -0.4877 -0.8442 -0.2223
vn -0.4876 -0.8443 -0.2223
vn -0.4881 -0.8441 -0.2218
vn -0.4919 -0.8598 -0.1373
vn -0.4919 -0.8598 -0.1374
vn -0.4924 -0.8595 -0.1367
vn -0.4939 -0.8682 -0.0472
vn -0.4942 -0.8681 -0.0469
vn -0.4939 -0.8682 0.0472
vn -0.4936 -0.8684 0.0476
vn -0.4919 -0.8598 0.1373
vn -0.4919 -0.8598 0.1374
vn -0.4913 -0.8600 0.1380
vn -0.4877 -0.8443 0.2223
vn -0.4876 -0.8443 0.2223
vn -0.4872 -0.8444 0.2228
vn -0.4812 -0.8222 0.3041
vn -0.4810 -0.8222 0.3042
vn -0.4727 -0.7931 0.3842
vn -0.4727 -0.7931 0.3841
vn -0.4729 -0.7931 0.3839
vn -0.4625 -0.7564 0.4625
vn -0.4634 -0.7564 0.4616
vn -0.4520 -0.7105 0.5393
vn -0.4519 -0.7105 0.5394
vn -0.4532 -0.7107 0.5381
vn -0.5226 -0.6737 -0.5226
vn -0.5199 -0.6737 -0.5252
vn -0.5393 -0.7105 -0.4520
vn -0.5394 -0.7105 -0.4519
vn -0.5381 -0.7107 -0.4532
vn -0.5542 -0.7412 -0.3787
vn -0.5540 -0.7413 -0.3789
vn -0.5666 -0.7668 -0.3015
vn -0.5667 -0.7668 -0.3014
vn -0.5762 -0.7866 -0.2218
vn -0.5765 -0.7865 -0.2214
vn -0.5829 -0.8007 -0.1380
vn -0.5833 -0.8005 -0.1376
vn -0.5865 -0.8086 -0.0478
vn -0.5867 -0.8084 -0.0476
vn -0.5865 -0.8086 0.0478
vn -0.5863 -0.8087 0.0480
vn -0.5829 -0.8007 0.1380
vn -0.5825 -0.8009 0.1385
vn -0.5762 -0.7866 0.2218
vn -0.5759 -0.7868 0.2222
vn -0.5666 -0.7668 0.3015
vn -0.5665 -0.7669 0.3017
vn -0.5542 -0.7412 0.3787
vn -0.5544 -0.7412 0.3785
vn -0.5393 -0.7105 0.4520
vn -0.5394 -0.7105 0.4519
vn -0.5406 -0.7104 0.4507
vn -0.5226 -0.6737 0.5226
vn -0.5252 -0.6737 0.5199
vn 0.5683 -0.5950 -0.5683
vn 0.5619 -0.5949 -0.5747
vn 0.5913 -0.6270 -0.5072
vn 0.5911 -0.6270 -0.5074
vn 0.5884 -0.6275 -0.5099
vn 0.6132 -0.6532 -0.4443
vn 0.6127 -0.6533 -0.4448
vn 0.6325 -0.6777 -0.3749
vn 0.6493 -0.6990 -0.2996
vn 0.6494 -0.6990 -0.2995
vn 0.6625 -0.7157 -0.2211
vn 0.6626 -0.7156 -0.2210
vn 0.6719 -0.7276 -0.1382
vn 0.6719 -0.7276 -0.1381
vn 0.6721 -0.7275 -0.1380
vn 0.6771 -0.7343 -0.0481
vn 0.6772 -0.7342 -0.0480
vn 0.6771 -0.7343 0.0481
vn 0.6770 -0.7344 0.0482
vn 0.6719 -0.7276 0.1382
vn 0.6719 -0.7276 0.1381
vn 0.6718 -0.7277 0.1383
vn 0.6625 -0.7157 0.2211
vn 0.6624 -0.7158 0.2213
vn 0.6493 -0.6990 0.2996
vn 0.6492 -0.6991 0.2998
vn 0.6325 -0.6777 0.3749
vn 0.6132 -0.6532 0.4443
vn 0.6136 -0.6530 0.4439
vn 0.5913 -0.6270 0.5072
vn 0.5911 -0.6270 0.5074
vn 0.5939 -0.6265 0.5047
vn 0.5683 -0.5950 0.5683
vn 0.5747 -0.5949 0.5619
vn 0.5072 -0.6270 0.5913
vn 0.5074 -0.6270 0.5911
vn 0.5099 -0.6275 0.5884
vn 0.4443 -0.6532 0.6132
vn 0.4448 -0.6533 0.6127
vn 0.3749 -0.6777 0.6325
vn 0.2996 -0.6990 0.6493
vn 0.2995 -0.6990 0.6494
vn 0.2211 -0.7157 0.6625
vn 0.2210 -0.7156 0.6626
vn 0.1382 -0.7276 0.6719
vn 0.1381 -0.7276 0.6719
vn 0.1380 -0.7275 0.6721
vn 0.0481 -0.7343 0.6771
vn 0.0480 -0.7342 0.6772
vn -0.0481 -0.7343 0.6771
vn -0.0480 -0.7342 0.6772
vn -0.1382 -0.7276 0.6719
vn -0.1380 -0.7275 0.6721
vn -0.2211 -0.7157 0.6625
vn -0.2209 -0.7156 0.6626
vn -0.2996 -0.6990 0.6493
vn -0.2995 -0.6990 0.6494
vn -0.3749 -0.6777 0.6325
vn -0.4443 -0.6532 0.6131
vn -0.4443 -0.6532 0.6132
vn -0.4448 -0.6533 0.6127
vn -0.5074 -0.6270 0.5911
vn -0.5072 -0.6270 0.5913
vn -0.5099 -0.6275 0.5884
vn -0.5683 -0.5950 0.5683
vn -0.5747 -0.5949 0.5619
vn -0.5911 -0.6270 0.5074
vn -0.5913 -0.6270 0.5072
vn -0.5939 -0.6265 0.5047
vn -0.6132 -0.6532 0.4443
vn -0.6136 -0.6530 0.4439
vn -0.6325 -0.6777 0.3749
vn -0.6493 -0.6990 0.2996
vn -0.6492 -0.6991 0.2998
vn -0.6625 -0.7157 0.2211
vn -0.6624 -0.7158 0.2213
vn -0.6719 -0.7276 0.1381
vn -0.6719 -0.7276 0.1382
vn -0.6718 -0.7277 0.1383
vn -0.6771 -0.7343 0.0481
vn -0.6770 -0.7344 0.0482
vn -0.6771 -0.7343 -0.0481
vn -0.6772 -0.7342 -0.0480
vn -0.6719 -0.7276 -0.1381
vn -0.6719 -0.7276 -0.1382
vn -0.6721 -0.7275 -0.1380
vn -0.6625 -0.7157 -0.2211
vn -0.6626 -0.7156 -0.2210
vn -0.6493 -0.6990 -0.2996
vn -0.6494 -0.6990 -0.2995
vn -0.6325 -0.6777 -0.3749
vn -0.6132 -0.6532 -0.4443
vn -0.6127 -0.6533 -0.4448
vn -0.5911 -0.6270 -0.5074
vn -0.5913 -0.6270 -0.5072
vn -0.5884 -0.6275 -0.5099
vn -0.5683 -0.5950 -0.5683
vn -0.5619 -0.5949 -0.5747
vn -0.5074 -0.6270 -0.5911
vn -0.5072 -0.6270 -0.5913
vn -0.5047 -0.6265 -0.5939
vn -0.4443 -0.6532 -0.6132
vn -0.4439 -0.6530 -0.6136
vn -0.3749 -0.6777 -0.6325
vn -0.2996 -0.6990 -0.6493
vn -0.2998 -0.6991 -0.6492
vn -0.2211 -0.7157 -0.6625
vn -0.2213 -0.7158 -0.6624
vn -0.1381 -0.7276 -0.6719
vn -0.1382 -0.7276 -0.6719
vn -0.1383 -0.7277 -0.6718
vn -0.0481 -0.7343 -0.6771
vn -0.0482 -0.7344 -0.6770
vn 0.0481 -0.7343 -0.6771
vn 0.0482 -0.7344 -0.6770
vn 0.1382 -0.7276 -0.6719
vn 0.1383 -0.7277 -0.6718
vn 0.2211 -0.7157 -0.6625
vn 0.2213 -0.7158 -0.6623
vn 0.2996 -0.6990 -0.6493
vn 0.2998 -0.6991 -0.6492
vn 0.3749 -0.6777 -0.6325
vn 0.4443 -0.6532 -0.6132
vn 0.4439 -0.6530 -0.6136
vn 0.5072 -0.6270 -0.5913
vn 0.5074 -0.6270 -0.5911
vn 0.5047 -0.6265 -0.5939
vn 0.6941 -0.4999 0.5180
vn 0.6941 -0.4998 0.5181
vn 0.6941 -0.4974 0.5205
vn 0.7309 -0.5150 0.4478
vn 0.7310 -0.5149 0.4479
vn 0.7311 -0.5137 0.4490
vn 0.7616 -0.5285 0.3751
vn 0.7616 -0.5282 0.3753
vn 0.7870 -0.5399 0.2985
vn 0.7870 -0.5400 0.2984
vn 0.8067 -0.5488 0.2195
vn 0.8066 -0.5488 0.2194
vn 0.8066 -0.5490 0.2192
vn 0.8206 -0.5549 0.1365
vn 0.8206 -0.5550 0.1365
vn 0.8204 -0.5553 0.1361
vn 0.8283 -0.5582 0.0473
vn 0.8282 -0.5584 0.0471
vn 0.8283 -0.5582 -0.0473
vn 0.8284 -0.5581 -0.0475
vn 0.8206 -0.5549 -0.1365
vn 0.8206 -0.5550 -0.1365
vn 0.8208 -0.5546 -0.1369
vn 0.8067 -0.5488 -0.2195
vn 0.8067 -0.5488 -0.2194
vn 0.8067 -0.5485 -0.2197
vn 0.7870 -0.5399 -0.2985
vn 0.7871 -0.5398 -0.2986
vn 0.7616 -0.5285 -0.3751
vn 0.7615 -0.5287 -0.3748
vn 0.7309 -0.5150 -0.4478
vn 0.7310 -0.5149 -0.4479
vn 0.7308 -0.5161 -0.4467
vn 0.6941 -0.4999 -0.5180
vn 0.6941 -0.4998 -0.5181
vn 0.6942 -0.5023 -0.5156
vn 0.7249 -0.4389 0.5309
vn 0.7249 -0.4389 0.5310
vn 0.7247 -0.4380 0.5319
vn 0.7697 -0.4474 0.4553
vn 0.7697 -0.4467 0.4560
vn 0.8057 -0.4559 0.3781
vn 0.8057 -0.4558 0.3783
vn 0.8342 -0.4632 0.2993
vn 0.8342 -0.4632 0.2992
vn 0.8342 -0.4633 0.2991
vn 0.8558 -0.4688 0.2188
vn 0.8557 -0.4692 0.2183
vn 0.8709 -0.4725 0.1352
vn 0.8709 -0.4725 0.1351
vn 0.8707 -0.4730 0.1346
vn 0.8791 -0.4743 0.0465
vn 0.8790 -0.4746 0.0462
vn 0.8791 -0.4743 -0.0465
vn 0.8791 -0.4743 -0.0464
vn 0.8793 -0.4740 -0.0468
vn 0.8709 -0.4725 -0.1352
vn 0.8709 -0.4725 -0.1351
vn 0.8711 -0.4720 -0.1357
vn 0.8558 -0.4688 -0.2188
vn 0.8559 -0.4684 -0.2192
vn 0.8342 -0.4632 -0.2993
vn 0.8342 -0.4632 -0.2992
vn 0.8342 -0.4630 -0.2994
vn 0.8057 -0.4559 -0.3781
vn 0.8057 -0.4560 -0.3780
vn 0.7697 -0.4474 -0.4553
vn 0.7698 -0.4481 -0.4546
vn 0.7249 -0.4389 -0.5309
vn 0.7249 -0.4389 -0.5310
vn 0.7250 -0.4398 -0.5300
vn 0.7490 -0.3817 0.5416
vn 0.7490 -0.3817 0.5415
vn 0.7988 -0.3851 0.4622
vn 0.7988 -0.3852 0.4622
vn 0.8384 -0.3891 0.3816
vn 0.8384 -0.3892 0.3816
vn 0.8384 -0.3893 0.3814
vn 0.8692 -0.3929 0.3003
vn 0.8691 -0.3932 0.2999
vn 0.8921 -0.3956 0.2181
vn 0.8920 -0.3962 0.2175
vn 0.9080 -0.3971 0.1337
vn 0.9080 -0.3972 0.1336
vn 0.9078 -0.3978 0.1329
vn 0.9164 -0.3977 0.0456
vn 0.9163 -0.3978 0.0456
vn 0.9162 -0.3981 0.0452
vn 0.9164 -0.3977 -0.0456
vn 0.9163 -0.3978 -0.0456
vn 0.9165 -0.3974 -0.0459
vn 0.9080 -0.3971 -0.1337
vn 0.9080 -0.3972 -0.1336
vn 0.9081 -0.3965 -0.1344
vn 0.8921 -0.3956 -0.2181
vn 0.8922 -0.3950 -0.2188
vn 0.8692 -0.3929 -0.3003
vn 0.8692 -0.3925 -0.3007
vn 0.8384 -0.3891 -0.3816
vn 0.8384 -0.3892 -0.3816
vn 0.8384 -0.3890 -0.3817
vn 0.7988 -0.3851 -0.4622
vn 0.7490 -0.3817 -0.5416
vn 0.7490 -0.3816 -0.5416
vn 0.7684 -0.3273 0.5500
vn 0.7684 -0.3273 0.5499
vn 0.7685 -0.3277 0.5495
vn 0.8208 -0.3281 0.4676
vn 0.8209 -0.3286 0.4671
vn 0.8625 -0.3291 0.3844
vn 0.8625 -0.3291 0.3843
vn 0.8626 -0.3297 0.3838
vn 0.8947 -0.3299 0.3011
vn 0.8947 -0.3299 0.3010
vn 0.8947 -0.3306 0.3002
vn 0.9186 -0.3302 0.2172
vn 0.9185 -0.3310 0.2163
vn 0.9347 -0.3299 0.1321
vn 0.9347 -0.3300 0.1320
vn 0.9346 -0.3307 0.1312
vn 0.9431 -0.3296 0.0447
vn 0.9430 -0.3297 0.0447
vn 0.9429 -0.3300 0.0443
vn 0.9431 -0.3296 -0.0447
vn 0.9430 -0.3297 -0.0447
vn 0.9432 -0.3293 -0.0451
vn 0.9347 -0.3299 -0.1321
vn 0.9347 -0.3300 -0.1320
vn 0.9349 -0.3292 -0.1329
vn 0.9186 -0.3302 -0.2172
vn 0.9187 -0.3293 -0.2181
vn 0.8947 -0.3299 -0.3011
vn 0.8947 -0.3299 -0.3010
vn 0.8947 -0.3292 -0.3018
vn 0.8625 -0.3291 -0.3844
vn 0.8625 -0.3291 -0.3843
vn 0.8625 -0.3286 -0.3849
vn 0.8208 -0.3281 -0.4676
vn 0.8207 -0.3276 -0.4680
vn 0.7684 -0.3273 -0.5500
vn 0.7684 -0.3273 -0.5499
vn 0.7683 -0.3270 -0.5503
vn 0.7833 -0.2777 0.5562
vn 0.7835 -0.2783 0.5556
vn 0.8374 -0.2766 0.4714
vn 0.8374 -0.2767 0.4713
vn 0.8376 -0.2774 0.4705
vn 0.8804 -0.2753 0.3861
vn 0.8804 -0.2754 0.3860
vn 0.8806 -0.2763 0.3851
vn 0.9134 -0.2739 0.3010
vn 0.9135 -0.2740 0.3009
vn 0.9135 -0.2750 0.2998
vn 0.9377 -0.2723 0.2159
vn 0.9377 -0.2724 0.2158
vn 0.9376 -0.2734 0.2148
vn 0.9537 -0.2709 0.1305
vn 0.9537 -0.2710 0.1304
vn 0.9536 -0.2717 0.1295
vn 0.9619 -0.2700 0.0439
vn 0.9619 -0.2700 0.0438
vn 0.9618 -0.2703 0.0435
vn 0.9619 -0.2700 -0.0439
vn 0.9619 -0.2700 -0.0438
vn 0.9619 -0.2696 -0.0442
vn 0.9537 -0.2709 -0.1305
vn 0.9537 -0.2710 -0.1304
vn 0.9538 -0.2701 -0.1313
vn 0.9377 -0.2723 -0.2159
vn 0.9377 -0.2724 -0.2158
vn 0.9377 -0.2713 -0.2170
vn 0.9134 -0.2739 -0.3010
vn 0.9135 -0.2740 -0.3009
vn 0.9134 -0.2729 -0.3021
vn 0.8804 -0.2753 -0.3861
vn 0.8804 -0.2754 -0.3860
vn 0.8803 -0.2745 -0.3870
vn 0.8374 -0.2766 -0.4714
vn 0.8374 -0.2767 -0.4713
vn 0.8372 -0.2758 -0.4722
vn 0.7833 -0.2777 -0.5562
vn 0.7831 -0.2771 -0.5568
vn 0.7949 -0.2317 0.5608
vn 0.7949 -0.2318 0.5607
vn 0.7952 -0.2325 0.5600
vn 0.8502 -0.2295 0.4738
vn 0.8502 -0.2296 0.4737
vn 0.8505 -0.2306 0.4727
vn 0.8939 -0.2269 0.3867
vn 0.8939 -0.2270 0.3866
vn 0.8941 -0.2281 0.3854
vn 0.9272 -0.2241 0.3002
vn 0.9272 -0.2242 0.3001
vn 0.9273 -0.2253 0.2989
vn 0.9513 -0.2215 0.2144
vn 0.9513 -0.2216 0.2143
vn 0.9513 -0.2226 0.2132
vn 0.9671 -0.2194 0.1289
vn 0.9671 -0.2195 0.1288
vn 0.9670 -0.2202 0.1280
vn 0.9749 -0.2182 0.0431
vn 0.9749 -0.2183 0.0431
vn 0.9749 -0.2186 0.0428
vn 0.9749 -0.2182 -0.0431
vn 0.9749 -0.2183 -0.0431
vn 0.9750 -0.2179 -0.0435
vn 0.9671 -0.2194 -0.1289
vn 0.9671 -0.2195 -0.1288
vn 0.9671 -0.2187 -0.1297
vn 0.9513 -0.2215 -0.2144
vn 0.9513 -0.2216 -0.2143
vn 0.9513 -0.2205 -0.2155
vn 0.9272 -0.2241 -0.3002
vn 0.9272 -0.2242 -0.3001
vn 0.9271 -0.2230 -0.3014
vn 0.8939 -0.2269 -0.3867
vn 0.8939 -0.2270 -0.3866
vn 0.8936 -0.2258 -0.3879
vn 0.8502 -0.2295 -0.4738
vn 0.8502 -0.2296 -0.4737
vn 0.8499 -0.2286 -0.4748
vn 0.7949 -0.2317 -0.5608
vn 0.7949 -0.2318 -0.5607
vn 0.7946 -0.2310 -0.5615
vn 0.8040 -0.1881 0.5641
vn 0.8040 -0.1881 0.5640
vn 0.8043 -0.1888 0.5634
vn 0.8601 -0.1856 0.4752
vn 0.8601 -0.1857 0.4751
vn 0.8604 -0.1866 0.4742
vn 0.9040 -0.1827 0.3866
vn 0.9040 -0.1827 0.3865
vn 0.9042 -0.1838 0.3855
vn 0.9371 -0.1797 0.2992
vn 0.9371 -0.1797 0.2991
vn 0.9373 -0.1808 0.2980
vn 0.9609 -0.1770 0.2129
vn 0.9609 -0.1770 0.2128
vn 0.9610 -0.1779 0.2119
vn 0.9763 -0.1749 0.1276
vn 0.9763 -0.1750 0.1275
vn 0.9763 -0.1756 0.1268
vn 0.9839 -0.1738 0.0426
vn 0.9839 -0.1738 0.0425
vn 0.9838 -0.1740 0.0423
vn 0.9839 -0.1738 -0.0426
vn 0.9839 -0.1738 -0.0425
vn 0.9839 -0.1736 -0.0428
vn 0.9763 -0.1749 -0.1276
vn 0.9763 -0.1750 -0.1275
vn 0.9763 -0.1743 -0.1282
vn 0.9609 -0.1770 -0.2129
vn 0.9609 -0.1770 -0.2128
vn 0.9609 -0.1761 -0.2139
vn 0.9371 -0.1797 -0.2992
vn 0.9371 -0.1797 -0.2991
vn 0.9370 -0.1786 -0.3003
vn 0.9040 -0.1827 -0.3866
vn 0.9037 -0.1816 -0.3877
vn 0.8601 -0.1856 -0.4752
vn 0.8601 -0.1857 -0.4751
vn 0.8598 -0.1847 -0.4762
vn 0.8040 -0.1881 -0.5641
vn 0.8040 -0.1881 -0.5640
vn 0.8037 -0.1874 -0.5648
vn 0.8109 -0.1467 0.5666
vn 0.8109 -0.1467 0.5665
vn 0.8111 -0.1472 0.5661
vn 0.8673 -0.1448 0.4762
vn 0.8674 -0.1449 0.4761
vn 0.8676 -0.1455 0.4755
vn 0.9112 -0.1426 0.3865
vn 0.9112 -0.1427 0.3864
vn 0.9114 -0.1434 0.3857
vn 0.9441 -0.1403 0.2983
vn 0.9441 -0.1404 0.2983
vn 0.9442 -0.1411 0.2975
vn 0.9675 -0.1383 0.2118
vn 0.9675 -0.1384 0.2118
vn 0.9675 -0.1390 0.2111
vn 0.9825 -0.1368 0.1266
vn 0.9825 -0.1369 0.1266
vn 0.9825 -0.1373 0.1262
vn 0.9898 -0.1360 0.0422
vn 0.9898 -0.1362 0.0420
vn 0.9898 -0.1360 -0.0422
vn 0.9898 -0.1358 -0.0423
vn 0.9825 -0.1368 -0.1266
vn 0.9825 -0.1369 -0.1266
vn 0.9825 -0.1364 -0.1271
vn 0.9675 -0.1383 -0.2118
vn 0.9675 -0.1384 -0.2118
vn 0.9674 -0.1377 -0.2124
vn 0.9441 -0.1403 -0.2983
vn 0.9441 -0.1404 -0.2983
vn 0.9440 -0.1396 -0.2991
vn 0.9112 -0.1426 -0.3865
vn 0.9112 -0.1426 -0.3864
vn 0.9110 -0.1419 -0.3872
vn 0.8673 -0.1448 -0.4762
vn 0.8674 -0.1449 -0.4761
vn 0.8671 -0.1442 -0.4768
vn 0.8109 -0.1467 -0.5666
vn 0.8109 -0.1467 -0.5665
vn 0.8106 -0.1462 -0.5670
vn 0.8153 -0.1119 0.5682
vn 0.8154 -0.1122 0.5679
vn 0.8720 -0.1106 0.4768
vn 0.8722 -0.1110 0.4764
vn 0.9158 -0.1091 0.3864
vn 0.9159 -0.1091 0.3864
vn 0.9160 -0.1095 0.3860
vn 0.9485 -0.1075 0.2978
vn 0.9486 -0.1080 0.2974
vn 0.9717 -0.1062 0.2112
vn 0.9717 -0.1062 0.2111
vn 0.9717 -0.1066 0.2107
vn 0.9864 -0.1051 0.1261
vn 0.9864 -0.1052 0.1261
vn 0.9864 -0.1054 0.1258
vn 0.9936 -0.1046 0.0419
vn 0.9936 -0.1047 0.0418
vn 0.9936 -0.1046 -0.0419
vn 0.9936 -0.1045 -0.0420
vn 0.9864 -0.1051 -0.1261
vn 0.9864 -0.1052 -0.1261
vn 0.9864 -0.1049 -0.1263
vn 0.9717 -0.1062 -0.2112
vn 0.9717 -0.1062 -0.2111
vn 0.9716 -0.1058 -0.2116
vn 0.9485 -0.1075 -0.2978
vn 0.9485 -0.1071 -0.2983
vn 0.9158 -0.1091 -0.3864
vn 0.9159 -0.1091 -0.3864
vn 0.9157 -0.1086 -0.3869
vn 0.8720 -0.1106 -0.4768
vn 0.8718 -0.1102 -0.4772
vn 0.8153 -0.1119 -0.5682
vn 0.8151 -0.1116 -0.5684
vn 0.8179 -0.0837 0.5692
vn 0.8180 -0.0839 0.5690
vn 0.8748 -0.0829 0.4773
vn 0.8749 -0.0831 0.4771
vn 0.9187 -0.0819 0.3865
vn 0.9188 -0.0821 0.3862
vn 0.9513 -0.0808 0.2976
vn 0.9513 -0.0811 0.2973
vn 0.9743 -0.0799 0.2108
vn 0.9743 -0.0802 0.2106
vn 0.9889 -0.0792 0.1258
vn 0.9889 -0.0794 0.1256
vn 0.9960 -0.0789 0.0418
vn 0.9960 -0.0789 0.0417
vn 0.9960 -0.0789 -0.0418
vn 0.9960 -0.0788 -0.0419
vn 0.9889 -0.0792 -0.1258
vn 0.9889 -0.0791 -0.1259
vn 0.9743 -0.0799 -0.2108
vn 0.9742 -0.0797 -0.2110
vn 0.9513 -0.0808 -0.2976
vn 0.9512 -0.0805 -0.2979
vn 0.9187 -0.0819 -0.3865
vn 0.9186 -0.0816 -0.3867
vn 0.8748 -0.0829 -0.4773
vn 0.8747 -0.0826 -0.4775
vn 0.8179 -0.0837 -0.5692
vn 0.8178 -0.0836 -0.5694
vn 0.8195 -0.0615 0.5698
vn 0.8195 -0.0616 0.5697
vn 0.8765 -0.0609 0.4776
vn 0.8765 -0.0610 0.4775
vn 0.9203 -0.0602 0.3865
vn 0.9204 -0.0604 0.3864
vn 0.9529 -0.0596 0.2975
vn 0.9529 -0.0597 0.2974
vn 0.9758 -0.0590 0.2106
vn 0.9758 -0.0590 0.2107
vn 0.9758 -0.0591 0.2105
vn 0.9904 -0.0585 0.1256
vn 0.9904 -0.0586 0.1255
vn 0.9974 -0.0583 0.0417
vn 0.9974 -0.0583 -0.0417
vn 0.9974 -0.0583 -0.0418
vn 0.9904 -0.0585 -0.1256
vn 0.9903 -0.0584 -0.1257
vn 0.9758 -0.0590 -0.2107
vn 0.9758 -0.0588 -0.2108
vn 0.9529 -0.0596 -0.2975
vn 0.9528 -0.0594 -0.2977
vn 0.9203 -0.0602 -0.3865
vn 0.9203 -0.0601 -0.3867
vn 0.8765 -0.0609 -0.4776
vn 0.8764 -0.0607 -0.4777
vn 0.8195 -0.0615 -0.5698
vn 0.8194 -0.0614 -0.5699
vn 0.8203 -0.0446 0.5702
vn 0.8205 -0.0387 0.5703
vn 0.8206 -0.0388 0.5703
vn 0.8774 -0.0442 0.4778
vn 0.8776 -0.0384 0.4779
vn 0.8776 -0.0385 0.4778
vn 0.9212 -0.0438 0.3866
vn 0.9214 -0.0381 0.3866
vn 0.9215 -0.0381 0.3866
vn 0.9537 -0.0434 0.2975
vn 0.9540 -0.0378 0.2975
vn 0.9766 -0.0430 0.2106
vn 0.9769 -0.0375 0.2106
vn 0.9769 -0.0375 0.2105
vn 0.9912 -0.0427 0.1255
vn 0.9914 -0.0372 0.1255
vn 0.9914 -0.0373 0.1255
vn 0.9982 -0.0426 0.0417
vn 0.9984 -0.0371 0.0417
vn 0.9982 -0.0426 -0.0417
vn 0.9984 -0.0371 -0.0417
vn 0.9912 -0.0427 -0.1255
vn 0.9914 -0.0372 -0.1255
vn 0.9912 -0.0427 -0.1256
vn 0.9766 -0.0430 -0.2106
vn 0.9769 -0.0375 -0.2106
vn 0.9766 -0.0429 -0.2107
vn 0.9537 -0.0434 -0.2975
vn 0.9540 -0.0378 -0.2975
vn 0.9537 -0.0433 -0.2976
vn 0.9212 -0.0438 -0.3866
vn 0.9214 -0.0381 -0.3866
vn 0.9212 -0.0437 -0.3867
vn 0.8774 -0.0442 -0.4778
vn 0.8776 -0.0384 -0.4779
vn 0.8773 -0.0441 -0.4779
vn 0.8203 -0.0446 -0.5702
vn 0.8205 -0.0387 -0.5703
vn 0.8203 -0.0445 -0.5702
vn 0.8208 -0.0299 0.5704
vn 0.8208 -0.0300 0.5704
vn 0.8779 -0.0297 0.4779
vn 0.8779 -0.0298 0.4779
vn 0.9218 -0.0295 0.3866
vn 0.9543 -0.0293 0.2975
vn 0.9771 -0.0291 0.2106
vn 0.9772 -0.0291 0.2105
vn 0.9917 -0.0290 0.1255
vn 0.9987 -0.0289 0.0417
vn 0.9987 -0.0289 -0.0417
vn 0.9914 -0.0373 -0.1255
vn 0.9917 -0.0290 -0.1255
vn 0.9769 -0.0375 -0.2105
vn 0.9771 -0.0291 -0.2106
vn 0.9543 -0.0293 -0.2975
vn 0.9215 -0.0381 -0.3866
vn 0.9218 -0.0295 -0.3866
vn 0.8776 -0.0385 -0.4778
vn 0.8779 -0.0297 -0.4779
vn 0.8206 -0.0388 -0.5703
vn 0.8208 -0.0299 -0.5704
vn 0.8209 -0.0273 0.5704
vn 0.8780 -0.0271 0.4779
vn 0.9218 -0.0270 0.3866
vn 0.9544 -0.0268 0.2975
vn 0.9772 -0.0267 0.2105
vn 0.9917 -0.0266 0.1255
vn 0.9988 -0.0265 0.0417
vn 0.9988 -0.0265 -0.0417
vn 0.9917 -0.0266 -0.1255
vn 0.9772 -0.0291 -0.2105
vn 0.9772 -0.0267 -0.2105
vn 0.9544 -0.0268 -0.2975
vn 0.9218 -0.0270 -0.3866
vn 0.8779 -0.0298 -0.4779
vn 0.8780 -0.0271 -0.4779
vn 0.8208 -0.0300 -0.5704
vn 0.8209 -0.0273 -0.5704
vn 0.6195 -0.5431 0.5668
vn 0.6195 -0.5429 0.5670
vn 0.6193 -0.5367 0.5731
vn 0.6521 -0.5647 0.5058
vn 0.6521 -0.5645 0.5060
vn 0.6525 -0.5618 0.5086
vn 0.6788 -0.5857 0.4430
vn 0.6789 -0.5851 0.4435
vn 0.7037 -0.6043 0.3737
vn 0.7037 -0.6042 0.3738
vn 0.7253 -0.6204 0.2986
vn 0.7253 -0.6204 0.2985
vn 0.7421 -0.6330 0.2203
vn 0.7421 -0.6331 0.2202
vn 0.7542 -0.6421 0.1376
vn 0.7541 -0.6422 0.1375
vn 0.7609 -0.6471 0.0479
vn 0.7609 -0.6471 0.0478
vn 0.7609 -0.6471 -0.0479
vn 0.7609 -0.6471 -0.0478
vn 0.7610 -0.6470 -0.0479
vn 0.7542 -0.6421 -0.1376
vn 0.7543 -0.6420 -0.1378
vn 0.7421 -0.6330 -0.2203
vn 0.7422 -0.6329 -0.2204
vn 0.7253 -0.6204 -0.2986
vn 0.7253 -0.6203 -0.2986
vn 0.7037 -0.6043 -0.3737
vn 0.7037 -0.6044 -0.3736
vn 0.6788 -0.5857 -0.4430
vn 0.6786 -0.5863 -0.4425
vn 0.6521 -0.5647 -0.5058
vn 0.6521 -0.5645 -0.5060
vn 0.6517 -0.5674 -0.5033
vn 0.6195 -0.5431 -0.5668
vn 0.6195 -0.5429 -0.5670
vn 0.6196 -0.5492 -0.5607
vn 0.6477 -0.4866 -0.5862
vn 0.6477 -0.4867 -0.5862
vn 0.6482 -0.4889 -0.5838
vn 0.6692 -0.4333 -0.6036
vn 0.6694 -0.4336 -0.6032
vn 0.6884 -0.3797 -0.6180
vn 0.6884 -0.3796 -0.6181
vn 0.7044 -0.3270 -0.6299
vn 0.7044 -0.3268 -0.6301
vn 0.7169 -0.2784 -0.6392
vn 0.7168 -0.2781 -0.6394
vn 0.7266 -0.2331 -0.6463
vn 0.7265 -0.2328 -0.6465
vn 0.7343 -0.1895 -0.6518
vn 0.7343 -0.1896 -0.6518
vn 0.7342 -0.1893 -0.6520
vn 0.7402 -0.1478 -0.6560
vn 0.7402 -0.1479 -0.6560
vn 0.7400 -0.1477 -0.6561
vn 0.7439 -0.1126 -0.6587
vn 0.7439 -0.1127 -0.6587
vn 0.7438 -0.1125 -0.6588
vn 0.7462 -0.0842 -0.6604
vn 0.7462 -0.0843 -0.6604
vn 0.7475 -0.0618 -0.6614
vn 0.7482 -0.0448 -0.6619
vn 0.7484 -0.0389 -0.6621
vn 0.7487 -0.0301 -0.6622
vn 0.7487 -0.0274 -0.6623
vn 0.7487 -0.0317 -0.6622
vn 0.8208 -0.0316 -0.5703
vn 0.8779 -0.0315 -0.4779
vn 0.9217 -0.0313 -0.3866
vn 0.9542 -0.0311 -0.2974
vn 0.9771 -0.0310 -0.2105
vn 0.9916 -0.0309 -0.1255
vn 0.9987 -0.0309 -0.0417
vn 0.9987 -0.0309 0.0417
vn 0.9916 -0.0309 0.1255
vn 0.9771 -0.0310 0.2105
vn 0.9542 -0.0311 0.2974
vn 0.9542 -0.0312 0.2974
vn 0.9217 -0.0313 0.3866
vn 0.8779 -0.0315 0.4779
vn 0.8208 -0.0316 0.5703
vn 0.8208 -0.0316 0.5704
vn 0.7487 -0.0274 0.6623
vn 0.7487 -0.0317 0.6622
vn 0.7487 -0.0301 0.6622
vn 0.7484 -0.0389 0.6621
vn 0.7482 -0.0448 0.6619
vn 0.7475 -0.0618 0.6614
vn 0.7475 -0.0619 0.6613
vn 0.7462 -0.0843 0.6604
vn 0.7462 -0.0843 0.6603
vn 0.7439 -0.1126 0.6587
vn 0.7439 -0.1127 0.6587
vn 0.7440 -0.1128 0.6586
vn 0.7402 -0.1478 0.6560
vn 0.7402 -0.1479 0.6560
vn 0.7403 -0.1480 0.6558
vn 0.7343 -0.1895 0.6518
vn 0.7343 -0.1896 0.6518
vn 0.7345 -0.1898 0.6515
vn 0.7266 -0.2331 0.6463
vn 0.7268 -0.2334 0.6460
vn 0.7169 -0.2784 0.6392
vn 0.7170 -0.2786 0.6389
vn 0.7044 -0.3270 0.6299
vn 0.7045 -0.3272 0.6297
vn 0.6884 -0.3797 0.6180
vn 0.6884 -0.3798 0.6179
vn 0.6692 -0.4333 0.6036
vn 0.6691 -0.4330 0.6040
vn 0.6477 -0.4866 0.5862
vn 0.6477 -0.4867 0.5862
vn 0.6472 -0.4844 0.5886
vn 0.5180 -0.4999 0.6941
vn 0.5181 -0.4998 0.6941
vn 0.5156 -0.5023 0.6942
vn 0.5309 -0.4389 0.7249
vn 0.5310 -0.4389 0.7249
vn 0.5300 -0.4398 0.7250
vn 0.5416 -0.3817 0.7490
vn 0.5416 -0.3816 0.7490
vn 0.5500 -0.3273 0.7684
vn 0.5499 -0.3274 0.7684
vn 0.5503 -0.3270 0.7683
vn 0.5562 -0.2777 0.7833
vn 0.5568 -0.2771 0.7831
vn 0.5608 -0.2317 0.7949
vn 0.5607 -0.2318 0.7949
vn 0.5615 -0.2310 0.7946
vn 0.5641 -0.1881 0.8040
vn 0.5640 -0.1881 0.8040
vn 0.5648 -0.1874 0.8037
vn 0.5666 -0.1467 0.8109
vn 0.5665 -0.1467 0.8109
vn 0.5670 -0.1462 0.8106
vn 0.5682 -0.1119 0.8153
vn 0.5685 -0.1116 0.8151
vn 0.5692 -0.0837 0.8179
vn 0.5694 -0.0836 0.8178
vn 0.5698 -0.0615 0.8195
vn 0.5699 -0.0614 0.8194
vn 0.5702 -0.0446 0.8203
vn 0.5703 -0.0387 0.8205
vn 0.5702 -0.0445 0.8203
vn 0.5703 -0.0388 0.8206
vn 0.5704 -0.0299 0.8208
vn 0.5704 -0.0300 0.8208
vn 0.5704 -0.0273 0.8209
vn 0.4478 -0.5150 0.7309
vn 0.4479 -0.5149 0.7310
vn 0.4467 -0.5161 0.7308
vn 0.4553 -0.4474 0.7697
vn 0.4546 -0.4481 0.7698
vn 0.4622 -0.3851 0.7988
vn 0.4676 -0.3281 0.8208
vn 0.4680 -0.3276 0.8207
vn 0.4714 -0.2766 0.8374
vn 0.4713 -0.2767 0.8374
vn 0.4722 -0.2758 0.8372
vn 0.4738 -0.2295 0.8502
vn 0.4737 -0.2296 0.8502
vn 0.4748 -0.2286 0.8499
vn 0.4752 -0.1856 0.8601
vn 0.4751 -0.1857 0.8601
vn 0.4762 -0.1847 0.8597
vn 0.4762 -0.1448 0.8674
vn 0.4761 -0.1449 0.8674
vn 0.4768 -0.1442 0.8671
vn 0.4768 -0.1106 0.8720
vn 0.4772 -0.1102 0.8719
vn 0.4773 -0.0829 0.8748
vn 0.4775 -0.0826 0.8747
vn 0.4776 -0.0609 0.8765
vn 0.4777 -0.0607 0.8764
vn 0.4778 -0.0442 0.8774
vn 0.4779 -0.0384 0.8776
vn 0.4779 -0.0441 0.8773
vn 0.4778 -0.0385 0.8776
vn 0.4779 -0.0297 0.8779
vn 0.4779 -0.0298 0.8779
vn 0.4779 -0.0271 0.8780
vn 0.3751 -0.5285 0.7616
vn 0.3748 -0.5287 0.7615
vn 0.3781 -0.4559 0.8057
vn 0.3780 -0.4560 0.8057
vn 0.3816 -0.3891 0.8384
vn 0.3816 -0.3892 0.8384
vn 0.3817 -0.3890 0.8384
vn 0.3844 -0.3291 0.8625
vn 0.3843 -0.3291 0.8625
vn 0.3849 -0.3286 0.8625
vn 0.3861 -0.2753 0.8804
vn 0.3860 -0.2754 0.8804
vn 0.3870 -0.2744 0.8803
vn 0.3867 -0.2269 0.8939
vn 0.3866 -0.2270 0.8939
vn 0.3879 -0.2258 0.8936
vn 0.3866 -0.1827 0.9040
vn 0.3865 -0.1827 0.9040
vn 0.3877 -0.1816 0.9037
vn 0.3865 -0.1426 0.9112
vn 0.3864 -0.1427 0.9112
vn 0.3872 -0.1419 0.9110
vn 0.3864 -0.1091 0.9158
vn 0.3864 -0.1091 0.9159
vn 0.3869 -0.1086 0.9157
vn 0.3865 -0.0819 0.9187
vn 0.3867 -0.0816 0.9186
vn 0.3865 -0.0602 0.9203
vn 0.3867 -0.0601 0.9203
vn 0.3866 -0.0438 0.9212
vn 0.3866 -0.0381 0.9214
vn 0.3867 -0.0437 0.9212
vn 0.3866 -0.0381 0.9215
vn 0.3866 -0.0295 0.9218
vn 0.3867 -0.0270 0.9218
vn 0.2985 -0.5399 0.7870
vn 0.2986 -0.5398 0.7871
vn 0.2993 -0.4632 0.8342
vn 0.2992 -0.4632 0.8342
vn 0.2994 -0.4630 0.8342
vn 0.3003 -0.3929 0.8692
vn 0.3007 -0.3925 0.8692
vn 0.3011 -0.3299 0.8947
vn 0.3010 -0.3299 0.8947
vn 0.3018 -0.3292 0.8947
vn 0.3010 -0.2739 0.9134
vn 0.3009 -0.2740 0.9135
vn 0.3021 -0.2729 0.9134
vn 0.3002 -0.2241 0.9272
vn 0.3001 -0.2242 0.9272
vn 0.3014 -0.2230 0.9271
vn 0.2992 -0.1797 0.9371
vn 0.2991 -0.1797 0.9371
vn 0.3003 -0.1786 0.9370
vn 0.2983 -0.1403 0.9441
vn 0.2983 -0.1404 0.9441
vn 0.2991 -0.1396 0.9440
vn 0.2978 -0.1075 0.9485
vn 0.2983 -0.1071 0.9485
vn 0.2976 -0.0808 0.9513
vn 0.2979 -0.0805 0.9512
vn 0.2975 -0.0596 0.9529
vn 0.2977 -0.0594 0.9528
vn 0.2975 -0.0434 0.9537
vn 0.2975 -0.0378 0.9540
vn 0.2976 -0.0433 0.9537
vn 0.2975 -0.0293 0.9543
vn 0.2975 -0.0268 0.9544
vn 0.2195 -0.5488 0.8067
vn 0.2194 -0.5488 0.8067
vn 0.2197 -0.5485 0.8067
vn 0.2188 -0.4688 0.8558
vn 0.2192 -0.4684 0.8559
vn 0.2181 -0.3956 0.8921
vn 0.2188 -0.3950 0.8922
vn 0.2172 -0.3302 0.9186
vn 0.2181 -0.3293 0.9187
vn 0.2159 -0.2723 0.9377
vn 0.2158 -0.2724 0.9377
vn 0.2170 -0.2713 0.9377
vn 0.2144 -0.2215 0.9513
vn 0.2143 -0.2216 0.9513
vn 0.2155 -0.2205 0.9513
vn 0.2129 -0.1770 0.9609
vn 0.2128 -0.1770 0.9609
vn 0.2139 -0.1761 0.9609
vn 0.2118 -0.1383 0.9675
vn 0.2118 -0.1384 0.9675
vn 0.2124 -0.1377 0.9674
vn 0.2112 -0.1062 0.9717
vn 0.2111 -0.1062 0.9717
vn 0.2116 -0.1058 0.9716
vn 0.2108 -0.0799 0.9743
vn 0.2110 -0.0797 0.9742
vn 0.2106 -0.0590 0.9758
vn 0.2108 -0.0588 0.9758
vn 0.2106 -0.0430 0.9766
vn 0.2106 -0.0375 0.9769
vn 0.2106 -0.0429 0.9766
vn 0.2105 -0.0375 0.9769
vn 0.2106 -0.0291 0.9771
vn 0.2105 -0.0291 0.9772
vn 0.2105 -0.0267 0.9772
vn 0.1365 -0.5549 0.8206
vn 0.1365 -0.5550 0.8206
vn 0.1369 -0.5546 0.8208
vn 0.1352 -0.4725 0.8709
vn 0.1351 -0.4725 0.8709
vn 0.1357 -0.4720 0.8711
vn 0.1337 -0.3971 0.9080
vn 0.1336 -0.3972 0.9080
vn 0.1344 -0.3965 0.9081
vn 0.1321 -0.3299 0.9347
vn 0.1320 -0.3300 0.9347
vn 0.1329 -0.3292 0.9349
vn 0.1305 -0.2709 0.9537
vn 0.1304 -0.2710 0.9537
vn 0.1313 -0.2701 0.9538
vn 0.1289 -0.2194 0.9671
vn 0.1288 -0.2195 0.9671
vn 0.1297 -0.2187 0.9671
vn 0.1276 -0.1749 0.9763
vn 0.1275 -0.1750 0.9763
vn 0.1282 -0.1743 0.9763
vn 0.1266 -0.1368 0.9825
vn 0.1266 -0.1369 0.9825
vn 0.1271 -0.1364 0.9825
vn 0.1261 -0.1051 0.9864
vn 0.1261 -0.1052 0.9864
vn 0.1263 -0.1049 0.9864
vn 0.1258 -0.0792 0.9889
vn 0.1259 -0.0791 0.9889
vn 0.1256 -0.0585 0.9904
vn 0.1257 -0.0584 0.9903
vn 0.1255 -0.0427 0.9912
vn 0.1255 -0.0372 0.9914
vn 0.1256 -0.0427 0.9912
vn 0.1255 -0.0373 0.9914
vn 0.1255 -0.0290 0.9917
vn 0.1255 -0.0266 0.9917
vn 0.0473 -0.5582 0.8283
vn 0.0475 -0.5581 0.8284
vn 0.0465 -0.4743 0.8791
vn 0.0464 -0.4743 0.8791
vn 0.0468 -0.4740 0.8793
vn 0.0456 -0.3977 0.9164
vn 0.0456 -0.3978 0.9163
vn 0.0459 -0.3974 0.9165
vn 0.0447 -0.3296 0.9431
vn 0.0447 -0.3297 0.9430
vn 0.0451 -0.3293 0.9431
vn 0.0439 -0.2700 0.9619
vn 0.0438 -0.2700 0.9619
vn 0.0442 -0.2696 0.9620
vn 0.0431 -0.2182 0.9749
vn 0.0431 -0.2183 0.9749
vn 0.0435 -0.2179 0.9750
vn 0.0426 -0.1738 0.9839
vn 0.0425 -0.1738 0.9839
vn 0.0428 -0.1736 0.9839
vn 0.0422 -0.1360 0.9898
vn 0.0423 -0.1358 0.9898
vn 0.0419 -0.1046 0.9936
vn 0.0420 -0.1045 0.9936
vn 0.0418 -0.0789 0.9960
vn 0.0419 -0.0788 0.9960
vn 0.0417 -0.0583 0.9974
vn 0.0418 -0.0583 0.9974
vn 0.0417 -0.0426 0.9982
vn 0.0417 -0.0371 0.9984
vn 0.0417 -0.0289 0.9987
vn 0.0417 -0.0265 0.9988
vn -0.0473 -0.5582 0.8283
vn -0.0475 -0.5581 0.8284
vn -0.0464 -0.4743 0.8791
vn -0.0465 -0.4743 0.8791
vn -0.0468 -0.4740 0.8793
vn -0.0456 -0.3978 0.9163
vn -0.0456 -0.3977 0.9164
vn -0.0459 -0.3974 0.9165
vn -0.0447 -0.3297 0.9430
vn -0.0447 -0.3296 0.9431
vn -0.0451 -0.3293 0.9431
vn -0.0438 -0.2700 0.9619
vn -0.0439 -0.2700 0.9619
vn -0.0442 -0.2696 0.9620
vn -0.0431 -0.2183 0.9749
vn -0.0431 -0.2182 0.9749
vn -0.0435 -0.2179 0.9750
vn -0.0425 -0.1738 0.9839
vn -0.0426 -0.1738 0.9839
vn -0.0428 -0.1736 0.9839
vn -0.0422 -0.1360 0.9898
vn -0.0423 -0.1358 0.9898
vn -0.0419 -0.1046 0.9936
vn -0.0420 -0.1045 0.9936
vn -0.0418 -0.0789 0.9960
vn -0.0419 -0.0788 0.9960
vn -0.0417 -0.0583 0.9974
vn -0.0418 -0.0583 0.9974
vn -0.0417 -0.0371 0.9984
vn -0.0417 -0.0426 0.9982
vn -0.0417 -0.0289 0.9987
vn -0.0417 -0.0265 0.9988
vn -0.1365 -0.5550 0.8206
vn -0.1365 -0.5549 0.8206
vn -0.1369 -0.5546 0.8208
vn -0.1351 -0.4725 0.8709
vn -0.1352 -0.4725 0.8709
vn -0.1357 -0.4720 0.8711
vn -0.1336 -0.3972 0.9080
vn -0.1337 -0.3971 0.9080
vn -0.1344 -0.3965 0.9081
vn -0.1320 -0.3300 0.9347
vn -0.1321 -0.3299 0.9347
vn -0.1329 -0.3292 0.9349
vn -0.1304 -0.2710 0.9537
vn -0.1305 -0.2709 0.9537
vn -0.1313 -0.2701 0.9538
vn -0.1288 -0.2195 0.9671
vn -0.1289 -0.2194 0.9671
vn -0.1297 -0.2187 0.9671
vn -0.1275 -0.1750 0.9763
vn -0.1276 -0.1749 0.9763
vn -0.1282 -0.1743 0.9763
vn -0.1266 -0.1369 0.9825
vn -0.1266 -0.1368 0.9825
vn -0.1271 -0.1364 0.9825
vn -0.1261 -0.1052 0.9864
vn -0.1261 -0.1051 0.9864
vn -0.1263 -0.1049 0.9864
vn -0.1258 -0.0792 0.9889
vn -0.1259 -0.0791 0.9889
vn -0.1256 -0.0585 0.9904
vn -0.1257 -0.0584 0.9903
vn -0.1255 -0.0372 0.9914
vn -0.1255 -0.0427 0.9912
vn -0.1256 -0.0427 0.9912
vn -0.1255 -0.0290 0.9917
vn -0.1255 -0.0373 0.9914
vn -0.1255 -0.0266 0.9917
vn -0.2194 -0.5488 0.8067
vn -0.2195 -0.5488 0.8067
vn -0.2197 -0.5485 0.8067
vn -0.2188 -0.4688 0.8558
vn -0.2192 -0.4684 0.8559
vn -0.2181 -0.3956 0.8921
vn -0.2188 -0.3950 0.8922
vn -0.2172 -0.3302 0.9186
vn -0.2181 -0.3293 0.9187
vn -0.2158 -0.2724 0.9377
vn -0.2159 -0.2723 0.9377
vn -0.2170 -0.2713 0.9377
vn -0.2143 -0.2216 0.9513
vn -0.2144 -0.2215 0.9513
vn -0.2155 -0.2205 0.9513
vn -0.2128 -0.1770 0.9609
vn -0.2129 -0.1770 0.9609
vn -0.2139 -0.1761 0.9609
vn -0.2118 -0.1384 0.9675
vn -0.2118 -0.1383 0.9675
vn -0.2124 -0.1377 0.9674
vn -0.2111 -0.1062 0.9717
vn -0.2112 -0.1062 0.9717
vn -0.2116 -0.1058 0.9716
vn -0.2108 -0.0799 0.9743
vn -0.2110 -0.0797 0.9742
vn -0.2107 -0.0590 0.9758
vn -0.2108 -0.0588 0.9758
vn -0.2106 -0.0375 0.9769
vn -0.2106 -0.0430 0.9766
vn -0.2107 -0.0429 0.9766
vn -0.2106 -0.0291 0.9771
vn -0.2105 -0.0375 0.9769
vn -0.2105 -0.0267 0.9772
vn -0.2105 -0.0291 0.9772
vn -0.2985 -0.5399 0.7870
vn -0.2986 -0.5398 0.7871
vn -0.2992 -0.4632 0.8342
vn -0.2993 -0.4632 0.8342
vn -0.2994 -0.4630 0.8342
vn -0.3003 -0.3929 0.8692
vn -0.3007 -0.3925 0.8692
vn -0.3010 -0.3299 0.8947
vn -0.3011 -0.3299 0.8947
vn -0.3018 -0.3292 0.8947
vn -0.3009 -0.2740 0.9135
vn -0.3010 -0.2739 0.9134
vn -0.3021 -0.2729 0.9134
vn -0.3001 -0.2242 0.9272
vn -0.3002 -0.2241 0.9272
vn -0.3014 -0.2230 0.9271
vn -0.2991 -0.1797 0.9371
vn -0.2992 -0.1797 0.9371
vn -0.3003 -0.1786 0.9370
vn -0.2983 -0.1404 0.9441
vn -0.2983 -0.1403 0.9441
vn -0.2991 -0.1396 0.9440
vn -0.2978 -0.1075 0.9485
vn -0.2983 -0.1071 0.9485
vn -0.2976 -0.0808 0.9513
vn -0.2979 -0.0805 0.9512
vn -0.2975 -0.0596 0.9529
vn -0.2977 -0.0594 0.9528
vn -0.2975 -0.0378 0.9540
vn -0.2975 -0.0434 0.9537
vn -0.2976 -0.0433 0.9537
vn -0.2975 -0.0293 0.9543
vn -0.2975 -0.0268 0.9544
vn -0.3751 -0.5285 0.7616
vn -0.3748 -0.5287 0.7615
vn -0.3781 -0.4559 0.8057
vn -0.3780 -0.4560 0.8057
vn -0.3815 -0.3892 0.8384
vn -0.3816 -0.3891 0.8384
vn -0.3817 -0.3890 0.8384
vn -0.3843 -0.3291 0.8625
vn -0.3844 -0.3291 0.8625
vn -0.3849 -0.3286 0.8625
vn -0.3860 -0.2754 0.8804
vn -0.3861 -0.2753 0.8804
vn -0.3870 -0.2744 0.8803
vn -0.3866 -0.2270 0.8939
vn -0.3867 -0.2269 0.8939
vn -0.3879 -0.2258 0.8936
vn -0.3866 -0.1827 0.9040
vn -0.3877 -0.1816 0.9037
vn -0.3864 -0.1427 0.9112
vn -0.3865 -0.1426 0.9112
vn -0.3872 -0.1419 0.9110
vn -0.3864 -0.1091 0.9159
vn -0.3864 -0.1091 0.9158
vn -0.3869 -0.1086 0.9157
vn -0.3865 -0.0819 0.9187
vn -0.3867 -0.0816 0.9186
vn -0.3865 -0.0602 0.9203
vn -0.3867 -0.0601 0.9203
vn -0.3866 -0.0381 0.9214
vn -0.3866 -0.0438 0.9212
vn -0.3867 -0.0437 0.9212
vn -0.3867 -0.0295 0.9218
vn -0.3866 -0.0381 0.9215
vn -0.3866 -0.0270 0.9218
vn -0.3866 -0.0295 0.9218
vn -0.4479 -0.5149 0.7309
vn -0.4478 -0.5150 0.7309
vn -0.4467 -0.5161 0.7308
vn -0.4553 -0.4474 0.7697
vn -0.4546 -0.4481 0.7698
vn -0.4622 -0.3851 0.7988
vn -0.4623 -0.3851 0.7988
vn -0.4676 -0.3281 0.8208
vn -0.4680 -0.3276 0.8207
vn -0.4713 -0.2767 0.8374
vn -0.4714 -0.2766 0.8374
vn -0.4722 -0.2758 0.8372
vn -0.4737 -0.2296 0.8502
vn -0.4738 -0.2295 0.8502
vn -0.4748 -0.2286 0.8499
vn -0.4751 -0.1857 0.8601
vn -0.4752 -0.1856 0.8601
vn -0.4761 -0.1847 0.8598
vn -0.4761 -0.1449 0.8674
vn -0.4762 -0.1448 0.8673
vn -0.4768 -0.1442 0.8671
vn -0.4768 -0.1106 0.8720
vn -0.4772 -0.1102 0.8718
vn -0.4773 -0.0829 0.8748
vn -0.4775 -0.0826 0.8747
vn -0.4776 -0.0609 0.8765
vn -0.4777 -0.0607 0.8764
vn -0.4779 -0.0384 0.8776
vn -0.4778 -0.0442 0.8774
vn -0.4779 -0.0441 0.8773
vn -0.4779 -0.0297 0.8779
vn -0.4778 -0.0385 0.8776
vn -0.4779 -0.0271 0.8780
vn -0.4779 -0.0298 0.8779
vn -0.5181 -0.4998 0.6941
vn -0.5180 -0.4999 0.6941
vn -0.5156 -0.5023 0.6942
vn -0.5310 -0.4389 0.7249
vn -0.5309 -0.4389 0.7249
vn -0.5300 -0.4398 0.7250
vn -0.5416 -0.3817 0.7490
vn -0.5416 -0.3816 0.7490
vn -0.5499 -0.3273 0.7684
vn -0.5500 -0.3273 0.7684
vn -0.5503 -0.3270 0.7683
vn -0.5562 -0.2777 0.7833
vn -0.5568 -0.2771 0.7831
vn -0.5607 -0.2318 0.7949
vn -0.5608 -0.2317 0.7949
vn -0.5615 -0.2310 0.7946
vn -0.5640 -0.1881 0.8040
vn -0.5641 -0.1881 0.8040
vn -0.5648 -0.1874 0.8037
vn -0.5665 -0.1467 0.8109
vn -0.5666 -0.1467 0.8109
vn -0.5670 -0.1462 0.8106
vn -0.5682 -0.1119 0.8153
vn -0.5684 -0.1116 0.8151
vn -0.5692 -0.0837 0.8179
vn -0.5694 -0.0836 0.8178
vn -0.5698 -0.0615 0.8195
vn -0.5699 -0.0614 0.8194
vn -0.5703 -0.0387 0.8205
vn -0.5702 -0.0446 0.8203
vn -0.5702 -0.0445 0.8203
vn -0.5704 -0.0299 0.8208
vn -0.5703 -0.0388 0.8206
vn -0.5704 -0.0273 0.8209
vn -0.5704 -0.0300 0.8208
vn 0.5668 -0.5431 0.6195
vn 0.5670 -0.5429 0.6195
vn 0.5607 -0.5492 0.6196
vn 0.5862 -0.4866 0.6477
vn 0.5862 -0.4867 0.6477
vn 0.5838 -0.4889 0.6482
vn 0.6036 -0.4333 0.6692
vn 0.6032 -0.4336 0.6694
vn 0.6180 -0.3797 0.6884
vn 0.6181 -0.3796 0.6884
vn 0.6299 -0.3270 0.7044
vn 0.6301 -0.3268 0.7044
vn 0.6392 -0.2784 0.7169
vn 0.6394 -0.2781 0.7168
vn 0.6463 -0.2331 0.7266
vn 0.6465 -0.2328 0.7265
vn 0.6518 -0.1895 0.7343
vn 0.6518 -0.1896 0.7343
vn 0.6520 -0.1893 0.7342
vn 0.6560 -0.1478 0.7402
vn 0.6560 -0.1479 0.7402
vn 0.6561 -0.1477 0.7400
vn 0.6587 -0.1126 0.7439
vn 0.6587 -0.1127 0.7439
vn 0.6588 -0.1125 0.7438
vn 0.6604 -0.0843 0.7462
vn 0.6604 -0.0842 0.7462
vn 0.6614 -0.0618 0.7475
vn 0.6619 -0.0448 0.7482
vn 0.6621 -0.0389 0.7484
vn 0.6622 -0.0301 0.7487
vn 0.6623 -0.0274 0.7487
vn 0.6622 -0.0317 0.7487
vn 0.5703 -0.0316 0.8208
vn 0.4779 -0.0315 0.8779
vn 0.3866 -0.0270 0.9218
vn 0.3866 -0.0313 0.9217
vn 0.2974 -0.0311 0.9542
vn 0.2105 -0.0310 0.9771
vn 0.1255 -0.0309 0.9916
vn 0.0417 -0.0309 0.9987
vn -0.0417 -0.0309 0.9987
vn -0.1255 -0.0309 0.9916
vn -0.2105 -0.0310 0.9771
vn -0.2974 -0.0311 0.9542
vn -0.3866 -0.0313 0.9217
vn -0.4779 -0.0315 0.8779
vn -0.5703 -0.0316 0.8208
vn -0.6622 -0.0317 0.7487
vn -0.6623 -0.0274 0.7487
vn -0.6622 -0.0301 0.7487
vn -0.6621 -0.0389 0.7484
vn -0.6619 -0.0448 0.7482
vn -0.6614 -0.0618 0.7475
vn -0.6604 -0.0843 0.7462
vn -0.6604 -0.0842 0.7462
vn -0.6587 -0.1127 0.7439
vn -0.6587 -0.1126 0.7439
vn -0.6588 -0.1125 0.7438
vn -0.6560 -0.1479 0.7402
vn -0.6560 -0.1478 0.7402
vn -0.6561 -0.1477 0.7400
vn -0.6518 -0.1896 0.7343
vn -0.6518 -0.1895 0.7343
vn -0.6520 -0.1893 0.7342
vn -0.6463 -0.2331 0.7266
vn -0.6465 -0.2328 0.7265
vn -0.6392 -0.2784 0.7169
vn -0.6394 -0.2781 0.7168
vn -0.6299 -0.3270 0.7044
vn -0.6301 -0.3268 0.7044
vn -0.6180 -0.3797 0.6884
vn -0.6181 -0.3796 0.6884
vn -0.6036 -0.4333 0.6692
vn -0.6032 -0.4336 0.6694
vn -0.5862 -0.4867 0.6477
vn -0.5862 -0.4866 0.6477
vn -0.5838 -0.4889 0.6482
vn -0.5670 -0.5429 0.6195
vn -0.5668 -0.5431 0.6195
vn -0.5607 -0.5492 0.6196
vn -0.5060 -0.5645 0.6521
vn -0.5058 -0.5647 0.6521
vn -0.5033 -0.5674 0.6517
vn -0.4430 -0.5857 0.6788
vn -0.4425 -0.5862 0.6786
vn -0.3737 -0.6043 0.7037
vn -0.3736 -0.6044 0.7037
vn -0.2986 -0.6204 0.7253
vn -0.2986 -0.6203 0.7253
vn -0.2203 -0.6330 0.7421
vn -0.2204 -0.6329 0.7422
vn -0.1376 -0.6421 0.7542
vn -0.1378 -0.6420 0.7543
vn -0.0479 -0.6471 0.7609
vn -0.0479 -0.6470 0.7610
vn 0.0479 -0.6471 0.7609
vn 0.0478 -0.6471 0.7609
vn 0.0479 -0.6470 0.7610
vn 0.1376 -0.6421 0.7542
vn 0.1378 -0.6420 0.7543
vn 0.2203 -0.6330 0.7421
vn 0.2204 -0.6329 0.7422
vn 0.2986 -0.6204 0.7253
vn 0.2986 -0.6203 0.7253
vn 0.3737 -0.6043 0.7037
vn 0.3736 -0.6044 0.7037
vn 0.4430 -0.5857 0.6788
vn 0.4425 -0.5863 0.6786
vn 0.5058 -0.5647 0.6521
vn 0.5060 -0.5645 0.6521
vn 0.5033 -0.5674 0.6517
vn -0.5700 -0.0468 -0.8203
vn -0.5699 -0.0523 -0.8201
vn -0.4776 -0.0466 -0.8774
vn -0.4772 -0.0592 -0.8768
vn -0.4776 -0.0465 -0.8774
vn -0.3864 -0.0463 -0.9212
vn -0.3861 -0.0588 -0.9206
vn -0.2972 -0.0461 -0.9537
vn -0.2971 -0.0585 -0.9531
vn -0.2104 -0.0459 -0.9765
vn -0.2102 -0.0583 -0.9759
vn -0.1254 -0.0457 -0.9911
vn -0.1253 -0.0581 -0.9904
vn -0.0417 -0.0457 -0.9981
vn -0.0416 -0.0580 -0.9974
vn 0.0417 -0.0457 -0.9981
vn 0.0416 -0.0580 -0.9974
vn 0.1254 -0.0457 -0.9911
vn 0.1253 -0.0581 -0.9904
vn 0.2104 -0.0459 -0.9765
vn 0.2102 -0.0583 -0.9759
vn 0.2973 -0.0461 -0.9537
vn 0.2971 -0.0585 -0.9531
vn 0.3864 -0.0463 -0.9212
vn 0.3861 -0.0588 -0.9206
vn 0.3861 -0.0589 -0.9206
vn 0.4776 -0.0466 -0.8774
vn 0.4772 -0.0592 -0.8768
vn 0.4773 -0.0592 -0.8768
vn 0.5700 -0.0468 -0.8203
vn 0.5699 -0.0523 -0.8201
vn -0.5694 -0.0666 -0.8194
vn -0.4773 -0.0592 -0.8768
vn -0.4770 -0.0663 -0.8764
vn -0.3861 -0.0589 -0.9206
vn -0.3859 -0.0659 -0.9202
vn -0.2971 -0.0586 -0.9531
vn -0.2969 -0.0656 -0.9526
vn -0.2102 -0.0653 -0.9755
vn -0.1253 -0.0651 -0.9900
vn -0.0416 -0.0650 -0.9970
vn 0.0416 -0.0650 -0.9970
vn 0.1253 -0.0651 -0.9900
vn 0.2102 -0.0653 -0.9755
vn 0.2969 -0.0656 -0.9526
vn 0.3859 -0.0659 -0.9202
vn 0.4770 -0.0663 -0.8764
vn 0.4770 -0.0662 -0.8764
vn 0.5694 -0.0666 -0.8194
vn -0.5685 -0.0859 -0.8182
vn -0.4763 -0.0855 -0.8751
vn -0.4763 -0.0854 -0.8751
vn -0.3854 -0.0850 -0.9188
vn -0.2965 -0.0846 -0.9513
vn -0.2099 -0.0842 -0.9741
vn -0.1251 -0.0840 -0.9886
vn -0.0416 -0.0839 -0.9956
vn -0.0416 -0.0838 -0.9956
vn 0.0416 -0.0839 -0.9956
vn 0.0416 -0.0838 -0.9956
vn 0.1251 -0.0840 -0.9886
vn 0.2099 -0.0842 -0.9741
vn 0.2965 -0.0846 -0.9513
vn 0.3854 -0.0850 -0.9188
vn 0.4763 -0.0855 -0.8751
vn 0.5685 -0.0859 -0.8182
vn -0.5669 -0.1144 -0.8158
vn -0.4750 -0.1139 -0.8726
vn -0.3843 -0.1133 -0.9162
vn -0.2957 -0.1127 -0.9486
vn -0.2093 -0.1122 -0.9714
vn -0.1247 -0.1119 -0.9859
vn -0.0414 -0.1117 -0.9929
vn 0.0414 -0.1117 -0.9929
vn 0.1247 -0.1119 -0.9859
vn 0.2093 -0.1122 -0.9714
vn 0.2957 -0.1127 -0.9486
vn 0.3843 -0.1133 -0.9162
vn 0.4750 -0.1139 -0.8726
vn 0.5669 -0.1144 -0.8158
vn -0.5630 -0.1626 -0.8103
vn -0.5630 -0.1627 -0.8103
vn -0.4718 -0.1619 -0.8667
vn -0.3817 -0.1610 -0.9101
vn -0.2937 -0.1602 -0.9424
vn -0.2079 -0.1596 -0.9650
vn -0.1239 -0.1591 -0.9794
vn -0.0412 -0.1588 -0.9864
vn -0.0412 -0.1589 -0.9864
vn 0.0412 -0.1588 -0.9864
vn 0.0412 -0.1589 -0.9864
vn 0.1239 -0.1591 -0.9794
vn 0.2079 -0.1596 -0.9650
vn 0.2937 -0.1602 -0.9424
vn 0.3817 -0.1610 -0.9101
vn 0.4718 -0.1619 -0.8667
vn 0.5630 -0.1626 -0.8103
vn 0.5630 -0.1627 -0.8103
vn -0.5502 -0.2650 -0.7919
vn -0.5503 -0.2649 -0.7919
vn -0.4612 -0.2637 -0.8472
vn -0.4612 -0.2638 -0.8472
vn -0.3732 -0.2625 -0.8899
vn -0.3732 -0.2624 -0.8899
vn -0.2872 -0.2612 -0.9216
vn -0.2033 -0.2602 -0.9439
vn -0.1212 -0.2595 -0.9581
vn -0.1212 -0.2594 -0.9581
vn -0.0403 -0.2591 -0.9650
vn 0.0403 -0.2591 -0.9650
vn 0.0403 -0.2590 -0.9650
vn 0.1213 -0.2594 -0.9581
vn 0.1212 -0.2594 -0.9581
vn 0.2033 -0.2602 -0.9439
vn 0.2872 -0.2612 -0.9216
vn 0.3732 -0.2625 -0.8898
vn 0.4612 -0.2638 -0.8472
vn 0.5502 -0.2650 -0.7919
vn 0.5503 -0.2649 -0.7919
vn -0.4532 -0.6075 -0.6523
vn -0.4532 -0.6077 -0.6522
vn -0.3803 -0.6059 -0.6988
vn -0.3804 -0.6057 -0.6988
vn -0.3804 -0.6057 -0.6989
vn -0.3084 -0.6036 -0.7352
vn -0.3083 -0.6038 -0.7351
vn -0.2377 -0.6017 -0.7625
vn -0.2377 -0.6016 -0.7626
vn -0.1685 -0.6001 -0.7820
vn -0.1005 -0.5989 -0.7945
vn -0.1005 -0.5990 -0.7944
vn -0.0334 -0.5984 -0.8005
vn -0.0334 -0.5983 -0.8006
vn 0.0334 -0.5985 -0.8005
vn 0.0334 -0.5984 -0.8005
vn 0.1005 -0.5990 -0.7944
vn 0.1685 -0.6001 -0.7820
vn 0.2377 -0.6017 -0.7625
vn 0.3083 -0.6037 -0.7352
vn 0.3804 -0.6057 -0.6988
vn 0.3804 -0.6057 -0.6989
vn 0.4532 -0.6075 -0.6523
vn 0.4532 -0.6077 -0.6522
vn 0.4065 -0.7019 0.5849
vn 0.4065 -0.7018 0.5850
vn 0.3414 -0.7001 0.6271
vn 0.2769 -0.6983 0.6601
vn 0.2769 -0.6982 0.6602
vn 0.2136 -0.6963 0.6852
vn 0.2135 -0.6964 0.6851
vn 0.1515 -0.6948 0.7030
vn 0.1515 -0.6948 0.7031
vn 0.0904 -0.6937 0.7146
vn 0.0904 -0.6937 0.7145
vn 0.0301 -0.6931 0.7202
vn 0.0301 -0.6932 0.7202
vn -0.0301 -0.6931 0.7202
vn -0.0301 -0.6932 0.7202
vn -0.0904 -0.6937 0.7146
vn -0.0904 -0.6937 0.7145
vn -0.1515 -0.6948 0.7030
vn -0.1515 -0.6948 0.7031
vn -0.2136 -0.6963 0.6852
vn -0.2769 -0.6982 0.6602
vn -0.3414 -0.7001 0.6271
vn -0.4065 -0.7019 0.5849
vn -0.4065 -0.7018 0.5850
vn 0.5476 -0.2814 0.7880
vn 0.4589 -0.2802 0.8431
vn 0.3714 -0.2788 0.8856
vn 0.2859 -0.2776 0.9172
vn 0.2859 -0.2775 0.9172
vn 0.2024 -0.2764 0.9395
vn 0.2024 -0.2765 0.9395
vn 0.1207 -0.2757 0.9536
vn 0.1207 -0.2756 0.9537
vn 0.0401 -0.2753 0.9605
vn -0.0401 -0.2753 0.9605
vn -0.1207 -0.2757 0.9536
vn -0.1207 -0.2756 0.9537
vn -0.2024 -0.2764 0.9395
vn -0.2024 -0.2765 0.9395
vn -0.2859 -0.2776 0.9172
vn -0.2859 -0.2775 0.9172
vn -0.3714 -0.2788 0.8856
vn -0.4589 -0.2802 0.8431
vn -0.5476 -0.2815 0.7880
vn -0.5476 -0.2814 0.7880
vn 0.5628 -0.1652 0.8099
vn 0.4716 -0.1644 0.8664
vn 0.3816 -0.1635 0.9098
vn 0.2936 -0.1627 0.9420
vn 0.2078 -0.1621 0.9646
vn 0.2078 -0.1620 0.9647
vn 0.1239 -0.1616 0.9791
vn 0.0412 -0.1613 0.9860
vn -0.0412 -0.1613 0.9860
vn -0.1239 -0.1616 0.9791
vn -0.2078 -0.1621 0.9646
vn -0.2078 -0.1620 0.9647
vn -0.2936 -0.1627 0.9420
vn -0.3816 -0.1635 0.9098
vn -0.4716 -0.1644 0.8664
vn -0.5628 -0.1651 0.8099
vn -0.5628 -0.1652 0.8099
vn 0.5670 -0.1127 0.8160
vn 0.4751 -0.1122 0.8728
vn 0.3844 -0.1116 0.9164
vn 0.3844 -0.1115 0.9164
vn 0.2957 -0.1110 0.9488
vn 0.2093 -0.1105 0.9716
vn 0.1248 -0.1102 0.9860
vn 0.0414 -0.1101 0.9931
vn 0.0415 -0.1100 0.9931
vn -0.0414 -0.1101 0.9931
vn -0.0415 -0.1100 0.9931
vn -0.1248 -0.1102 0.9860
vn -0.2093 -0.1105 0.9716
vn -0.2957 -0.1110 0.9488
vn -0.3844 -0.1116 0.9164
vn -0.4751 -0.1122 0.8728
vn -0.4751 -0.1121 0.8728
vn -0.5670 -0.1127 0.8160
vn 0.5687 -0.0823 0.8184
vn 0.4765 -0.0819 0.8754
vn 0.3855 -0.0815 0.9191
vn 0.2966 -0.0811 0.9516
vn 0.2099 -0.0807 0.9744
vn 0.1251 -0.0805 0.9889
vn 0.0416 -0.0803 0.9959
vn 0.0416 -0.0804 0.9959
vn -0.0416 -0.0803 0.9959
vn -0.1251 -0.0805 0.9889
vn -0.2099 -0.0807 0.9744
vn -0.2966 -0.0811 0.9516
vn -0.2966 -0.0810 0.9516
vn -0.3855 -0.0814 0.9191
vn -0.3855 -0.0815 0.9191
vn -0.4765 -0.0819 0.8754
vn -0.5687 -0.0823 0.8184
vn 0.5695 -0.0620 0.8196
vn 0.4772 -0.0617 0.8766
vn 0.3860 -0.0614 0.9204
vn 0.2970 -0.0611 0.9529
vn 0.2102 -0.0608 0.9758
vn 0.1253 -0.0606 0.9903
vn 0.0416 -0.0605 0.9973
vn -0.0416 -0.0606 0.9973
vn -0.1253 -0.0607 0.9903
vn -0.1253 -0.0606 0.9903
vn -0.2102 -0.0608 0.9758
vn -0.2970 -0.0611 0.9529
vn -0.3860 -0.0614 0.9204
vn -0.4772 -0.0617 0.8766
vn -0.5695 -0.0620 0.8196
vn 0.5700 -0.0472 0.8203
vn 0.5702 -0.0414 0.8205
vn 0.4776 -0.0470 0.8773
vn 0.4777 -0.0413 0.8776
vn 0.3864 -0.0467 0.9212
vn 0.3865 -0.0410 0.9214
vn 0.2972 -0.0465 0.9537
vn 0.2973 -0.0408 0.9539
vn 0.2104 -0.0463 0.9765
vn 0.2104 -0.0406 0.9768
vn 0.1254 -0.0462 0.9910
vn 0.1254 -0.0405 0.9913
vn 0.0417 -0.0461 0.9981
vn 0.0417 -0.0405 0.9983
vn -0.0417 -0.0461 0.9981
vn -0.0417 -0.0405 0.9983
vn -0.1254 -0.0461 0.9910
vn -0.1254 -0.0405 0.9913
vn -0.2104 -0.0463 0.9765
vn -0.2104 -0.0406 0.9768
vn -0.2972 -0.0465 0.9537
vn -0.2973 -0.0408 0.9539
vn -0.3864 -0.0467 0.9212
vn -0.3865 -0.0410 0.9214
vn -0.4776 -0.0470 0.8773
vn -0.4777 -0.0413 0.8776
vn -0.4777 -0.0412 0.8776
vn -0.5700 -0.0472 0.8203
vn -0.5702 -0.0414 0.8205
vn -0.6618 -0.0469 -0.7482
vn 0.2972 -0.0461 -0.9537
vn 0.4776 -0.0465 -0.8774
vn 0.6618 -0.0469 -0.7482
vn 0.6616 -0.0525 -0.7480
vn 0.6611 -0.0668 -0.7474
vn 0.6601 -0.0861 -0.7462
vn 0.6582 -0.1148 -0.7441
vn 0.6536 -0.1632 -0.7390
vn 0.6537 -0.1631 -0.7390
vn 0.6387 -0.2656 -0.7221
vn 0.6387 -0.2657 -0.7221
vn 0.5256 -0.6088 -0.5942
vn -0.4713 -0.7029 0.5328
vn -0.4712 -0.7030 0.5327
vn -0.6356 -0.2822 0.7186
vn -0.6534 -0.1657 0.7387
vn -0.6534 -0.1656 0.7387
vn -0.6583 -0.1130 0.7442
vn -0.6603 -0.0825 0.7465
vn -0.6603 -0.0826 0.7465
vn -0.6613 -0.0622 0.7476
vn -0.6618 -0.0473 0.7482
vn -0.6620 -0.0416 0.7484
vn -0.5704 -0.0316 0.8208
vn -0.2974 -0.0312 0.9542
vn 0.2974 -0.0312 0.9542
vn 0.4777 -0.0412 0.8776
vn 0.5704 -0.0316 0.8208
vn 0.6620 -0.0416 0.7484
vn 0.6618 -0.0473 0.7482
vn 0.6613 -0.0622 0.7476
vn 0.6603 -0.0825 0.7465
vn 0.6603 -0.0826 0.7465
vn 0.6583 -0.1130 0.7442
vn 0.6534 -0.1656 0.7387
vn 0.6356 -0.2822 0.7186
vn 0.4713 -0.7029 0.5328
vn 0.4712 -0.7030 0.5327
vn -0.5256 -0.6088 -0.5942
vn -0.6387 -0.2656 -0.7221
vn -0.6387 -0.2657 -0.7221
vn -0.6537 -0.1631 -0.7390
vn -0.6582 -0.1148 -0.7441
vn -0.6601 -0.0861 -0.7462
vn -0.6611 -0.0668 -0.7474
vn -0.6616 -0.0525 -0.7480
vn 0.5700 -0.0468 0.8203
vn 0.5699 -0.0523 0.8201
vn 0.4776 -0.0466 0.8774
vn 0.4774 -0.0521 0.8771
vn 0.4776 -0.0465 0.8774
vn 0.3864 -0.0463 0.9212
vn 0.3861 -0.0588 0.9206
vn 0.2972 -0.0461 0.9537
vn 0.2971 -0.0585 0.9531
vn 0.2104 -0.0459 0.9765
vn 0.2102 -0.0583 0.9759
vn 0.1254 -0.0457 0.9911
vn 0.1253 -0.0581 0.9904
vn 0.0417 -0.0457 0.9981
vn 0.0416 -0.0580 0.9974
vn -0.0417 -0.0457 0.9981
vn -0.0416 -0.0580 0.9974
vn -0.1254 -0.0457 0.9911
vn -0.1253 -0.0581 0.9904
vn -0.2104 -0.0459 0.9765
vn -0.2102 -0.0583 0.9759
vn -0.2973 -0.0461 0.9537
vn -0.2971 -0.0585 0.9531
vn -0.3864 -0.0463 0.9212
vn -0.3861 -0.0588 0.9206
vn -0.3861 -0.0589 0.9206
vn -0.4776 -0.0466 0.8774
vn -0.4774 -0.0521 0.8771
vn -0.5700 -0.0468 0.8203
vn -0.5699 -0.0523 0.8201
vn 0.5694 -0.0666 0.8194
vn 0.4770 -0.0662 0.8764
vn 0.4770 -0.0663 0.8764
vn 0.3861 -0.0589 0.9206
vn 0.3859 -0.0659 0.9202
vn 0.2971 -0.0586 0.9531
vn 0.2969 -0.0656 0.9526
vn 0.2102 -0.0653 0.9755
vn 0.1253 -0.0651 0.9900
vn 0.0416 -0.0650 0.9970
vn -0.0416 -0.0650 0.9970
vn -0.1253 -0.0651 0.9900
vn -0.2102 -0.0653 0.9755
vn -0.2969 -0.0656 0.9526
vn -0.3859 -0.0659 0.9202
vn -0.4770 -0.0662 0.8764
vn -0.4770 -0.0663 0.8764
vn -0.5694 -0.0666 0.8194
vn 0.5685 -0.0859 0.8182
vn 0.4763 -0.0855 0.8751
vn 0.4763 -0.0854 0.8751
vn 0.3854 -0.0850 0.9188
vn 0.2965 -0.0846 0.9513
vn 0.2099 -0.0842 0.9741
vn 0.1251 -0.0840 0.9886
vn 0.0416 -0.0839 0.9956
vn 0.0416 -0.0838 0.9956
vn -0.0416 -0.0839 0.9956
vn -0.0416 -0.0838 0.9956
vn -0.1251 -0.0840 0.9886
vn -0.2099 -0.0842 0.9741
vn -0.2965 -0.0846 0.9513
vn -0.3854 -0.0850 0.9188
vn -0.4763 -0.0855 0.8751
vn -0.5685 -0.0859 0.8182
vn 0.5669 -0.1144 0.8158
vn 0.4750 -0.1139 0.8726
vn 0.3843 -0.1133 0.9162
vn 0.2957 -0.1127 0.9486
vn 0.2093 -0.1122 0.9714
vn 0.1247 -0.1119 0.9859
vn 0.0414 -0.1117 0.9929
vn -0.0414 -0.1117 0.9929
vn -0.1247 -0.1119 0.9859
vn -0.2093 -0.1122 0.9714
vn -0.2957 -0.1127 0.9486
vn -0.3843 -0.1133 0.9162
vn -0.4750 -0.1139 0.8726
vn -0.5669 -0.1144 0.8158
vn 0.5630 -0.1626 0.8103
vn 0.5630 -0.1627 0.8103
vn 0.4718 -0.1619 0.8667
vn 0.3817 -0.1610 0.9101
vn 0.2937 -0.1602 0.9424
vn 0.2079 -0.1596 0.9650
vn 0.1239 -0.1591 0.9794
vn 0.0412 -0.1588 0.9864
vn 0.0412 -0.1589 0.9864
vn -0.0412 -0.1588 0.9864
vn -0.0412 -0.1589 0.9864
vn -0.1239 -0.1591 0.9794
vn -0.2079 -0.1596 0.9650
vn -0.2937 -0.1602 0.9424
vn -0.3817 -0.1610 0.9101
vn -0.4718 -0.1619 0.8667
vn -0.5630 -0.1626 0.8103
vn -0.5630 -0.1627 0.8103
vn 0.5502 -0.2650 0.7919
vn 0.5503 -0.2649 0.7919
vn 0.4612 -0.2637 0.8472
vn 0.4612 -0.2638 0.8472
vn 0.3732 -0.2625 0.8898
vn 0.3732 -0.2624 0.8899
vn 0.2872 -0.2612 0.9216
vn 0.2033 -0.2602 0.9439
vn 0.1212 -0.2595 0.9581
vn 0.1212 -0.2594 0.9581
vn 0.0403 -0.2591 0.9650
vn -0.0403 -0.2591 0.9650
vn -0.0403 -0.2590 0.9650
vn -0.1213 -0.2594 0.9581
vn -0.1212 -0.2594 0.9581
vn -0.2033 -0.2602 0.9439
vn -0.2872 -0.2612 0.9216
vn -0.3732 -0.2625 0.8898
vn -0.4612 -0.2638 0.8472
vn -0.5502 -0.2650 0.7919
vn -0.5503 -0.2649 0.7919
vn 0.4532 -0.6075 0.6523
vn 0.4532 -0.6077 0.6522
vn 0.3804 -0.6058 0.6988
vn 0.3804 -0.6057 0.6988
vn 0.3804 -0.6057 0.6989
vn 0.3084 -0.6036 0.7352
vn 0.3083 -0.6038 0.7351
vn 0.2377 -0.6017 0.7625
vn 0.2377 -0.6016 0.7626
vn 0.1685 -0.6001 0.7820
vn 0.1005 -0.5989 0.7945
vn 0.1005 -0.5990 0.7944
vn 0.0334 -0.5984 0.8005
vn 0.0334 -0.5983 0.8006
vn -0.0334 -0.5985 0.8005
vn -0.0334 -0.5984 0.8005
vn -0.1005 -0.5990 0.7944
vn -0.1685 -0.6001 0.7820
vn -0.2377 -0.6017 0.7625
vn -0.3083 -0.6037 0.7352
vn -0.3804 -0.6058 0.6988
vn -0.3804 -0.6057 0.6989
vn -0.4532 -0.6075 0.6523
vn -0.4532 -0.6077 0.6522
vn -0.4065 -0.7019 -0.5849
vn -0.4065 -0.7018 -0.5850
vn -0.3414 -0.7001 -0.6271
vn -0.2769 -0.6983 -0.6601
vn -0.2769 -0.6982 -0.6602
vn -0.2136 -0.6963 -0.6852
vn -0.2135 -0.6964 -0.6851
vn -0.1515 -0.6948 -0.7030
vn -0.1515 -0.6948 -0.7031
vn -0.0904 -0.6937 -0.7146
vn -0.0904 -0.6937 -0.7145
vn -0.0301 -0.6931 -0.7202
vn -0.0301 -0.6932 -0.7202
vn 0.0301 -0.6931 -0.7202
vn 0.0301 -0.6932 -0.7202
vn 0.0904 -0.6937 -0.7146
vn 0.0904 -0.6937 -0.7145
vn 0.1515 -0.6948 -0.7030
vn 0.1515 -0.6948 -0.7031
vn 0.2136 -0.6963 -0.6852
vn 0.2769 -0.6982 -0.6602
vn 0.3414 -0.7001 -0.6271
vn 0.4065 -0.7019 -0.5849
vn 0.4065 -0.7018 -0.5850
vn -0.5476 -0.2815 -0.7880
vn -0.5476 -0.2814 -0.7880
vn -0.4589 -0.2802 -0.8431
vn -0.3714 -0.2788 -0.8856
vn -0.2859 -0.2776 -0.9172
vn -0.2859 -0.2775 -0.9172
vn -0.2024 -0.2764 -0.9395
vn -0.2024 -0.2765 -0.9395
vn -0.1207 -0.2757 -0.9536
vn -0.1207 -0.2756 -0.9537
vn -0.0401 -0.2753 -0.9605
vn 0.0401 -0.2753 -0.9605
vn 0.1207 -0.2757 -0.9536
vn 0.1207 -0.2756 -0.9537
vn 0.2024 -0.2764 -0.9395
vn 0.2024 -0.2765 -0.9395
vn 0.2859 -0.2776 -0.9172
vn 0.2859 -0.2775 -0.9172
vn 0.3714 -0.2788 -0.8856
vn 0.4589 -0.2802 -0.8431
vn 0.5476 -0.2814 -0.7880
vn -0.5628 -0.1651 -0.8099
vn -0.5628 -0.1652 -0.8099
vn -0.4716 -0.1644 -0.8664
vn -0.3816 -0.1635 -0.9098
vn -0.2936 -0.1627 -0.9420
vn -0.2078 -0.1621 -0.9646
vn -0.2078 -0.1620 -0.9647
vn -0.1239 -0.1616 -0.9791
vn -0.0412 -0.1613 -0.9860
vn 0.0412 -0.1613 -0.9860
vn 0.1239 -0.1616 -0.9791
vn 0.2078 -0.1621 -0.9646
vn 0.2078 -0.1620 -0.9647
vn 0.2936 -0.1627 -0.9420
vn 0.3816 -0.1635 -0.9098
vn 0.4716 -0.1644 -0.8664
vn 0.5628 -0.1652 -0.8099
vn -0.5670 -0.1127 -0.8160
vn -0.4751 -0.1122 -0.8728
vn -0.3844 -0.1116 -0.9164
vn -0.3844 -0.1115 -0.9164
vn -0.2957 -0.1110 -0.9488
vn -0.2093 -0.1105 -0.9716
vn -0.1248 -0.1102 -0.9860
vn -0.0414 -0.1101 -0.9931
vn -0.0415 -0.1100 -0.9931
vn 0.0414 -0.1101 -0.9931
vn 0.0415 -0.1100 -0.9931
vn 0.1248 -0.1102 -0.9860
vn 0.2093 -0.1105 -0.9716
vn 0.2957 -0.1110 -0.9488
vn 0.3844 -0.1116 -0.9164
vn 0.4751 -0.1122 -0.8728
vn 0.4751 -0.1121 -0.8728
vn 0.5670 -0.1127 -0.8160
vn -0.5687 -0.0823 -0.8184
vn -0.4765 -0.0819 -0.8754
vn -0.3855 -0.0815 -0.9191
vn -0.2966 -0.0811 -0.9516
vn -0.2099 -0.0807 -0.9744
vn -0.1251 -0.0805 -0.9889
vn -0.0416 -0.0803 -0.9959
vn 0.0416 -0.0803 -0.9959
vn 0.1251 -0.0805 -0.9889
vn 0.2099 -0.0807 -0.9744
vn 0.2966 -0.0811 -0.9516
vn 0.2966 -0.0810 -0.9516
vn 0.3855 -0.0814 -0.9191
vn 0.3855 -0.0815 -0.9191
vn 0.4765 -0.0819 -0.8754
vn 0.5687 -0.0823 -0.8184
vn -0.5695 -0.0620 -0.8196
vn -0.4772 -0.0617 -0.8766
vn -0.3860 -0.0614 -0.9204
vn -0.2970 -0.0611 -0.9529
vn -0.2102 -0.0608 -0.9758
vn -0.1253 -0.0606 -0.9903
vn -0.0416 -0.0605 -0.9973
vn 0.0416 -0.0606 -0.9973
vn 0.1253 -0.0607 -0.9903
vn 0.1253 -0.0606 -0.9903
vn 0.2102 -0.0608 -0.9758
vn 0.2970 -0.0611 -0.9529
vn 0.3860 -0.0614 -0.9204
vn 0.4772 -0.0617 -0.8766
vn 0.5695 -0.0620 -0.8196
vn -0.5700 -0.0472 -0.8203
vn -0.5702 -0.0414 -0.8205
vn -0.4776 -0.0470 -0.8773
vn -0.4777 -0.0413 -0.8776
vn -0.3864 -0.0467 -0.9212
vn -0.3865 -0.0410 -0.9214
vn -0.2972 -0.0465 -0.9537
vn -0.2973 -0.0408 -0.9539
vn -0.2104 -0.0463 -0.9765
vn -0.2104 -0.0406 -0.9768
vn -0.1254 -0.0462 -0.9910
vn -0.1254 -0.0405 -0.9913
vn -0.0417 -0.0461 -0.9981
vn -0.0417 -0.0405 -0.9983
vn 0.0417 -0.0461 -0.9981
vn 0.0417 -0.0405 -0.9983
vn 0.1254 -0.0461 -0.9910
vn 0.1254 -0.0405 -0.9913
vn 0.2104 -0.0463 -0.9765
vn 0.2104 -0.0406 -0.9768
vn 0.2972 -0.0465 -0.9537
vn 0.2973 -0.0408 -0.9539
vn 0.3864 -0.0467 -0.9212
vn 0.3865 -0.0410 -0.9214
vn 0.4776 -0.0470 -0.8773
vn 0.4777 -0.0413 -0.8776
vn 0.4777 -0.0412 -0.8776
vn 0.5700 -0.0472 -0.8203
vn 0.5702 -0.0414 -0.8205
vn 0.6618 -0.0469 0.7482
vn -0.2972 -0.0461 0.9537
vn -0.4776 -0.0465 0.8774
vn -0.6618 -0.0469 0.7482
vn -0.6616 -0.0525 0.7480
vn -0.6611 -0.0668 0.7474
vn -0.6601 -0.0861 0.7462
vn -0.6582 -0.1148 0.7441
vn -0.6537 -0.1631 0.7390
vn -0.6536 -0.1632 0.7390
vn -0.6387 -0.2656 0.7221
vn -0.6387 -0.2657 0.7221
vn -0.5256 -0.6088 0.5942
vn 0.4713 -0.7029 -0.5328
vn 0.4712 -0.7030 -0.5327
vn 0.6356 -0.2822 -0.7186
vn 0.6534 -0.1656 -0.7387
vn 0.6583 -0.1130 -0.7442
vn 0.6603 -0.0825 -0.7465
vn 0.6603 -0.0826 -0.7465
vn 0.6613 -0.0622 -0.7476
vn 0.6618 -0.0473 -0.7482
vn 0.6620 -0.0416 -0.7484
vn -0.4777 -0.0412 -0.8776
vn -0.6620 -0.0416 -0.7484
vn -0.6618 -0.0473 -0.7482
vn -0.6613 -0.0622 -0.7476
vn -0.6603 -0.0825 -0.7465
vn -0.6603 -0.0826 -0.7465
vn -0.6583 -0.1130 -0.7442
vn -0.6534 -0.1656 -0.7387
vn -0.6356 -0.2822 -0.7186
vn -0.4713 -0.7029 -0.5328
vn -0.4712 -0.7030 -0.5327
vn 0.5256 -0.6088 0.5942
vn 0.6387 -0.2656 0.7221
vn 0.6387 -0.2657 0.7221
vn 0.6537 -0.1631 0.7390
vn 0.6582 -0.1148 0.7441
vn 0.6601 -0.0861 0.7462
vn 0.6611 -0.0668 0.7474
vn 0.6616 -0.0525 0.7480
vn 0.8203 -0.0468 -0.5700
vn 0.8201 -0.0523 -0.5699
vn 0.8774 -0.0466 -0.4776
vn 0.8771 -0.0521 -0.4774
vn 0.8774 -0.0465 -0.4776
vn 0.9212 -0.0463 -0.3864
vn 0.9206 -0.0588 -0.3861
vn 0.9537 -0.0461 -0.2972
vn 0.9531 -0.0585 -0.2971
vn 0.9765 -0.0459 -0.2104
vn 0.9759 -0.0583 -0.2102
vn 0.9911 -0.0457 -0.1254
vn 0.9904 -0.0581 -0.1253
vn 0.9981 -0.0457 -0.0417
vn 0.9974 -0.0580 -0.0416
vn 0.9981 -0.0457 0.0417
vn 0.9974 -0.0580 0.0416
vn 0.9911 -0.0457 0.1254
vn 0.9904 -0.0581 0.1253
vn 0.9765 -0.0459 0.2104
vn 0.9759 -0.0583 0.2102
vn 0.9537 -0.0461 0.2972
vn 0.9531 -0.0585 0.2971
vn 0.9531 -0.0586 0.2971
vn 0.9212 -0.0463 0.3864
vn 0.9206 -0.0588 0.3861
vn 0.9206 -0.0589 0.3861
vn 0.8774 -0.0466 0.4776
vn 0.8768 -0.0592 0.4773
vn 0.8203 -0.0468 0.5700
vn 0.8201 -0.0523 0.5699
vn 0.8194 -0.0666 -0.5694
vn 0.8764 -0.0662 -0.4770
vn 0.8764 -0.0663 -0.4770
vn 0.9206 -0.0589 -0.3861
vn 0.9202 -0.0659 -0.3859
vn 0.9531 -0.0586 -0.2971
vn 0.9526 -0.0656 -0.2969
vn 0.9755 -0.0653 -0.2102
vn 0.9900 -0.0651 -0.1253
vn 0.9970 -0.0650 -0.0416
vn 0.9970 -0.0650 0.0416
vn 0.9900 -0.0651 0.1253
vn 0.9755 -0.0653 0.2102
vn 0.9526 -0.0656 0.2969
vn 0.9202 -0.0659 0.3859
vn 0.8764 -0.0663 0.4770
vn 0.8764 -0.0662 0.4770
vn 0.8194 -0.0666 0.5694
vn 0.8182 -0.0859 -0.5685
vn 0.8751 -0.0855 -0.4763
vn 0.8751 -0.0854 -0.4763
vn 0.9188 -0.0850 -0.3854
vn 0.9513 -0.0846 -0.2965
vn 0.9741 -0.0842 -0.2099
vn 0.9886 -0.0840 -0.1251
vn 0.9956 -0.0839 -0.0416
vn 0.9956 -0.0838 -0.0416
vn 0.9956 -0.0839 0.0416
vn 0.9956 -0.0838 0.0416
vn 0.9886 -0.0840 0.1251
vn 0.9741 -0.0842 0.2099
vn 0.9513 -0.0846 0.2965
vn 0.9188 -0.0850 0.3854
vn 0.8751 -0.0854 0.4763
vn 0.8751 -0.0855 0.4763
vn 0.8182 -0.0859 0.5685
vn 0.8182 -0.0858 0.5685
vn 0.8158 -0.1144 -0.5669
vn 0.8726 -0.1139 -0.4750
vn 0.9162 -0.1133 -0.3843
vn 0.9486 -0.1127 -0.2957
vn 0.9714 -0.1122 -0.2093
vn 0.9859 -0.1119 -0.1247
vn 0.9929 -0.1117 -0.0414
vn 0.9929 -0.1117 0.0414
vn 0.9859 -0.1119 0.1247
vn 0.9714 -0.1123 0.2093
vn 0.9714 -0.1122 0.2093
vn 0.9486 -0.1127 0.2957
vn 0.9162 -0.1133 0.3843
vn 0.8726 -0.1139 0.4750
vn 0.8158 -0.1144 0.5669
vn 0.8103 -0.1626 -0.5630
vn 0.8103 -0.1627 -0.5630
vn 0.8667 -0.1619 -0.4718
vn 0.9101 -0.1610 -0.3817
vn 0.9424 -0.1602 -0.2937
vn 0.9650 -0.1596 -0.2079
vn 0.9650 -0.1595 -0.2079
vn 0.9795 -0.1591 -0.1239
vn 0.9794 -0.1591 -0.1239
vn 0.9864 -0.1588 -0.0412
vn 0.9864 -0.1588 0.0412
vn 0.9795 -0.1591 0.1239
vn 0.9650 -0.1596 0.2079
vn 0.9424 -0.1602 0.2937
vn 0.9101 -0.1610 0.3817
vn 0.8667 -0.1619 0.4718
vn 0.8103 -0.1626 0.5630
vn 0.8103 -0.1627 0.5630
vn 0.7919 -0.2650 -0.5502
vn 0.7919 -0.2649 -0.5503
vn 0.8472 -0.2638 -0.4612
vn 0.8898 -0.2625 -0.3732
vn 0.8898 -0.2624 -0.3732
vn 0.9216 -0.2612 -0.2872
vn 0.9439 -0.2602 -0.2033
vn 0.9581 -0.2595 -0.1212
vn 0.9581 -0.2594 -0.1212
vn 0.9650 -0.2591 -0.0403
vn 0.9650 -0.2591 0.0403
vn 0.9581 -0.2595 0.1212
vn 0.9581 -0.2594 0.1212
vn 0.9439 -0.2602 0.2033
vn 0.9216 -0.2612 0.2872
vn 0.8898 -0.2625 0.3732
vn 0.8898 -0.2624 0.3732
vn 0.8472 -0.2638 0.4612
vn 0.7919 -0.2650 0.5502
vn 0.7919 -0.2649 0.5503
vn 0.6523 -0.6076 -0.4533
vn 0.6522 -0.6076 -0.4532
vn 0.6988 -0.6058 -0.3804
vn 0.6989 -0.6057 -0.3804
vn 0.7352 -0.6037 -0.3083
vn 0.7625 -0.6018 -0.2377
vn 0.7625 -0.6017 -0.2377
vn 0.7820 -0.6001 -0.1685
vn 0.7945 -0.5989 -0.1005
vn 0.7944 -0.5990 -0.1005
vn 0.8005 -0.5985 -0.0334
vn 0.8006 -0.5983 -0.0334
vn 0.8005 -0.5985 0.0334
vn 0.8006 -0.5983 0.0334
vn 0.7945 -0.5989 0.1005
vn 0.7944 -0.5990 0.1005
vn 0.7820 -0.6001 0.1685
vn 0.7625 -0.6018 0.2377
vn 0.7625 -0.6017 0.2377
vn 0.7352 -0.6037 0.3083
vn 0.6988 -0.6058 0.3804
vn 0.6522 -0.6076 0.4532
vn -0.5850 -0.7018 0.4065
vn -0.6271 -0.7001 0.3414
vn -0.6602 -0.6982 0.2769
vn -0.6851 -0.6964 0.2135
vn -0.6852 -0.6963 0.2136
vn -0.7031 -0.6948 0.1515
vn -0.7030 -0.6949 0.1514
vn -0.7146 -0.6937 0.0904
vn -0.7145 -0.6938 0.0904
vn -0.7201 -0.6932 0.0300
vn -0.7201 -0.6932 0.0301
vn -0.7201 -0.6932 -0.0300
vn -0.7201 -0.6932 -0.0301
vn -0.7146 -0.6937 -0.0904
vn -0.7145 -0.6938 -0.0904
vn -0.7031 -0.6948 -0.1515
vn -0.7030 -0.6949 -0.1514
vn -0.6851 -0.6964 -0.2135
vn -0.6852 -0.6963 -0.2136
vn -0.6602 -0.6982 -0.2769
vn -0.6272 -0.7001 -0.3414
vn -0.6271 -0.7001 -0.3414
vn -0.5850 -0.7018 -0.4065
vn -0.7880 -0.2814 0.5476
vn -0.8431 -0.2802 0.4589
vn -0.8856 -0.2788 0.3714
vn -0.9172 -0.2775 0.2859
vn -0.9395 -0.2764 0.2024
vn -0.9537 -0.2757 0.1207
vn -0.9537 -0.2756 0.1207
vn -0.9605 -0.2752 0.0401
vn -0.9605 -0.2753 0.0401
vn -0.9605 -0.2752 -0.0401
vn -0.9605 -0.2753 -0.0401
vn -0.9537 -0.2757 -0.1207
vn -0.9537 -0.2756 -0.1207
vn -0.9395 -0.2764 -0.2024
vn -0.9172 -0.2775 -0.2859
vn -0.8856 -0.2788 -0.3714
vn -0.8431 -0.2802 -0.4589
vn -0.7880 -0.2814 -0.5476
vn -0.8099 -0.1652 0.5628
vn -0.8664 -0.1644 0.4716
vn -0.9098 -0.1635 0.3816
vn -0.9420 -0.1627 0.2936
vn -0.9646 -0.1621 0.2078
vn -0.9647 -0.1620 0.2078
vn -0.9791 -0.1616 0.1239
vn -0.9790 -0.1616 0.1239
vn -0.9860 -0.1613 0.0412
vn -0.9860 -0.1613 -0.0412
vn -0.9791 -0.1616 -0.1239
vn -0.9790 -0.1616 -0.1239
vn -0.9646 -0.1621 -0.2078
vn -0.9647 -0.1620 -0.2078
vn -0.9420 -0.1627 -0.2936
vn -0.9098 -0.1635 -0.3816
vn -0.8664 -0.1644 -0.4716
vn -0.8099 -0.1652 -0.5628
vn -0.8160 -0.1127 0.5670
vn -0.8728 -0.1121 0.4751
vn -0.8728 -0.1122 0.4751
vn -0.9164 -0.1116 0.3844
vn -0.9164 -0.1115 0.3844
vn -0.9488 -0.1110 0.2957
vn -0.9716 -0.1105 0.2093
vn -0.9860 -0.1102 0.1248
vn -0.9931 -0.1100 0.0414
vn -0.9931 -0.1100 -0.0414
vn -0.9931 -0.1100 -0.0415
vn -0.9860 -0.1102 -0.1248
vn -0.9716 -0.1105 -0.2093
vn -0.9488 -0.1110 -0.2957
vn -0.9164 -0.1116 -0.3844
vn -0.8728 -0.1121 -0.4751
vn -0.8728 -0.1122 -0.4751
vn -0.8160 -0.1127 -0.5670
vn -0.8184 -0.0823 0.5687
vn -0.8754 -0.0819 0.4765
vn -0.9191 -0.0815 0.3855
vn -0.9516 -0.0810 0.2966
vn -0.9516 -0.0811 0.2966
vn -0.9744 -0.0807 0.2099
vn -0.9889 -0.0804 0.1251
vn -0.9889 -0.0805 0.1251
vn -0.9959 -0.0803 0.0416
vn -0.9959 -0.0803 -0.0416
vn -0.9889 -0.0804 -0.1251
vn -0.9889 -0.0805 -0.1251
vn -0.9744 -0.0807 -0.2099
vn -0.9516 -0.0810 -0.2966
vn -0.9191 -0.0814 -0.3855
vn -0.9191 -0.0815 -0.3855
vn -0.8754 -0.0819 -0.4765
vn -0.8184 -0.0823 -0.5687
vn -0.8196 -0.0620 0.5695
vn -0.8766 -0.0617 0.4772
vn -0.9204 -0.0614 0.3860
vn -0.9529 -0.0611 0.2970
vn -0.9758 -0.0608 0.2102
vn -0.9903 -0.0607 0.1253
vn -0.9903 -0.0606 0.1253
vn -0.9973 -0.0606 0.0416
vn -0.9973 -0.0606 -0.0416
vn -0.9903 -0.0607 -0.1253
vn -0.9903 -0.0606 -0.1253
vn -0.9758 -0.0608 -0.2102
vn -0.9529 -0.0611 -0.2970
vn -0.9204 -0.0614 -0.3860
vn -0.8766 -0.0617 -0.4772
vn -0.8196 -0.0620 -0.5695
vn -0.8203 -0.0472 0.5700
vn -0.8205 -0.0414 0.5702
vn -0.8773 -0.0470 0.4776
vn -0.8776 -0.0413 0.4777
vn -0.9212 -0.0467 0.3864
vn -0.9214 -0.0410 0.3865
vn -0.9537 -0.0465 0.2972
vn -0.9539 -0.0408 0.2973
vn -0.9765 -0.0463 0.2104
vn -0.9768 -0.0407 0.2104
vn -0.9910 -0.0461 0.1254
vn -0.9913 -0.0405 0.1254
vn -0.9910 -0.0462 0.1254
vn -0.9981 -0.0461 0.0417
vn -0.9983 -0.0405 0.0417
vn -0.9981 -0.0461 -0.0417
vn -0.9983 -0.0405 -0.0417
vn -0.9910 -0.0461 -0.1254
vn -0.9913 -0.0405 -0.1254
vn -0.9765 -0.0463 -0.2104
vn -0.9768 -0.0407 -0.2104
vn -0.9768 -0.0406 -0.2104
vn -0.9537 -0.0465 -0.2972
vn -0.9539 -0.0408 -0.2973
vn -0.9212 -0.0467 -0.3864
vn -0.9214 -0.0410 -0.3865
vn -0.8773 -0.0470 -0.4776
vn -0.8776 -0.0413 -0.4777
vn -0.8776 -0.0412 -0.4777
vn -0.8203 -0.0472 -0.5700
vn -0.8205 -0.0414 -0.5702
vn -0.8205 -0.0414 -0.5701
vn 0.7482 -0.0469 -0.6618
vn 0.8774 -0.0465 0.4776
vn 0.7482 -0.0469 0.6618
vn 0.7480 -0.0525 0.6616
vn 0.7474 -0.0668 0.6611
vn 0.7474 -0.0668 0.6610
vn 0.7463 -0.0861 0.6601
vn 0.7441 -0.1148 0.6582
vn 0.7390 -0.1632 0.6537
vn 0.7390 -0.1631 0.6537
vn 0.7390 -0.1632 0.6536
vn 0.7221 -0.2656 0.6387
vn 0.7221 -0.2657 0.6387
vn 0.5942 -0.6088 0.5256
vn -0.5328 -0.7029 -0.4713
vn -0.5327 -0.7030 -0.4712
vn -0.7186 -0.2822 -0.6356
vn -0.7387 -0.1656 -0.6534
vn -0.7442 -0.1130 -0.6583
vn -0.7465 -0.0825 -0.6603
vn -0.7476 -0.0622 -0.6613
vn -0.7482 -0.0473 -0.6618
vn -0.7484 -0.0416 -0.6620
vn -0.8208 -0.0316 -0.5704
vn -0.9542 -0.0312 -0.2974
vn -0.9768 -0.0406 0.2104
vn -0.8776 -0.0412 0.4777
vn -0.8205 -0.0414 0.5701
vn -0.7484 -0.0416 0.6620
vn -0.7482 -0.0473 0.6618
vn -0.7476 -0.0622 0.6613
vn -0.7465 -0.0825 0.6603
vn -0.7465 -0.0826 0.6603
vn -0.7442 -0.1130 0.6583
vn -0.7387 -0.1656 0.6534
vn -0.7186 -0.2822 0.6356
vn -0.5328 -0.7029 0.4713
vn -0.5327 -0.7030 0.4712
vn 0.5942 -0.6088 -0.5256
vn 0.7221 -0.2656 -0.6387
vn 0.7221 -0.2657 -0.6387
vn 0.7390 -0.1631 -0.6537
vn 0.7441 -0.1148 -0.6582
vn 0.7462 -0.0861 -0.6601
vn 0.7474 -0.0668 -0.6611
vn 0.7480 -0.0525 -0.6616
vn -0.8203 -0.0468 0.5700
vn -0.8201 -0.0523 0.5699
vn -0.8774 -0.0466 0.4776
vn -0.8771 -0.0521 0.4774
vn -0.8774 -0.0465 0.4776
vn -0.9212 -0.0463 0.3864
vn -0.9206 -0.0588 0.3861
vn -0.9537 -0.0461 0.2972
vn -0.9531 -0.0585 0.2971
vn -0.9765 -0.0459 0.2104
vn -0.9759 -0.0583 0.2102
vn -0.9911 -0.0457 0.1254
vn -0.9904 -0.0581 0.1253
vn -0.9981 -0.0457 0.0417
vn -0.9974 -0.0580 0.0416
vn -0.9981 -0.0457 -0.0417
vn -0.9974 -0.0580 -0.0416
vn -0.9911 -0.0457 -0.1254
vn -0.9904 -0.0581 -0.1253
vn -0.9765 -0.0459 -0.2104
vn -0.9759 -0.0583 -0.2102
vn -0.9537 -0.0461 -0.2972
vn -0.9531 -0.0585 -0.2971
vn -0.9531 -0.0586 -0.2971
vn -0.9212 -0.0463 -0.3864
vn -0.9206 -0.0588 -0.3861
vn -0.9206 -0.0589 -0.3861
vn -0.8774 -0.0466 -0.4776
vn -0.8771 -0.0521 -0.4774
vn -0.8203 -0.0468 -0.5700
vn -0.8201 -0.0523 -0.5699
vn -0.8194 -0.0666 0.5694
vn -0.8764 -0.0662 0.4770
vn -0.8764 -0.0663 0.4770
vn -0.9206 -0.0589 0.3861
vn -0.9202 -0.0659 0.3859
vn -0.9531 -0.0586 0.2971
vn -0.9526 -0.0656 0.2969
vn -0.9755 -0.0653 0.2102
vn -0.9900 -0.0651 0.1253
vn -0.9970 -0.0650 0.0416
vn -0.9970 -0.0650 -0.0416
vn -0.9900 -0.0651 -0.1253
vn -0.9755 -0.0653 -0.2102
vn -0.9526 -0.0655 -0.2969
vn -0.9526 -0.0656 -0.2969
vn -0.9202 -0.0659 -0.3859
vn -0.8764 -0.0662 -0.4770
vn -0.8764 -0.0663 -0.4770
vn -0.8194 -0.0666 -0.5694
vn -0.8182 -0.0859 0.5685
vn -0.8751 -0.0854 0.4763
vn -0.9188 -0.0850 0.3854
vn -0.9513 -0.0846 0.2965
vn -0.9741 -0.0842 0.2099
vn -0.9886 -0.0840 0.1251
vn -0.9956 -0.0839 0.0416
vn -0.9956 -0.0838 0.0416
vn -0.9956 -0.0839 -0.0416
vn -0.9956 -0.0838 -0.0416
vn -0.9886 -0.0840 -0.1251
vn -0.9741 -0.0842 -0.2099
vn -0.9513 -0.0846 -0.2965
vn -0.9188 -0.0850 -0.3854
vn -0.8751 -0.0855 -0.4763
vn -0.8751 -0.0854 -0.4763
vn -0.8182 -0.0859 -0.5685
vn -0.8158 -0.1144 0.5669
vn -0.8726 -0.1139 0.4750
vn -0.9162 -0.1133 0.3843
vn -0.9486 -0.1127 0.2957
vn -0.9714 -0.1122 0.2093
vn -0.9859 -0.1119 0.1247
vn -0.9929 -0.1117 0.0414
vn -0.9929 -0.1117 -0.0414
vn -0.9859 -0.1119 -0.1247
vn -0.9714 -0.1122 -0.2093
vn -0.9486 -0.1127 -0.2957
vn -0.9162 -0.1133 -0.3843
vn -0.8726 -0.1139 -0.4750
vn -0.8158 -0.1144 -0.5669
vn -0.8103 -0.1626 0.5630
vn -0.8103 -0.1627 0.5630
vn -0.8667 -0.1619 0.4718
vn -0.9101 -0.1610 0.3817
vn -0.9424 -0.1602 0.2937
vn -0.9650 -0.1596 0.2079
vn -0.9650 -0.1595 0.2079
vn -0.9794 -0.1591 0.1239
vn -0.9794 -0.1592 0.1239
vn -0.9864 -0.1588 0.0412
vn -0.9864 -0.1589 0.0412
vn -0.9864 -0.1588 -0.0412
vn -0.9864 -0.1589 -0.0412
vn -0.9794 -0.1591 -0.1239
vn -0.9650 -0.1596 -0.2079
vn -0.9424 -0.1602 -0.2937
vn -0.9101 -0.1610 -0.3817
vn -0.8667 -0.1619 -0.4718
vn -0.8103 -0.1626 -0.5630
vn -0.8103 -0.1627 -0.5630
vn -0.7919 -0.2650 0.5502
vn -0.7919 -0.2649 0.5503
vn -0.8472 -0.2637 0.4612
vn -0.8472 -0.2638 0.4612
vn -0.8899 -0.2625 0.3732
vn -0.8899 -0.2624 0.3732
vn -0.9216 -0.2612 0.2872
vn -0.9439 -0.2602 0.2033
vn -0.9581 -0.2595 0.1212
vn -0.9581 -0.2594 0.1212
vn -0.9650 -0.2591 0.0403
vn -0.9650 -0.2591 -0.0403
vn -0.9650 -0.2590 -0.0403
vn -0.9581 -0.2594 -0.1212
vn -0.9439 -0.2602 -0.2033
vn -0.9216 -0.2612 -0.2872
vn -0.8898 -0.2625 -0.3732
vn -0.8898 -0.2624 -0.3732
vn -0.8472 -0.2638 -0.4612
vn -0.7919 -0.2650 -0.5502
vn -0.7919 -0.2649 -0.5503
vn -0.6523 -0.6076 0.4533
vn -0.6522 -0.6076 0.4532
vn -0.6987 -0.6059 0.3803
vn -0.6989 -0.6057 0.3804
vn -0.7352 -0.6036 0.3084
vn -0.7351 -0.6038 0.3083
vn -0.7625 -0.6017 0.2377
vn -0.7626 -0.6016 0.2377
vn -0.7820 -0.6001 0.1685
vn -0.7945 -0.5989 0.1005
vn -0.7944 -0.5990 0.1005
vn -0.8005 -0.5985 0.0334
vn -0.8006 -0.5983 0.0334
vn -0.8005 -0.5985 -0.0334
vn -0.8005 -0.5984 -0.0334
vn -0.7944 -0.5990 -0.1005
vn -0.7820 -0.6001 -0.1685
vn -0.7625 -0.6018 -0.2377
vn -0.7625 -0.6017 -0.2377
vn -0.7352 -0.6037 -0.3083
vn -0.6988 -0.6058 -0.3804
vn -0.6989 -0.6057 -0.3804
vn -0.6523 -0.6076 -0.4533
vn -0.6522 -0.6076 -0.4532
vn 0.5850 -0.7018 -0.4065
vn 0.6271 -0.7001 -0.3414
vn 0.6601 -0.6982 -0.2769
vn 0.6602 -0.6982 -0.2769
vn 0.6852 -0.6963 -0.2136
vn 0.6851 -0.6964 -0.2135
vn 0.7031 -0.6948 -0.1515
vn 0.7145 -0.6937 -0.0904
vn 0.7145 -0.6938 -0.0904
vn 0.7202 -0.6931 -0.0301
vn 0.7201 -0.6932 -0.0301
vn 0.7202 -0.6931 0.0301
vn 0.7201 -0.6932 0.0301
vn 0.7145 -0.6937 0.0904
vn 0.7145 -0.6938 0.0904
vn 0.7146 -0.6937 0.0904
vn 0.7031 -0.6948 0.1515
vn 0.6852 -0.6963 0.2136
vn 0.6602 -0.6982 0.2769
vn 0.6271 -0.7001 0.3414
vn 0.5850 -0.7018 0.4065
vn 0.7880 -0.2814 -0.5476
vn 0.8431 -0.2802 -0.4589
vn 0.8856 -0.2788 -0.3714
vn 0.9172 -0.2776 -0.2859
vn 0.9172 -0.2775 -0.2859
vn 0.9395 -0.2764 -0.2024
vn 0.9395 -0.2765 -0.2024
vn 0.9537 -0.2757 -0.1207
vn 0.9537 -0.2756 -0.1207
vn 0.9605 -0.2753 -0.0401
vn 0.9605 -0.2753 0.0401
vn 0.9537 -0.2757 0.1207
vn 0.9537 -0.2756 0.1207
vn 0.9395 -0.2764 0.2024
vn 0.9395 -0.2765 0.2024
vn 0.9172 -0.2776 0.2859
vn 0.9172 -0.2775 0.2859
vn 0.8856 -0.2788 0.3714
vn 0.8431 -0.2802 0.4589
vn 0.7880 -0.2814 0.5476
vn 0.8099 -0.1652 -0.5628
vn 0.8664 -0.1644 -0.4716
vn 0.9098 -0.1635 -0.3816
vn 0.9420 -0.1627 -0.2936
vn 0.9646 -0.1621 -0.2078
vn 0.9647 -0.1620 -0.2078
vn 0.9791 -0.1616 -0.1239
vn 0.9790 -0.1616 -0.1239
vn 0.9860 -0.1613 -0.0412
vn 0.9860 -0.1613 0.0412
vn 0.9791 -0.1616 0.1239
vn 0.9790 -0.1616 0.1239
vn 0.9646 -0.1621 0.2078
vn 0.9647 -0.1620 0.2078
vn 0.9420 -0.1627 0.2936
vn 0.9098 -0.1635 0.3816
vn 0.8664 -0.1644 0.4716
vn 0.8099 -0.1652 0.5628
vn 0.8160 -0.1127 -0.5670
vn 0.8728 -0.1121 -0.4751
vn 0.8728 -0.1122 -0.4751
vn 0.9164 -0.1115 -0.3844
vn 0.9488 -0.1110 -0.2957
vn 0.9716 -0.1105 -0.2093
vn 0.9860 -0.1102 -0.1248
vn 0.9931 -0.1101 -0.0414
vn 0.9931 -0.1100 -0.0415
vn 0.9931 -0.1101 0.0414
vn 0.9931 -0.1100 0.0415
vn 0.9860 -0.1102 0.1248
vn 0.9716 -0.1105 0.2093
vn 0.9488 -0.1110 0.2957
vn 0.9164 -0.1116 0.3844
vn 0.8728 -0.1121 0.4751
vn 0.8728 -0.1122 0.4751
vn 0.8160 -0.1127 0.5670
vn 0.8184 -0.0823 -0.5687
vn 0.8754 -0.0819 -0.4765
vn 0.9191 -0.0815 -0.3855
vn 0.9516 -0.0811 -0.2966
vn 0.9744 -0.0807 -0.2099
vn 0.9889 -0.0805 -0.1251
vn 0.9959 -0.0803 -0.0416
vn 0.9959 -0.0804 -0.0416
vn 0.9959 -0.0803 0.0416
vn 0.9889 -0.0805 0.1251
vn 0.9744 -0.0807 0.2099
vn 0.9516 -0.0811 0.2966
vn 0.9516 -0.0810 0.2966
vn 0.9191 -0.0814 0.3855
vn 0.9191 -0.0815 0.3855
vn 0.8754 -0.0819 0.4765
vn 0.8184 -0.0823 0.5687
vn 0.8196 -0.0620 -0.5695
vn 0.8766 -0.0617 -0.4772
vn 0.9204 -0.0614 -0.3860
vn 0.9529 -0.0611 -0.2970
vn 0.9758 -0.0608 -0.2102
vn 0.9903 -0.0606 -0.1253
vn 0.9973 -0.0605 -0.0416
vn 0.9973 -0.0606 -0.0416
vn 0.9973 -0.0606 0.0416
vn 0.9903 -0.0607 0.1253
vn 0.9903 -0.0606 0.1253
vn 0.9758 -0.0608 0.2102
vn 0.9529 -0.0611 0.2970
vn 0.9204 -0.0614 0.3860
vn 0.8766 -0.0617 0.4772
vn 0.8196 -0.0620 0.5695
vn 0.8203 -0.0472 -0.5700
vn 0.8205 -0.0414 -0.5702
vn 0.8773 -0.0470 -0.4776
vn 0.8776 -0.0413 -0.4777
vn 0.9212 -0.0467 -0.3864
vn 0.9214 -0.0410 -0.3865
vn 0.9537 -0.0465 -0.2973
vn 0.9539 -0.0408 -0.2973
vn 0.9537 -0.0465 -0.2972
vn 0.9765 -0.0463 -0.2104
vn 0.9768 -0.0406 -0.2104
vn 0.9910 -0.0462 -0.1254
vn 0.9913 -0.0405 -0.1254
vn 0.9981 -0.0461 -0.0417
vn 0.9983 -0.0405 -0.0417
vn 0.9981 -0.0461 0.0417
vn 0.9983 -0.0405 0.0417
vn 0.9910 -0.0461 0.1254
vn 0.9913 -0.0405 0.1254
vn 0.9765 -0.0463 0.2104
vn 0.9768 -0.0406 0.2104
vn 0.9537 -0.0465 0.2973
vn 0.9539 -0.0408 0.2973
vn 0.9212 -0.0467 0.3864
vn 0.9214 -0.0410 0.3865
vn 0.8773 -0.0470 0.4776
vn 0.8776 -0.0413 0.4777
vn 0.8776 -0.0412 0.4777
vn 0.8203 -0.0472 0.5700
vn 0.8205 -0.0414 0.5702
vn 0.8205 -0.0414 0.5701
vn -0.7482 -0.0469 0.6618
vn -0.8774 -0.0465 -0.4776
vn -0.7482 -0.0469 -0.6618
vn -0.7480 -0.0525 -0.6616
vn -0.7474 -0.0668 -0.6611
vn -0.7462 -0.0861 -0.6601
vn -0.7441 -0.1148 -0.6582
vn -0.7390 -0.1631 -0.6537
vn -0.7390 -0.1632 -0.6536
vn -0.7221 -0.2656 -0.6387
vn -0.7221 -0.2657 -0.6387
vn -0.5942 -0.6088 -0.5256
vn 0.5328 -0.7029 0.4713
vn 0.5327 -0.7030 0.4712
vn 0.7186 -0.2822 0.6356
vn 0.7387 -0.1656 0.6534
vn 0.7442 -0.1130 0.6583
vn 0.7465 -0.0825 0.6603
vn 0.7476 -0.0622 0.6613
vn 0.7482 -0.0473 0.6618
vn 0.7484 -0.0416 0.6620
vn 0.9542 -0.0312 -0.2974
vn 0.8776 -0.0412 -0.4777
vn 0.8205 -0.0414 -0.5701
vn 0.8208 -0.0316 -0.5704
vn 0.7484 -0.0416 -0.6620
vn 0.7482 -0.0473 -0.6618
vn 0.7476 -0.0622 -0.6613
vn 0.7465 -0.0825 -0.6603
vn 0.7465 -0.0826 -0.6603
vn 0.7442 -0.1130 -0.6583
vn 0.7387 -0.1656 -0.6534
vn 0.7186 -0.2822 -0.6356
vn 0.5328 -0.7029 -0.4713
vn 0.5327 -0.7030 -0.4712
vn -0.5942 -0.6088 0.5256
vn -0.7221 -0.2656 0.6387
vn -0.7221 -0.2657 0.6387
vn -0.7390 -0.1631 0.6537
vn -0.7441 -0.1148 0.6582
vn -0.7462 -0.0861 0.6601
vn -0.7474 -0.0668 0.6611
vn -0.7480 -0.0525 0.6616
vn 0.8210 0.0182 -0.5706
vn 0.8203 0.0421 -0.5704
vn 0.8188 0.0703 -0.5698
vn 0.8159 0.1037 -0.5688
vn 0.8111 0.1431 -0.5671
vn 0.8037 0.1887 -0.5644
vn 0.7937 0.2362 -0.5605
vn 0.7812 0.2857 -0.5550
vn 0.7652 0.3385 -0.5476
vn 0.7189 0.4556 -0.5250
vn 0.6863 0.5191 -0.5094
vn 0.8781 0.0180 -0.4782
vn 0.8773 0.0416 -0.4781
vn 0.8757 0.0695 -0.4778
vn 0.8727 0.1024 -0.4774
vn 0.8677 0.1412 -0.4767
vn 0.8597 0.1860 -0.4756
vn 0.8490 0.2338 -0.4737
vn 0.8353 0.2846 -0.4705
vn 0.8174 0.3394 -0.4655
vn 0.7630 0.4640 -0.4501
vn 0.7222 0.5329 -0.4410
vn 0.9220 0.0178 -0.3869
vn 0.9212 0.0411 -0.3869
vn 0.9196 0.0686 -0.3869
vn 0.9166 0.1009 -0.3869
vn 0.9115 0.1389 -0.3870
vn 0.9036 0.1830 -0.3872
vn 0.8927 0.2311 -0.3869
vn 0.8782 0.2833 -0.3855
vn 0.8589 0.3404 -0.3827
vn 0.8330 0.4033 -0.3787
vn 0.7983 0.4721 -0.3740
vn 0.7521 0.5455 -0.3699
vn 0.9538 0.0406 -0.2978
vn 0.9522 0.0677 -0.2979
vn 0.9493 0.0995 -0.2982
vn 0.9445 0.1368 -0.2988
vn 0.9369 0.1801 -0.2997
vn 0.9260 0.2284 -0.3006
vn 0.9111 0.2818 -0.3007
vn 0.8909 0.3412 -0.2999
vn 0.8634 0.4069 -0.2982
vn 0.8263 0.4791 -0.2961
vn 0.7769 0.5565 -0.2944
vn 0.9776 -0.0019 -0.2107
vn 0.9767 0.0402 -0.2108
vn 0.9752 0.0670 -0.2111
vn 0.9724 0.0983 -0.2115
vn 0.9679 0.1350 -0.2122
vn 0.9607 0.1776 -0.2134
vn 0.9502 0.2259 -0.2148
vn 0.9353 0.2803 -0.2160
vn 0.9146 0.3414 -0.2167
vn 0.8862 0.4095 -0.2168
vn 0.8475 0.4845 -0.2167
vn 0.7961 0.5652 -0.2165
vn 0.9919 0.0172 -0.1256
vn 0.9913 0.0399 -0.1257
vn 0.9898 0.0665 -0.1259
vn 0.9872 0.0975 -0.1263
vn 0.9829 0.1337 -0.1269
vn 0.9761 0.1758 -0.1279
vn 0.9659 0.2242 -0.1293
vn 0.9513 0.2791 -0.1307
vn 0.9306 0.3413 -0.1320
vn 0.9018 0.4111 -0.1332
vn 0.8624 0.4881 -0.1341
vn 0.8096 0.5712 -0.1349
vn 0.9969 0.0662 -0.0419
vn 0.9944 0.0971 -0.0420
vn 0.9902 0.1331 -0.0423
vn 0.9836 0.1751 -0.0427
vn 0.9738 0.2234 -0.0433
vn 0.9594 0.2787 -0.0440
vn 0.9389 0.3414 -0.0448
vn 0.9100 0.4120 -0.0455
vn 0.8704 0.4902 -0.0462
vn 0.8171 0.5746 -0.0468
vn 0.9969 0.0662 0.0419
vn 0.9944 0.0971 0.0420
vn 0.9902 0.1331 0.0423
vn 0.9836 0.1751 0.0427
vn 0.9738 0.2234 0.0433
vn 0.9594 0.2787 0.0440
vn 0.9389 0.3414 0.0448
vn 0.9100 0.4120 0.0455
vn 0.8704 0.4902 0.0462
vn 0.8171 0.5746 0.0468
vn 0.9919 0.0172 0.1256
vn 0.9913 0.0399 0.1257
vn 0.9898 0.0665 0.1259
vn 0.9872 0.0975 0.1263
vn 0.9829 0.1337 0.1269
vn 0.9761 0.1758 0.1279
vn 0.9659 0.2242 0.1293
vn 0.9513 0.2791 0.1307
vn 0.9306 0.3413 0.1320
vn 0.9018 0.4111 0.1332
vn 0.8624 0.4881 0.1341
vn 0.8096 0.5712 0.1349
vn 0.9776 -0.0019 0.2107
vn 0.9767 0.0402 0.2108
vn 0.9752 0.0670 0.2111
vn 0.9724 0.0983 0.2115
vn 0.9679 0.1350 0.2122
vn 0.9607 0.1776 0.2134
vn 0.9502 0.2259 0.2148
vn 0.9353 0.2803 0.2160
vn 0.9146 0.3414 0.2167
vn 0.8862 0.4095 0.2168
vn 0.8475 0.4845 0.2167
vn 0.7961 0.5652 0.2165
vn 0.9538 0.0406 0.2978
vn 0.9522 0.0677 0.2979
vn 0.9493 0.0995 0.2982
vn 0.9445 0.1368 0.2988
vn 0.9369 0.1801 0.2997
vn 0.9260 0.2284 0.3006
vn 0.9111 0.2818 0.3007
vn 0.8909 0.3412 0.2999
vn 0.8634 0.4069 0.2982
vn 0.8263 0.4791 0.2961
vn 0.7769 0.5565 0.2944
vn 0.9220 0.0178 0.3869
vn 0.9212 0.0411 0.3869
vn 0.9196 0.0686 0.3869
vn 0.9166 0.1009 0.3869
vn 0.9115 0.1389 0.3870
vn 0.9036 0.1830 0.3872
vn 0.8927 0.2311 0.3869
vn 0.8782 0.2833 0.3855
vn 0.8589 0.3404 0.3827
vn 0.8330 0.4033 0.3787
vn 0.7983 0.4721 0.3740
vn 0.7521 0.5455 0.3699
vn 0.8781 0.0180 0.4782
vn 0.8773 0.0416 0.4781
vn 0.8757 0.0695 0.4778
vn 0.8727 0.1024 0.4774
vn 0.8677 0.1412 0.4767
vn 0.8597 0.1860 0.4757
vn 0.8490 0.2338 0.4737
vn 0.8353 0.2846 0.4705
vn 0.8174 0.3394 0.4655
vn 0.7938 0.3993 0.4588
vn 0.7630 0.4640 0.4501
vn 0.7222 0.5329 0.4410
vn 0.8211 -0.0182 0.5706
vn 0.8210 0.0182 0.5706
vn 0.8203 0.0421 0.5704
vn 0.8188 0.0703 0.5698
vn 0.8159 0.1036 0.5688
vn 0.8111 0.1431 0.5671
vn 0.8037 0.1887 0.5644
vn 0.7937 0.2362 0.5605
vn 0.7812 0.2857 0.5550
vn 0.7652 0.3386 0.5476
vn 0.7189 0.4556 0.5250
vn 0.6863 0.5191 0.5094
vn 0.7489 -0.0182 -0.6624
vn 0.7489 0.0184 -0.6625
vn 0.7470 0.0709 -0.6611
vn 0.7446 0.1045 -0.6593
vn 0.7405 0.1445 -0.6564
vn 0.7341 0.1905 -0.6518
vn 0.7256 0.2380 -0.6456
vn 0.7150 0.2867 -0.6376
vn 0.7014 0.3383 -0.6273
vn 0.6842 0.3935 -0.6141
vn 0.6637 0.4493 -0.5980
vn 0.6412 0.5057 -0.5772
vn 0.6112 0.5662 -0.5530
vn 0.6424 0.5842 -0.4960
vn 0.6684 0.6029 -0.4356
vn 0.6925 0.6208 -0.3675
vn 0.7133 0.6365 -0.2934
vn 0.7295 0.6488 -0.2164
vn 0.7411 0.6577 -0.1352
vn 0.7475 0.6626 -0.0470
vn 0.7475 0.6626 0.0470
vn 0.7411 0.6577 0.1352
vn 0.7295 0.6489 0.2164
vn 0.7133 0.6365 0.2934
vn 0.6925 0.6208 0.3675
vn 0.6684 0.6029 0.4356
vn 0.6424 0.5842 0.4960
vn 0.6112 0.5662 0.5530
vn 0.6412 0.5057 0.5772
vn 0.6637 0.4493 0.5980
vn 0.6842 0.3935 0.6141
vn 0.7014 0.3383 0.6273
vn 0.7150 0.2867 0.6376
vn 0.7256 0.2380 0.6456
vn 0.7341 0.1905 0.6518
vn 0.7405 0.1445 0.6564
vn 0.7446 0.1045 0.6593
vn 0.7470 0.0709 0.6611
vn 0.7489 0.0184 0.6625
vn 0.7489 -0.0182 0.6624
vn 0.3867 -0.0180 0.9220
vn 0.5706 -0.0182 0.8211
vn -0.2107 -0.0019 0.9776
vn 0.1255 -0.0019 0.9921
vn 0.2976 -0.0018 0.9547
vn 0.4781 -0.0017 0.8783
vn 0.5706 -0.0017 0.8212
vn -0.5706 0.0182 0.8210
vn -0.4782 0.0180 0.8781
vn -0.3869 0.0178 0.9220
vn -0.1256 0.0172 0.9919
vn 0.2106 0.0175 0.9774
vn 0.2976 0.0177 0.9545
vn -0.5704 0.0421 0.8203
vn -0.4781 0.0416 0.8773
vn -0.3869 0.0411 0.9212
vn -0.2978 0.0406 0.9538
vn -0.2108 0.0402 0.9767
vn -0.1257 0.0399 0.9913
vn 0.0417 0.0398 0.9983
vn 0.1256 0.0401 0.9913
vn 0.2106 0.0404 0.9767
vn 0.2976 0.0409 0.9538
vn 0.3867 0.0414 0.9213
vn 0.4779 0.0419 0.8774
vn 0.5703 0.0423 0.8204
vn -0.5698 0.0703 0.8188
vn -0.4778 0.0695 0.8757
vn -0.3869 0.0686 0.9196
vn -0.2979 0.0677 0.9522
vn -0.2111 0.0670 0.9752
vn -0.1259 0.0665 0.9898
vn -0.0419 0.0662 0.9969
vn 0.0418 0.0664 0.9969
vn 0.1256 0.0668 0.9898
vn 0.2107 0.0674 0.9752
vn 0.2975 0.0682 0.9523
vn 0.3865 0.0691 0.9197
vn 0.4774 0.0699 0.8759
vn 0.5696 0.0706 0.8189
vn -0.5688 0.1036 0.8159
vn -0.4774 0.1024 0.8727
vn -0.3869 0.1009 0.9166
vn -0.2982 0.0995 0.9493
vn -0.2115 0.0983 0.9724
vn -0.1263 0.0975 0.9872
vn -0.0420 0.0971 0.9944
vn 0.0418 0.0973 0.9944
vn 0.1258 0.0980 0.9872
vn 0.2107 0.0990 0.9725
vn 0.2974 0.1004 0.9495
vn 0.3861 0.1018 0.9168
vn 0.4767 0.1031 0.8730
vn 0.5683 0.1042 0.8162
vn -0.5671 0.1431 0.8111
vn -0.4767 0.1412 0.8677
vn -0.3870 0.1389 0.9115
vn -0.2988 0.1368 0.9445
vn -0.2122 0.1350 0.9679
vn -0.1269 0.1337 0.9829
vn -0.0423 0.1331 0.9902
vn 0.0419 0.1335 0.9902
vn 0.1261 0.1345 0.9829
vn 0.2110 0.1361 0.9680
vn 0.2974 0.1382 0.9447
vn 0.3856 0.1404 0.9119
vn 0.4755 0.1424 0.8681
vn 0.5662 0.1441 0.8116
vn -0.5644 0.1887 0.8037
vn -0.4757 0.1860 0.8597
vn -0.3872 0.1830 0.9036
vn -0.2997 0.1801 0.9369
vn -0.2134 0.1776 0.9607
vn -0.1279 0.1758 0.9761
vn -0.0427 0.1751 0.9836
vn 0.0422 0.1756 0.9836
vn 0.1266 0.1771 0.9760
vn 0.2116 0.1794 0.9608
vn 0.2976 0.1822 0.9371
vn 0.3851 0.1851 0.9041
vn 0.4738 0.1879 0.8604
vn 0.5631 0.1900 0.8043
vn -0.5605 0.2362 0.7937
vn -0.4737 0.2338 0.8490
vn -0.3869 0.2311 0.8927
vn -0.3006 0.2284 0.9260
vn -0.2148 0.2259 0.9502
vn -0.1293 0.2242 0.9659
vn -0.0433 0.2234 0.9738
vn 0.0427 0.2241 0.9736
vn 0.1276 0.2257 0.9658
vn 0.2126 0.2280 0.9502
vn 0.2981 0.2307 0.9262
vn 0.3846 0.2333 0.8931
vn 0.4718 0.2358 0.8496
vn 0.5591 0.2377 0.7943
vn -0.5550 0.2857 0.7812
vn -0.4705 0.2846 0.8353
vn -0.3855 0.2833 0.8782
vn -0.3007 0.2818 0.9111
vn -0.2160 0.2803 0.9353
vn -0.1307 0.2791 0.9513
vn -0.0440 0.2787 0.9594
vn 0.0433 0.2793 0.9592
vn 0.1289 0.2807 0.9511
vn 0.2138 0.2824 0.9352
vn 0.2986 0.2839 0.9112
vn 0.3836 0.2851 0.8784
vn 0.4689 0.2861 0.8356
vn 0.5539 0.2868 0.7816
vn -0.5476 0.3385 0.7652
vn -0.4655 0.3394 0.8174
vn -0.3827 0.3404 0.8589
vn -0.2999 0.3412 0.8909
vn -0.2167 0.3414 0.9146
vn -0.1320 0.3413 0.9306
vn -0.0448 0.3414 0.9388
vn 0.0440 0.3421 0.9386
vn 0.1304 0.3428 0.9303
vn 0.2149 0.3431 0.9144
vn 0.2985 0.3426 0.8908
vn 0.3816 0.3414 0.8589
vn 0.4647 0.3402 0.8175
vn 0.5469 0.3393 0.7654
vn -0.3787 0.4033 0.8330
vn -0.2982 0.4069 0.8634
vn -0.2168 0.4095 0.8862
vn -0.1332 0.4111 0.9018
vn -0.0455 0.4120 0.9100
vn 0.0448 0.4126 0.9098
vn 0.1318 0.4123 0.9015
vn 0.2156 0.4107 0.8859
vn 0.2975 0.4076 0.8634
vn 0.3784 0.4035 0.8330
vn -0.5250 0.4556 0.7189
vn -0.4501 0.4640 0.7630
vn -0.3740 0.4721 0.7983
vn -0.2961 0.4791 0.8263
vn -0.2167 0.4845 0.8475
vn -0.1341 0.4881 0.8624
vn -0.0462 0.4901 0.8704
vn 0.0456 0.4907 0.8701
vn 0.1330 0.4891 0.8620
vn 0.2158 0.4853 0.8473
vn 0.2958 0.4794 0.8262
vn 0.3744 0.4717 0.7983
vn 0.4516 0.4626 0.7630
vn 0.5270 0.4537 0.7186
vn -0.5094 0.5191 0.6863
vn -0.4410 0.5329 0.7222
vn -0.3699 0.5455 0.7521
vn -0.2944 0.5565 0.7769
vn -0.2165 0.5652 0.7961
vn -0.1349 0.5712 0.8097
vn -0.0468 0.5746 0.8171
vn 0.0463 0.5750 0.8169
vn 0.1341 0.5719 0.8093
vn 0.2160 0.5657 0.7958
vn 0.2942 0.5567 0.7769
vn 0.3703 0.5450 0.7522
vn 0.4434 0.5306 0.7224
vn 0.5144 0.5142 0.6863
vn 0.6624 -0.0182 0.7489
vn 0.6620 0.0425 0.7483
vn 0.6610 0.0710 0.7470
vn 0.6592 0.1047 0.7447
vn 0.6561 0.1449 0.7407
vn 0.6513 0.1911 0.7344
vn 0.6451 0.2385 0.7259
vn 0.6372 0.2871 0.7152
vn 0.6269 0.3387 0.7016
vn 0.5988 0.4486 0.6635
vn 0.5821 0.5011 0.6403
vn 0.5655 0.5538 0.6112
vn 0.5012 0.5788 0.6433
vn 0.4366 0.6019 0.6687
vn 0.3676 0.6207 0.6925
vn 0.2933 0.6366 0.7132
vn 0.2162 0.6491 0.7294
vn 0.1349 0.6579 0.7409
vn 0.0469 0.6627 0.7474
vn -0.0470 0.6626 0.7475
vn -0.1352 0.6577 0.7411
vn -0.2164 0.6488 0.7295
vn -0.2934 0.6365 0.7133
vn -0.3675 0.6208 0.6925
vn -0.4356 0.6029 0.6684
vn -0.4960 0.5842 0.6424
vn -0.5530 0.5662 0.6112
vn -0.5772 0.5057 0.6412
vn -0.5980 0.4493 0.6637
vn -0.6141 0.3935 0.6842
vn -0.6273 0.3383 0.7014
vn -0.6376 0.2867 0.7150
vn -0.6456 0.2380 0.7256
vn -0.6518 0.1905 0.7341
vn -0.6564 0.1445 0.7405
vn -0.6593 0.1045 0.7446
vn -0.6611 0.0709 0.7470
vn -0.6625 0.0184 0.7489
vn -0.5098 0.6890 0.5152
vn -0.4412 0.7247 0.5293
vn -0.3698 0.7546 0.5421
vn -0.2944 0.7793 0.5532
vn -0.2165 0.7984 0.5619
vn -0.1348 0.8120 0.5679
vn -0.0468 0.8194 0.5713
vn 0.0463 0.8192 0.5717
vn 0.1340 0.8116 0.5686
vn 0.2159 0.7982 0.5624
vn 0.2942 0.7793 0.5534
vn 0.3704 0.7547 0.5415
vn 0.4437 0.7250 0.5268
vn 0.5152 0.6890 0.5098
vn -0.5268 0.7250 0.4437
vn -0.4508 0.7693 0.4527
vn -0.3742 0.8046 0.4612
vn -0.2960 0.8324 0.4684
vn -0.2165 0.8536 0.4739
vn -0.1339 0.8684 0.4775
vn -0.0462 0.8763 0.4795
vn 0.0455 0.8760 0.4801
vn 0.1328 0.8680 0.4785
vn 0.2157 0.8533 0.4747
vn 0.2958 0.8324 0.4686
vn 0.3748 0.8046 0.4606
vn 0.4527 0.7693 0.4508
vn 0.5293 0.7247 0.4412
vn -0.5415 0.7547 0.3704
vn -0.4606 0.8046 0.3748
vn -0.3793 0.8439 0.3795
vn -0.2981 0.8741 0.3834
vn -0.2165 0.8967 0.3862
vn -0.1328 0.9122 0.3877
vn -0.0453 0.9203 0.3887
vn 0.0446 0.9200 0.3893
vn 0.1314 0.9118 0.3890
vn 0.2153 0.8965 0.3873
vn 0.2977 0.8741 0.3839
vn 0.3794 0.8439 0.3793
vn 0.4612 0.8046 0.3742
vn 0.5421 0.7546 0.3698
vn -0.5534 0.7793 0.2942
vn -0.4686 0.8324 0.2958
vn -0.3839 0.8741 0.2977
vn -0.3000 0.9059 0.2989
vn -0.2162 0.9293 0.2995
vn -0.1314 0.9450 0.2995
vn -0.0445 0.9530 0.2996
vn 0.0437 0.9528 0.3003
vn 0.1299 0.9448 0.3010
vn 0.2146 0.9292 0.3010
vn 0.2989 0.9059 0.3000
vn 0.3834 0.8741 0.2981
vn 0.4684 0.8324 0.2960
vn 0.5532 0.7793 0.2944
vn -0.5624 0.7982 0.2159
vn -0.4747 0.8533 0.2157
vn -0.3873 0.8965 0.2153
vn -0.3010 0.9292 0.2146
vn -0.2154 0.9529 0.2137
vn -0.1299 0.9684 0.2128
vn -0.0436 0.9762 0.2124
vn 0.0430 0.9761 0.2131
vn 0.1284 0.9683 0.2142
vn 0.2137 0.9529 0.2154
vn 0.2995 0.9293 0.2162
vn 0.3862 0.8967 0.2165
vn 0.4739 0.8536 0.2165
vn 0.5619 0.7984 0.2165
vn -0.5686 0.8116 0.1340
vn -0.4785 0.8680 0.1328
vn -0.3890 0.9118 0.1314
vn -0.3010 0.9448 0.1299
vn -0.2142 0.9683 0.1284
vn -0.1284 0.9835 0.1273
vn -0.0429 0.9910 0.1268
vn 0.0424 0.9910 0.1273
vn 0.1273 0.9835 0.1284
vn 0.2128 0.9684 0.1299
vn 0.2995 0.9450 0.1314
vn 0.3877 0.9122 0.1328
vn 0.4775 0.8684 0.1339
vn 0.5679 0.8120 0.1348
vn -0.5717 0.8192 0.0463
vn -0.4801 0.8760 0.0455
vn -0.3893 0.9200 0.0446
vn -0.3003 0.9528 0.0437
vn -0.2131 0.9761 0.0430
vn -0.1273 0.9910 0.0424
vn -0.0424 0.9982 0.0422
vn 0.0422 0.9982 0.0424
vn 0.1268 0.9910 0.0429
vn 0.2124 0.9762 0.0436
vn 0.2996 0.9530 0.0445
vn 0.3887 0.9203 0.0453
vn 0.4795 0.8763 0.0462
vn 0.5713 0.8194 0.0468
vn -0.5717 0.8192 -0.0463
vn -0.4801 0.8760 -0.0455
vn -0.3893 0.9200 -0.0446
vn -0.3003 0.9528 -0.0437
vn -0.2131 0.9761 -0.0430
vn -0.1273 0.9910 -0.0424
vn -0.0424 0.9982 -0.0422
vn 0.0422 0.9982 -0.0424
vn 0.1268 0.9910 -0.0429
vn 0.2124 0.9762 -0.0436
vn 0.2996 0.9530 -0.0445
vn 0.3887 0.9203 -0.0453
vn 0.4795 0.8763 -0.0462
vn 0.5713 0.8194 -0.0468
vn -0.5686 0.8116 -0.1340
vn -0.4785 0.8680 -0.1328
vn -0.3890 0.9118 -0.1314
vn -0.3010 0.9448 -0.1299
vn -0.2142 0.9683 -0.1284
vn -0.1284 0.9835 -0.1273
vn -0.0429 0.9910 -0.1268
vn 0.0424 0.9910 -0.1273
vn 0.1273 0.9835 -0.1284
vn 0.2128 0.9684 -0.1299
vn 0.2995 0.9450 -0.1314
vn 0.3877 0.9122 -0.1328
vn 0.4775 0.8684 -0.1339
vn 0.5679 0.8120 -0.1348
vn -0.5624 0.7982 -0.2159
vn -0.4747 0.8533 -0.2157
vn -0.3873 0.8965 -0.2153
vn -0.3010 0.9292 -0.2146
vn -0.2154 0.9529 -0.2137
vn -0.1299 0.9684 -0.2128
vn -0.0436 0.9762 -0.2124
vn 0.0430 0.9761 -0.2131
vn 0.1284 0.9683 -0.2142
vn 0.2137 0.9529 -0.2154
vn 0.2995 0.9293 -0.2162
vn 0.3862 0.8967 -0.2165
vn 0.4739 0.8536 -0.2165
vn 0.5619 0.7984 -0.2165
vn -0.5534 0.7793 -0.2942
vn -0.4686 0.8324 -0.2958
vn -0.3839 0.8741 -0.2977
vn -0.3000 0.9059 -0.2989
vn -0.2162 0.9293 -0.2995
vn -0.1314 0.9450 -0.2995
vn -0.0445 0.9530 -0.2996
vn 0.0437 0.9528 -0.3003
vn 0.1299 0.9448 -0.3010
vn 0.2146 0.9292 -0.3010
vn 0.2989 0.9059 -0.3000
vn 0.3834 0.8741 -0.2981
vn 0.4684 0.8324 -0.2960
vn 0.5532 0.7793 -0.2944
vn -0.5415 0.7547 -0.3704
vn -0.4606 0.8046 -0.3748
vn -0.3793 0.8439 -0.3795
vn -0.2981 0.8741 -0.3834
vn -0.2165 0.8967 -0.3862
vn -0.1328 0.9122 -0.3877
vn -0.0453 0.9203 -0.3887
vn 0.0446 0.9200 -0.3893
vn 0.1314 0.9118 -0.3890
vn 0.2153 0.8965 -0.3873
vn 0.2977 0.8741 -0.3839
vn 0.3794 0.8439 -0.3793
vn 0.4612 0.8046 -0.3742
vn 0.5421 0.7546 -0.3698
vn -0.5268 0.7250 -0.4437
vn -0.4508 0.7693 -0.4527
vn -0.3742 0.8046 -0.4612
vn -0.2960 0.8324 -0.4684
vn -0.2165 0.8536 -0.4739
vn -0.1339 0.8684 -0.4775
vn -0.0462 0.8763 -0.4795
vn 0.0455 0.8760 -0.4801
vn 0.1328 0.8680 -0.4785
vn 0.2157 0.8533 -0.4747
vn 0.2958 0.8324 -0.4686
vn 0.3748 0.8046 -0.4606
vn 0.4527 0.7693 -0.4508
vn 0.5293 0.7247 -0.4412
vn -0.5098 0.6890 -0.5152
vn -0.4412 0.7247 -0.5293
vn -0.3698 0.7546 -0.5421
vn -0.2944 0.7793 -0.5532
vn -0.2165 0.7984 -0.5619
vn -0.1348 0.8120 -0.5679
vn -0.0468 0.8194 -0.5713
vn 0.0463 0.8192 -0.5717
vn 0.1340 0.8116 -0.5686
vn 0.2159 0.7982 -0.5624
vn 0.2942 0.7793 -0.5534
vn 0.3704 0.7547 -0.5415
vn 0.4437 0.7250 -0.5268
vn 0.5152 0.6890 -0.5098
vn -0.5530 0.6116 0.5657
vn -0.4960 0.6428 0.5838
vn -0.4356 0.6687 0.6025
vn -0.2934 0.7136 0.6361
vn -0.2164 0.7298 0.6485
vn -0.1352 0.7414 0.6573
vn -0.0470 0.7478 0.6622
vn 0.0469 0.7477 0.6624
vn 0.1349 0.7412 0.6576
vn 0.2162 0.7297 0.6487
vn 0.2933 0.7136 0.6362
vn 0.3676 0.6929 0.6203
vn 0.4366 0.6691 0.6014
vn 0.5012 0.6437 0.5783
vn 0.5657 0.6116 0.5530
vn 0.5838 0.6428 0.4960
vn 0.6025 0.6687 0.4356
vn 0.6361 0.7136 0.2934
vn 0.6485 0.7298 0.2164
vn 0.6573 0.7414 0.1352
vn 0.6622 0.7478 0.0470
vn 0.6622 0.7478 -0.0470
vn 0.6573 0.7414 -0.1352
vn 0.6485 0.7298 -0.2164
vn 0.6361 0.7136 -0.2934
vn 0.6025 0.6687 -0.4356
vn 0.5838 0.6428 -0.4960
vn 0.5657 0.6116 -0.5530
vn 0.5012 0.6437 -0.5783
vn 0.4366 0.6691 -0.6014
vn 0.3676 0.6929 -0.6203
vn 0.2933 0.7136 -0.6362
vn 0.2162 0.7297 -0.6487
vn 0.1349 0.7412 -0.6576
vn 0.0469 0.7477 -0.6624
vn -0.0470 0.7478 -0.6622
vn -0.1352 0.7414 -0.6573
vn -0.2164 0.7298 -0.6485
vn -0.2934 0.7136 -0.6361
vn -0.4356 0.6687 -0.6025
vn -0.4960 0.6428 -0.5838
vn -0.5530 0.6116 -0.5657
vn -0.5783 0.6437 -0.5012
vn -0.6014 0.6691 -0.4366
vn -0.6203 0.6929 -0.3676
vn -0.6362 0.7136 -0.2933
vn -0.6487 0.7297 -0.2162
vn -0.6576 0.7412 -0.1349
vn -0.6624 0.7477 -0.0469
vn -0.6624 0.7477 0.0469
vn -0.6576 0.7412 0.1349
vn -0.6487 0.7297 0.2162
vn -0.6362 0.7136 0.2933
vn -0.6203 0.6929 0.3676
vn -0.6014 0.6691 0.4366
vn -0.5783 0.6437 0.5012
vn -0.6863 0.5142 -0.5144
vn -0.7186 0.4537 -0.5270
vn -0.7654 0.3393 -0.5469
vn -0.7816 0.2868 -0.5539
vn -0.7943 0.2377 -0.5591
vn -0.8043 0.1900 -0.5631
vn -0.8116 0.1441 -0.5662
vn -0.8162 0.1042 -0.5683
vn -0.8189 0.0706 -0.5696
vn -0.8204 0.0423 -0.5703
vn -0.8212 -0.0017 -0.5706
vn -0.7224 0.5306 -0.4434
vn -0.7630 0.4626 -0.4516
vn -0.8175 0.3402 -0.4647
vn -0.8356 0.2861 -0.4689
vn -0.8496 0.2358 -0.4718
vn -0.8604 0.1879 -0.4738
vn -0.8681 0.1424 -0.4755
vn -0.8730 0.1031 -0.4767
vn -0.8759 0.0699 -0.4774
vn -0.8774 0.0419 -0.4779
vn -0.8783 -0.0017 -0.4781
vn -0.7522 0.5450 -0.3703
vn -0.7983 0.4717 -0.3743
vn -0.8330 0.4035 -0.3784
vn -0.8589 0.3414 -0.3816
vn -0.8784 0.2851 -0.3836
vn -0.8931 0.2333 -0.3846
vn -0.9041 0.1851 -0.3851
vn -0.9119 0.1404 -0.3856
vn -0.9168 0.1018 -0.3861
vn -0.9197 0.0691 -0.3865
vn -0.9213 0.0414 -0.3867
vn -0.7769 0.5567 -0.2942
vn -0.8262 0.4794 -0.2958
vn -0.8634 0.4076 -0.2975
vn -0.8908 0.3426 -0.2985
vn -0.9112 0.2839 -0.2986
vn -0.9262 0.2307 -0.2981
vn -0.9371 0.1822 -0.2976
vn -0.9447 0.1382 -0.2974
vn -0.9495 0.1004 -0.2974
vn -0.9523 0.0682 -0.2975
vn -0.9538 0.0409 -0.2976
vn -0.9545 0.0177 -0.2976
vn -0.7958 0.5657 -0.2160
vn -0.8473 0.4853 -0.2158
vn -0.8859 0.4107 -0.2156
vn -0.9144 0.3431 -0.2149
vn -0.9352 0.2824 -0.2138
vn -0.9502 0.2280 -0.2126
vn -0.9608 0.1794 -0.2116
vn -0.9680 0.1361 -0.2110
vn -0.9725 0.0990 -0.2107
vn -0.9752 0.0674 -0.2107
vn -0.9767 0.0404 -0.2106
vn -0.9774 0.0175 -0.2106
vn -0.8093 0.5719 -0.1341
vn -0.8620 0.4891 -0.1330
vn -0.9015 0.4123 -0.1318
vn -0.9303 0.3428 -0.1304
vn -0.9511 0.2807 -0.1289
vn -0.9658 0.2257 -0.1276
vn -0.9760 0.1771 -0.1266
vn -0.9829 0.1345 -0.1261
vn -0.9872 0.0980 -0.1258
vn -0.9898 0.0668 -0.1256
vn -0.9913 0.0401 -0.1256
vn -0.9921 -0.0019 -0.1255
vn -0.8169 0.5750 -0.0463
vn -0.8701 0.4907 -0.0456
vn -0.9098 0.4126 -0.0448
vn -0.9386 0.3421 -0.0440
vn -0.9592 0.2793 -0.0433
vn -0.9736 0.2241 -0.0427
vn -0.9836 0.1756 -0.0422
vn -0.9902 0.1335 -0.0419
vn -0.9944 0.0973 -0.0418
vn -0.9969 0.0664 -0.0418
vn -0.9983 0.0398 -0.0417
vn -0.8169 0.5750 0.0463
vn -0.8701 0.4907 0.0456
vn -0.9098 0.4126 0.0448
vn -0.9386 0.3421 0.0440
vn -0.9592 0.2793 0.0433
vn -0.9736 0.2241 0.0427
vn -0.9836 0.1756 0.0422
vn -0.9902 0.1335 0.0419
vn -0.9944 0.0973 0.0418
vn -0.9969 0.0664 0.0418
vn -0.9983 0.0398 0.0417
vn -0.8093 0.5719 0.1341
vn -0.8620 0.4891 0.1330
vn -0.9015 0.4123 0.1318
vn -0.9303 0.3428 0.1304
vn -0.9511 0.2807 0.1289
vn -0.9658 0.2257 0.1276
vn -0.9760 0.1771 0.1266
vn -0.9829 0.1345 0.1261
vn -0.9872 0.0980 0.1258
vn -0.9898 0.0668 0.1256
vn -0.9913 0.0401 0.1256
vn -0.9921 -0.0019 0.1255
vn -0.7958 0.5657 0.2160
vn -0.8473 0.4853 0.2158
vn -0.8859 0.4107 0.2156
vn -0.9144 0.3431 0.2149
vn -0.9352 0.2824 0.2138
vn -0.9502 0.2280 0.2126
vn -0.9608 0.1794 0.2116
vn -0.9680 0.1361 0.2110
vn -0.9725 0.0990 0.2107
vn -0.9752 0.0674 0.2107
vn -0.9767 0.0404 0.2106
vn -0.9774 0.0175 0.2106
vn -0.7769 0.5567 0.2942
vn -0.8262 0.4794 0.2958
vn -0.8634 0.4076 0.2975
vn -0.8908 0.3426 0.2985
vn -0.9112 0.2839 0.2986
vn -0.9262 0.2307 0.2981
vn -0.9371 0.1822 0.2976
vn -0.9447 0.1382 0.2974
vn -0.9495 0.1003 0.2974
vn -0.9523 0.0682 0.2975
vn -0.9538 0.0409 0.2976
vn -0.9545 0.0177 0.2976
vn -0.9547 -0.0018 0.2976
vn -0.7522 0.5450 0.3703
vn -0.7983 0.4717 0.3743
vn -0.8330 0.4035 0.3784
vn -0.8589 0.3414 0.3816
vn -0.8784 0.2851 0.3836
vn -0.8931 0.2333 0.3846
vn -0.9041 0.1851 0.3851
vn -0.9119 0.1404 0.3856
vn -0.9168 0.1018 0.3861
vn -0.9197 0.0691 0.3865
vn -0.9213 0.0414 0.3867
vn -0.7224 0.5306 0.4434
vn -0.7630 0.4626 0.4516
vn -0.8175 0.3402 0.4647
vn -0.8356 0.2861 0.4689
vn -0.8496 0.2358 0.4718
vn -0.8604 0.1879 0.4738
vn -0.8681 0.1424 0.4755
vn -0.8730 0.1031 0.4767
vn -0.8759 0.0699 0.4774
vn -0.8774 0.0419 0.4779
vn -0.8783 -0.0017 0.4781
vn -0.6863 0.5142 0.5144
vn -0.7186 0.4537 0.5270
vn -0.7654 0.3393 0.5469
vn -0.7816 0.2868 0.5539
vn -0.7943 0.2377 0.5591
vn -0.8043 0.1900 0.5631
vn -0.8116 0.1441 0.5662
vn -0.8162 0.1042 0.5683
vn -0.8189 0.0706 0.5696
vn -0.8204 0.0423 0.5703
vn -0.8212 -0.0017 0.5706
vn -0.6112 0.5538 -0.5655
vn -0.6403 0.5011 -0.5821
vn -0.6635 0.4486 -0.5988
vn -0.7016 0.3387 -0.6269
vn -0.7152 0.2871 -0.6372
vn -0.7259 0.2385 -0.6451
vn -0.7344 0.1911 -0.6513
vn -0.7407 0.1449 -0.6561
vn -0.7447 0.1047 -0.6592
vn -0.7470 0.0710 -0.6610
vn -0.7483 0.0425 -0.6620
vn -0.7483 0.0425 0.6620
vn -0.7470 0.0710 0.6610
vn -0.7447 0.1047 0.6592
vn -0.7407 0.1449 0.6561
vn -0.7344 0.1911 0.6513
vn -0.7259 0.2385 0.6451
vn -0.7152 0.2871 0.6372
vn -0.7016 0.3387 0.6269
vn -0.6635 0.4486 0.5988
vn -0.6403 0.5011 0.5822
vn -0.6112 0.5538 0.5655
vn -0.6433 0.5788 0.5012
vn -0.6687 0.6019 0.4366
vn -0.6925 0.6207 0.3676
vn -0.7132 0.6366 0.2933
vn -0.7294 0.6491 0.2162
vn -0.7409 0.6579 0.1349
vn -0.7474 0.6627 0.0469
vn -0.7474 0.6627 -0.0469
vn -0.7409 0.6579 -0.1349
vn -0.7294 0.6491 -0.2162
vn -0.7132 0.6366 -0.2933
vn -0.6925 0.6207 -0.3676
vn -0.6687 0.6019 -0.4366
vn -0.6433 0.5788 -0.5012
vn -0.5094 0.5191 -0.6863
vn -0.4410 0.5329 -0.7222
vn -0.3699 0.5455 -0.7521
vn -0.2944 0.5565 -0.7769
vn -0.2165 0.5652 -0.7961
vn -0.1349 0.5712 -0.8097
vn -0.0468 0.5746 -0.8171
vn 0.0463 0.5750 -0.8169
vn 0.1341 0.5719 -0.8093
vn 0.2160 0.5657 -0.7958
vn 0.2942 0.5567 -0.7769
vn 0.3703 0.5450 -0.7522
vn 0.4434 0.5306 -0.7224
vn 0.5144 0.5142 -0.6863
vn -0.5250 0.4556 -0.7189
vn -0.4501 0.4640 -0.7630
vn -0.3740 0.4721 -0.7983
vn -0.2961 0.4791 -0.8263
vn -0.2167 0.4845 -0.8475
vn -0.1341 0.4881 -0.8624
vn -0.0462 0.4901 -0.8704
vn 0.0456 0.4907 -0.8701
vn 0.1330 0.4891 -0.8620
vn 0.2158 0.4853 -0.8473
vn 0.2958 0.4794 -0.8262
vn 0.3743 0.4717 -0.7983
vn 0.4516 0.4626 -0.7630
vn 0.5270 0.4537 -0.7186
vn -0.3787 0.4033 -0.8330
vn -0.2982 0.4069 -0.8634
vn -0.2168 0.4095 -0.8862
vn -0.1332 0.4111 -0.9018
vn -0.0455 0.4120 -0.9101
vn 0.0448 0.4126 -0.9098
vn 0.1318 0.4123 -0.9015
vn 0.2156 0.4107 -0.8859
vn 0.2975 0.4076 -0.8634
vn 0.3784 0.4035 -0.8330
vn -0.5476 0.3385 -0.7652
vn -0.4655 0.3394 -0.8174
vn -0.3827 0.3404 -0.8589
vn -0.2999 0.3412 -0.8909
vn -0.2167 0.3414 -0.9146
vn -0.1320 0.3413 -0.9306
vn -0.0448 0.3414 -0.9388
vn 0.0440 0.3421 -0.9386
vn 0.1304 0.3428 -0.9303
vn 0.2149 0.3431 -0.9144
vn 0.2985 0.3426 -0.8908
vn 0.3816 0.3414 -0.8589
vn 0.4647 0.3402 -0.8175
vn 0.5469 0.3393 -0.7654
vn -0.5550 0.2857 -0.7812
vn -0.4705 0.2846 -0.8353
vn -0.3855 0.2833 -0.8782
vn -0.3007 0.2818 -0.9111
vn -0.2160 0.2803 -0.9353
vn -0.1307 0.2791 -0.9513
vn -0.0440 0.2787 -0.9594
vn 0.0433 0.2793 -0.9592
vn 0.1289 0.2807 -0.9511
vn 0.2138 0.2824 -0.9352
vn 0.2986 0.2839 -0.9112
vn 0.3836 0.2851 -0.8784
vn 0.4689 0.2861 -0.8356
vn 0.5539 0.2868 -0.7816
vn -0.5605 0.2363 -0.7937
vn -0.4737 0.2338 -0.8490
vn -0.3869 0.2311 -0.8927
vn -0.3006 0.2284 -0.9260
vn -0.2148 0.2259 -0.9502
vn -0.1293 0.2242 -0.9659
vn -0.0433 0.2234 -0.9738
vn 0.0427 0.2241 -0.9736
vn 0.1276 0.2257 -0.9658
vn 0.2126 0.2280 -0.9502
vn 0.2981 0.2307 -0.9262
vn 0.3846 0.2333 -0.8931
vn 0.4718 0.2358 -0.8496
vn 0.5591 0.2377 -0.7943
vn -0.5644 0.1887 -0.8037
vn -0.4756 0.1860 -0.8597
vn -0.3872 0.1830 -0.9036
vn -0.2997 0.1801 -0.9369
vn -0.2134 0.1776 -0.9607
vn -0.1279 0.1758 -0.9761
vn -0.0427 0.1751 -0.9836
vn 0.0422 0.1756 -0.9836
vn 0.1266 0.1771 -0.9760
vn 0.2116 0.1794 -0.9608
vn 0.2976 0.1822 -0.9371
vn 0.3851 0.1851 -0.9041
vn 0.4738 0.1879 -0.8604
vn 0.5631 0.1900 -0.8043
vn -0.5671 0.1431 -0.8111
vn -0.4767 0.1412 -0.8677
vn -0.3870 0.1389 -0.9115
vn -0.2988 0.1368 -0.9445
vn -0.2122 0.1350 -0.9679
vn -0.1269 0.1337 -0.9829
vn -0.0423 0.1331 -0.9902
vn 0.0419 0.1335 -0.9902
vn 0.1261 0.1345 -0.9829
vn 0.2110 0.1361 -0.9680
vn 0.2974 0.1382 -0.9447
vn 0.3856 0.1404 -0.9119
vn 0.4755 0.1424 -0.8681
vn 0.5662 0.1441 -0.8116
vn -0.5688 0.1037 -0.8159
vn -0.4774 0.1024 -0.8727
vn -0.3869 0.1009 -0.9166
vn -0.2982 0.0995 -0.9493
vn -0.2115 0.0983 -0.9724
vn -0.1263 0.0975 -0.9872
vn -0.0420 0.0971 -0.9944
vn 0.0418 0.0973 -0.9944
vn 0.1258 0.0980 -0.9872
vn 0.2107 0.0990 -0.9725
vn 0.2974 0.1003 -0.9495
vn 0.3861 0.1018 -0.9168
vn 0.4767 0.1031 -0.8730
vn 0.5683 0.1042 -0.8162
vn -0.5698 0.0703 -0.8188
vn -0.4778 0.0695 -0.8757
vn -0.3869 0.0686 -0.9196
vn -0.2979 0.0677 -0.9522
vn -0.2111 0.0670 -0.9752
vn -0.1259 0.0665 -0.9898
vn -0.0419 0.0662 -0.9969
vn 0.0418 0.0664 -0.9969
vn 0.1256 0.0668 -0.9898
vn 0.2107 0.0674 -0.9752
vn 0.2975 0.0682 -0.9523
vn 0.3865 0.0691 -0.9197
vn 0.4774 0.0699 -0.8759
vn 0.5696 0.0706 -0.8189
vn -0.5704 0.0421 -0.8203
vn -0.4781 0.0416 -0.8773
vn -0.3869 0.0411 -0.9212
vn -0.2978 0.0406 -0.9538
vn -0.2108 0.0402 -0.9767
vn -0.1257 0.0399 -0.9913
vn 0.0417 0.0398 -0.9983
vn 0.1256 0.0401 -0.9913
vn 0.2106 0.0404 -0.9767
vn 0.2976 0.0409 -0.9538
vn 0.3867 0.0414 -0.9213
vn 0.4779 0.0419 -0.8774
vn 0.5703 0.0423 -0.8204
vn -0.5706 0.0182 -0.8210
vn -0.4782 0.0180 -0.8781
vn -0.3869 0.0178 -0.9220
vn -0.1256 0.0172 -0.9919
vn 0.2106 0.0175 -0.9774
vn 0.2976 0.0177 -0.9545
vn -0.2107 -0.0019 -0.9776
vn 0.1255 -0.0019 -0.9921
vn 0.4781 -0.0017 -0.8783
vn 0.5706 -0.0017 -0.8212
vn 0.5706 -0.0182 -0.8211
vn -0.5530 0.5662 -0.6112
vn -0.4960 0.5842 -0.6424
vn -0.4356 0.6029 -0.6684
vn -0.3675 0.6208 -0.6925
vn -0.2934 0.6365 -0.7133
vn -0.2164 0.6489 -0.7295
vn -0.1352 0.6577 -0.7411
vn -0.0470 0.6626 -0.7475
vn 0.0469 0.6627 -0.7474
vn 0.1349 0.6579 -0.7409
vn 0.2162 0.6491 -0.7294
vn 0.2933 0.6366 -0.7132
vn 0.3676 0.6207 -0.6925
vn 0.4366 0.6019 -0.6687
vn 0.5012 0.5788 -0.6433
vn 0.5655 0.5538 -0.6112
vn 0.5822 0.5011 -0.6403
vn 0.5988 0.4486 -0.6635
vn 0.6269 0.3387 -0.7016
vn 0.6372 0.2871 -0.7152
vn 0.6451 0.2385 -0.7259
vn 0.6513 0.1911 -0.7344
vn 0.6561 0.1449 -0.7407
vn 0.6592 0.1047 -0.7447
vn 0.6610 0.0710 -0.7470
vn 0.6620 0.0425 -0.7483
vn 0.6624 -0.0182 -0.7489
vn -0.6625 0.0184 -0.7489
vn -0.6611 0.0709 -0.7470
vn -0.6593 0.1045 -0.7446
vn -0.6564 0.1445 -0.7405
vn -0.6518 0.1905 -0.7341
vn -0.6456 0.2380 -0.7256
vn -0.6376 0.2867 -0.7150
vn -0.6273 0.3383 -0.7014
vn -0.6141 0.3935 -0.6842
vn -0.5980 0.4493 -0.6637
vn -0.5772 0.5057 -0.6412
vn -0.8203 -0.0445 0.5702
vn -0.8773 -0.0441 0.4779
vn -0.9212 -0.0437 0.3867
vn -0.9537 -0.0433 0.2976
vn -0.9766 -0.0429 0.2106
vn -0.9912 -0.0427 0.1256
vn -0.8194 -0.0614 0.5699
vn -0.8764 -0.0607 0.4777
vn -0.9203 -0.0601 0.3867
vn -0.9528 -0.0594 0.2977
vn -0.9758 -0.0588 0.2108
vn -0.9903 -0.0584 0.1257
vn -0.9974 -0.0583 0.0418
vn -0.9904 -0.0586 -0.1255
vn -0.9758 -0.0591 -0.2105
vn -0.9529 -0.0597 -0.2974
vn -0.9204 -0.0604 -0.3864
vn -0.8765 -0.0610 -0.4775
vn -0.8195 -0.0616 -0.5697
vn -0.8178 -0.0836 0.5694
vn -0.8747 -0.0826 0.4775
vn -0.9186 -0.0816 0.3867
vn -0.9512 -0.0805 0.2979
vn -0.9742 -0.0797 0.2110
vn -0.9889 -0.0791 0.1259
vn -0.9960 -0.0788 0.0419
vn -0.9960 -0.0789 -0.0417
vn -0.9889 -0.0794 -0.1256
vn -0.9743 -0.0802 -0.2106
vn -0.9513 -0.0811 -0.2973
vn -0.9188 -0.0821 -0.3862
vn -0.8749 -0.0831 -0.4771
vn -0.8180 -0.0839 -0.5690
vn -0.8151 -0.1116 0.5684
vn -0.8718 -0.1102 0.4772
vn -0.9157 -0.1086 0.3869
vn -0.9485 -0.1071 0.2983
vn -0.9716 -0.1058 0.2116
vn -0.9864 -0.1049 0.1263
vn -0.9936 -0.1045 0.0420
vn -0.9936 -0.1047 -0.0418
vn -0.9864 -0.1054 -0.1258
vn -0.9717 -0.1066 -0.2107
vn -0.9486 -0.1080 -0.2974
vn -0.9160 -0.1095 -0.3860
vn -0.8722 -0.1110 -0.4764
vn -0.8154 -0.1122 -0.5679
vn -0.8106 -0.1462 0.5670
vn -0.8671 -0.1442 0.4768
vn -0.9110 -0.1419 0.3872
vn -0.9440 -0.1396 0.2991
vn -0.9674 -0.1377 0.2124
vn -0.9825 -0.1364 0.1271
vn -0.9898 -0.1358 0.0423
vn -0.9898 -0.1362 -0.0420
vn -0.9825 -0.1373 -0.1262
vn -0.9675 -0.1390 -0.2111
vn -0.9442 -0.1411 -0.2975
vn -0.9114 -0.1434 -0.3857
vn -0.8676 -0.1455 -0.4755
vn -0.8111 -0.1472 -0.5661
vn -0.8037 -0.1874 0.5648
vn -0.8598 -0.1847 0.4761
vn -0.9037 -0.1816 0.3877
vn -0.9370 -0.1786 0.3003
vn -0.9609 -0.1761 0.2139
vn -0.9763 -0.1743 0.1282
vn -0.9839 -0.1736 0.0428
vn -0.9838 -0.1740 -0.0423
vn -0.9763 -0.1756 -0.1268
vn -0.9610 -0.1779 -0.2119
vn -0.9373 -0.1808 -0.2980
vn -0.9042 -0.1838 -0.3855
vn -0.8604 -0.1866 -0.4742
vn -0.8043 -0.1888 -0.5634
vn -0.7946 -0.2310 0.5615
vn -0.8499 -0.2286 0.4748
vn -0.8936 -0.2258 0.3879
vn -0.9271 -0.2230 0.3014
vn -0.9513 -0.2205 0.2155
vn -0.9671 -0.2187 0.1297
vn -0.9750 -0.2179 0.0435
vn -0.9749 -0.2186 -0.0428
vn -0.9670 -0.2202 -0.1280
vn -0.9513 -0.2226 -0.2132
vn -0.9273 -0.2253 -0.2989
vn -0.8941 -0.2281 -0.3854
vn -0.8505 -0.2306 -0.4727
vn -0.7952 -0.2325 -0.5600
vn -0.7831 -0.2771 0.5568
vn -0.8372 -0.2758 0.4722
vn -0.8803 -0.2745 0.3870
vn -0.9134 -0.2729 0.3021
vn -0.9377 -0.2713 0.2170
vn -0.9538 -0.2701 0.1313
vn -0.9620 -0.2696 0.0442
vn -0.9618 -0.2703 -0.0435
vn -0.9536 -0.2717 -0.1295
vn -0.9376 -0.2734 -0.2148
vn -0.9135 -0.2750 -0.2998
vn -0.8806 -0.2763 -0.3851
vn -0.8376 -0.2774 -0.4705
vn -0.7835 -0.2783 -0.5556
vn -0.7683 -0.3270 0.5503
vn -0.8207 -0.3276 0.4680
vn -0.8625 -0.3286 0.3849
vn -0.8947 -0.3292 0.3018
vn -0.9187 -0.3293 0.2181
vn -0.9349 -0.3292 0.1329
vn -0.9431 -0.3293 0.0451
vn -0.9429 -0.3300 -0.0443
vn -0.9346 -0.3307 -0.1312
vn -0.9185 -0.3310 -0.2163
vn -0.8947 -0.3306 -0.3002
vn -0.8626 -0.3297 -0.3838
vn -0.8209 -0.3285 -0.4671
vn -0.7685 -0.3277 -0.5496
vn -0.7490 -0.3816 0.5416
vn -0.8384 -0.3890 0.3817
vn -0.8692 -0.3925 0.3007
vn -0.8922 -0.3950 0.2188
vn -0.9081 -0.3965 0.1344
vn -0.9165 -0.3974 0.0459
vn -0.9162 -0.3981 -0.0452
vn -0.9078 -0.3978 -0.1329
vn -0.8920 -0.3962 -0.2175
vn -0.8691 -0.3932 -0.2999
vn -0.8384 -0.3893 -0.3814
vn -0.7988 -0.3852 -0.4622
vn -0.7490 -0.3817 -0.5415
vn -0.7250 -0.4398 0.5300
vn -0.7698 -0.4481 0.4546
vn -0.8057 -0.4560 0.3780
vn -0.8342 -0.4630 0.2994
vn -0.8559 -0.4684 0.2192
vn -0.8711 -0.4720 0.1357
vn -0.8793 -0.4740 0.0468
vn -0.8790 -0.4746 -0.0462
vn -0.8707 -0.4730 -0.1346
vn -0.8557 -0.4692 -0.2183
vn -0.8342 -0.4633 -0.2991
vn -0.8057 -0.4558 -0.3783
vn -0.7697 -0.4467 -0.4560
vn -0.7247 -0.4380 -0.5319
vn -0.6942 -0.5023 0.5156
vn -0.7308 -0.5161 0.4467
vn -0.7615 -0.5287 0.3748
vn -0.7871 -0.5398 0.2986
vn -0.8067 -0.5485 0.2197
vn -0.8208 -0.5546 0.1369
vn -0.8284 -0.5581 0.0475
vn -0.8282 -0.5584 -0.0471
vn -0.8204 -0.5553 -0.1361
vn -0.8066 -0.5490 -0.2192
vn -0.7870 -0.5400 -0.2984
vn -0.7616 -0.5282 -0.3753
vn -0.7311 -0.5137 -0.4490
vn -0.6941 -0.4974 -0.5205
vn -0.7475 -0.0619 -0.6613
vn -0.7462 -0.0843 -0.6603
vn -0.7440 -0.1128 -0.6586
vn -0.7403 -0.1480 -0.6558
vn -0.7345 -0.1898 -0.6515
vn -0.7268 -0.2334 -0.6460
vn -0.7170 -0.2786 -0.6389
vn -0.7045 -0.3272 -0.6297
vn -0.6884 -0.3798 -0.6179
vn -0.6691 -0.4330 -0.6040
vn -0.6472 -0.4844 -0.5886
vn -0.6193 -0.5367 -0.5731
vn -0.6525 -0.5618 -0.5086
vn -0.6789 -0.5851 -0.4435
vn -0.7037 -0.6042 -0.3738
vn -0.7252 -0.6204 -0.2985
vn -0.7421 -0.6331 -0.2202
vn -0.7541 -0.6422 -0.1375
vn -0.7610 -0.6470 0.0479
vn -0.7543 -0.6420 0.1378
vn -0.7422 -0.6329 0.2204
vn -0.7253 -0.6203 0.2986
vn -0.7037 -0.6044 0.3736
vn -0.6786 -0.5863 0.4425
vn -0.6517 -0.5674 0.5033
vn -0.6196 -0.5492 0.5607
vn -0.6482 -0.4889 0.5838
vn -0.6694 -0.4337 0.6032
vn -0.6884 -0.3796 0.6181
vn -0.7044 -0.3268 0.6301
vn -0.7168 -0.2781 0.6394
vn -0.7265 -0.2328 0.6465
vn -0.7342 -0.1893 0.6520
vn -0.7400 -0.1477 0.6561
vn -0.7438 -0.1125 0.6588
vn 0.5702 -0.0445 -0.8203
vn 0.5699 -0.0614 -0.8194
vn 0.5694 -0.0836 -0.8178
vn 0.5684 -0.1116 -0.8151
vn 0.5670 -0.1462 -0.8106
vn 0.5648 -0.1874 -0.8037
vn 0.5615 -0.2310 -0.7946
vn 0.5568 -0.2771 -0.7831
vn 0.5503 -0.3270 -0.7683
vn 0.5416 -0.3816 -0.7490
vn 0.5300 -0.4398 -0.7250
vn 0.5156 -0.5023 -0.6942
vn 0.4779 -0.0441 -0.8773
vn 0.4777 -0.0607 -0.8764
vn 0.4775 -0.0826 -0.8747
vn 0.4772 -0.1102 -0.8718
vn 0.4768 -0.1442 -0.8671
vn 0.4762 -0.1847 -0.8597
vn 0.4748 -0.2286 -0.8499
vn 0.4722 -0.2758 -0.8372
vn 0.4680 -0.3276 -0.8207
vn 0.4546 -0.4481 -0.7698
vn 0.4467 -0.5161 -0.7308
vn 0.3867 -0.0437 -0.9212
vn 0.3867 -0.0601 -0.9203
vn 0.3867 -0.0816 -0.9186
vn 0.3869 -0.1086 -0.9157
vn 0.3872 -0.1419 -0.9110
vn 0.3877 -0.1816 -0.9037
vn 0.3879 -0.2258 -0.8936
vn 0.3870 -0.2745 -0.8803
vn 0.3849 -0.3286 -0.8625
vn 0.3817 -0.3890 -0.8384
vn 0.3780 -0.4560 -0.8057
vn 0.3748 -0.5287 -0.7615
vn 0.2976 -0.0433 -0.9537
vn 0.2977 -0.0594 -0.9528
vn 0.2979 -0.0805 -0.9512
vn 0.2983 -0.1071 -0.9485
vn 0.2991 -0.1396 -0.9440
vn 0.3003 -0.1786 -0.9370
vn 0.3014 -0.2230 -0.9271
vn 0.3021 -0.2729 -0.9134
vn 0.3018 -0.3292 -0.8947
vn 0.3007 -0.3925 -0.8692
vn 0.2994 -0.4630 -0.8342
vn 0.2986 -0.5398 -0.7871
vn 0.2106 -0.0429 -0.9766
vn 0.2108 -0.0588 -0.9758
vn 0.2110 -0.0797 -0.9742
vn 0.2116 -0.1058 -0.9716
vn 0.2124 -0.1377 -0.9674
vn 0.2139 -0.1761 -0.9609
vn 0.2155 -0.2205 -0.9513
vn 0.2170 -0.2713 -0.9377
vn 0.2181 -0.3293 -0.9187
vn 0.2188 -0.3950 -0.8922
vn 0.2192 -0.4684 -0.8559
vn 0.2197 -0.5485 -0.8067
vn 0.1256 -0.0427 -0.9912
vn 0.1257 -0.0584 -0.9903
vn 0.1259 -0.0791 -0.9889
vn 0.1263 -0.1049 -0.9864
vn 0.1271 -0.1364 -0.9825
vn 0.1282 -0.1743 -0.9763
vn 0.1297 -0.2187 -0.9671
vn 0.1313 -0.2701 -0.9538
vn 0.1329 -0.3292 -0.9349
vn 0.1344 -0.3965 -0.9081
vn 0.1357 -0.4720 -0.8711
vn 0.1369 -0.5546 -0.8208
vn 0.0418 -0.0583 -0.9974
vn 0.0419 -0.0788 -0.9960
vn 0.0420 -0.1045 -0.9936
vn 0.0423 -0.1358 -0.9898
vn 0.0428 -0.1736 -0.9839
vn 0.0435 -0.2179 -0.9750
vn 0.0442 -0.2696 -0.9620
vn 0.0451 -0.3293 -0.9431
vn 0.0459 -0.3974 -0.9165
vn 0.0468 -0.4740 -0.8793
vn 0.0475 -0.5581 -0.8284
vn -0.0418 -0.0583 -0.9974
vn -0.0419 -0.0788 -0.9960
vn -0.0420 -0.1045 -0.9936
vn -0.0423 -0.1358 -0.9898
vn -0.0428 -0.1736 -0.9839
vn -0.0435 -0.2179 -0.9750
vn -0.0442 -0.2696 -0.9620
vn -0.0451 -0.3293 -0.9431
vn -0.0459 -0.3974 -0.9165
vn -0.0468 -0.4740 -0.8793
vn -0.0475 -0.5581 -0.8284
vn -0.1256 -0.0427 -0.9912
vn -0.1257 -0.0584 -0.9903
vn -0.1259 -0.0791 -0.9889
vn -0.1263 -0.1049 -0.9864
vn -0.1271 -0.1364 -0.9825
vn -0.1282 -0.1743 -0.9763
vn -0.1297 -0.2187 -0.9671
vn -0.1313 -0.2701 -0.9538
vn -0.1329 -0.3292 -0.9349
vn -0.1344 -0.3965 -0.9081
vn -0.1357 -0.4720 -0.8711
vn -0.1369 -0.5546 -0.8208
vn -0.2107 -0.0429 -0.9766
vn -0.2108 -0.0588 -0.9758
vn -0.2110 -0.0797 -0.9742
vn -0.2116 -0.1058 -0.9716
vn -0.2124 -0.1377 -0.9674
vn -0.2139 -0.1761 -0.9609
vn -0.2155 -0.2205 -0.9513
vn -0.2170 -0.2713 -0.9377
vn -0.2181 -0.3293 -0.9187
vn -0.2188 -0.3950 -0.8922
vn -0.2192 -0.4684 -0.8559
vn -0.2197 -0.5485 -0.8067
vn -0.2976 -0.0433 -0.9537
vn -0.2977 -0.0594 -0.9528
vn -0.2979 -0.0805 -0.9512
vn -0.2983 -0.1071 -0.9485
vn -0.2991 -0.1396 -0.9440
vn -0.3003 -0.1786 -0.9370
vn -0.3014 -0.2230 -0.9271
vn -0.3021 -0.2729 -0.9134
vn -0.3018 -0.3292 -0.8947
vn -0.3007 -0.3925 -0.8692
vn -0.2994 -0.4630 -0.8342
vn -0.2986 -0.5398 -0.7871
vn -0.3867 -0.0437 -0.9212
vn -0.3867 -0.0601 -0.9203
vn -0.3867 -0.0816 -0.9186
vn -0.3869 -0.1086 -0.9157
vn -0.3872 -0.1419 -0.9110
vn -0.3877 -0.1816 -0.9037
vn -0.3879 -0.2258 -0.8936
vn -0.3870 -0.2744 -0.8803
vn -0.3849 -0.3286 -0.8625
vn -0.3817 -0.3890 -0.8384
vn -0.3780 -0.4560 -0.8057
vn -0.3748 -0.5287 -0.7615
vn -0.4779 -0.0441 -0.8773
vn -0.4777 -0.0607 -0.8764
vn -0.4775 -0.0826 -0.8747
vn -0.4772 -0.1102 -0.8719
vn -0.4768 -0.1442 -0.8671
vn -0.4761 -0.1847 -0.8598
vn -0.4748 -0.2286 -0.8499
vn -0.4722 -0.2758 -0.8372
vn -0.4680 -0.3276 -0.8207
vn -0.4546 -0.4481 -0.7698
vn -0.4467 -0.5161 -0.7308
vn -0.5702 -0.0445 -0.8203
vn -0.5699 -0.0614 -0.8194
vn -0.5694 -0.0836 -0.8178
vn -0.5685 -0.1116 -0.8151
vn -0.5670 -0.1463 -0.8106
vn -0.5648 -0.1874 -0.8037
vn -0.5615 -0.2310 -0.7946
vn -0.5568 -0.2771 -0.7830
vn -0.5503 -0.3270 -0.7683
vn -0.5416 -0.3816 -0.7490
vn -0.5300 -0.4398 -0.7250
vn -0.5156 -0.5023 -0.6942
vn 0.6588 -0.1125 -0.7438
vn 0.6561 -0.1477 -0.7400
vn 0.6520 -0.1893 -0.7342
vn 0.6465 -0.2328 -0.7265
vn 0.6394 -0.2781 -0.7168
vn 0.6301 -0.3268 -0.7044
vn 0.6181 -0.3796 -0.6884
vn 0.6032 -0.4337 -0.6694
vn 0.5838 -0.4889 -0.6482
vn 0.5607 -0.5492 -0.6196
vn 0.5033 -0.5674 -0.6517
vn 0.4425 -0.5863 -0.6786
vn 0.3736 -0.6044 -0.7037
vn 0.2986 -0.6203 -0.7253
vn 0.2204 -0.6329 -0.7422
vn 0.1378 -0.6420 -0.7543
vn 0.0479 -0.6470 -0.7610
vn -0.0479 -0.6470 -0.7610
vn -0.1378 -0.6420 -0.7543
vn -0.2204 -0.6329 -0.7422
vn -0.2986 -0.6203 -0.7253
vn -0.3736 -0.6044 -0.7037
vn -0.4425 -0.5863 -0.6786
vn -0.5033 -0.5674 -0.6517
vn -0.5607 -0.5492 -0.6196
vn -0.5838 -0.4889 -0.6482
vn -0.6032 -0.4337 -0.6694
vn -0.6181 -0.3796 -0.6884
vn -0.6301 -0.3268 -0.7044
vn -0.6394 -0.2781 -0.7168
vn -0.6465 -0.2328 -0.7265
vn -0.6520 -0.1893 -0.7342
vn -0.6561 -0.1477 -0.7400
vn -0.6588 -0.1125 -0.7438
vn 0.5252 -0.6737 -0.5199
vn 0.5406 -0.7104 -0.4507
vn 0.5544 -0.7412 -0.3785
vn 0.5665 -0.7669 -0.3017
vn 0.5759 -0.7868 -0.2221
vn 0.5825 -0.8009 -0.1385
vn 0.5863 -0.8087 -0.0480
vn 0.5867 -0.8084 0.0476
vn 0.5833 -0.8005 0.1376
vn 0.5765 -0.7865 0.2214
vn 0.5667 -0.7668 0.3014
vn 0.5540 -0.7413 0.3789
vn 0.5381 -0.7107 0.4532
vn 0.5199 -0.6737 0.5252
vn 0.4532 -0.7107 -0.5381
vn 0.4634 -0.7564 -0.4616
vn 0.4729 -0.7931 -0.3839
vn 0.4810 -0.8222 -0.3042
vn 0.4872 -0.8444 -0.2228
vn 0.4913 -0.8600 -0.1380
vn 0.4936 -0.8684 -0.0476
vn 0.4942 -0.8681 0.0469
vn 0.4924 -0.8595 0.1367
vn 0.4881 -0.8441 0.2219
vn 0.4813 -0.8222 0.3039
vn 0.4724 -0.7931 0.3844
vn 0.4616 -0.7564 0.4634
vn 0.4507 -0.7104 0.5406
vn 0.3789 -0.7413 -0.5540
vn 0.3844 -0.7931 -0.4724
vn 0.3900 -0.8342 -0.3899
vn 0.3947 -0.8660 -0.3071
vn 0.3980 -0.8898 -0.2233
vn 0.4000 -0.9062 -0.1371
vn 0.4011 -0.9148 -0.0468
vn 0.4018 -0.9146 0.0461
vn 0.4014 -0.9058 0.1356
vn 0.3992 -0.8896 0.2220
vn 0.3953 -0.8659 0.3065
vn 0.3899 -0.8342 0.3900
vn 0.3839 -0.7931 0.4729
vn 0.3785 -0.7412 0.5544
vn 0.3014 -0.7668 -0.5667
vn 0.3039 -0.8222 -0.4813
vn 0.3065 -0.8659 -0.3953
vn 0.3083 -0.8995 -0.3095
vn 0.3092 -0.9244 -0.2234
vn 0.3095 -0.9411 -0.1359
vn 0.3098 -0.9497 -0.0460
vn 0.3105 -0.9495 0.0452
vn 0.3111 -0.9408 0.1342
vn 0.3109 -0.9242 0.2217
vn 0.3095 -0.8995 0.3083
vn 0.3071 -0.8660 0.3947
vn 0.3042 -0.8222 0.4810
vn 0.3017 -0.7669 0.5665
vn 0.2214 -0.7865 -0.5766
vn 0.2218 -0.8441 -0.4881
vn 0.2220 -0.8896 -0.3992
vn 0.2217 -0.9242 -0.3109
vn 0.2210 -0.9495 -0.2228
vn 0.2202 -0.9661 -0.1345
vn 0.2200 -0.9745 -0.0452
vn 0.2207 -0.9743 0.0445
vn 0.2218 -0.9660 0.1329
vn 0.2228 -0.9495 0.2210
vn 0.2234 -0.9244 0.3092
vn 0.2233 -0.8898 0.3980
vn 0.2228 -0.8444 0.4872
vn 0.2221 -0.7868 0.5759
vn 0.1376 -0.8005 -0.5833
vn 0.1367 -0.8595 -0.4924
vn 0.1356 -0.9058 -0.4014
vn 0.1342 -0.9408 -0.3111
vn 0.1329 -0.9660 -0.2218
vn 0.1319 -0.9823 -0.1331
vn 0.1315 -0.9903 -0.0445
vn 0.1320 -0.9903 0.0440
vn 0.1331 -0.9823 0.1319
vn 0.1345 -0.9661 0.2202
vn 0.1359 -0.9411 0.3095
vn 0.1371 -0.9062 0.4000
vn 0.1380 -0.8600 0.4913
vn 0.1385 -0.8009 0.5825
vn 0.0476 -0.8084 -0.5867
vn 0.0469 -0.8681 -0.4942
vn 0.0461 -0.9145 -0.4018
vn 0.0452 -0.9495 -0.3105
vn 0.0445 -0.9743 -0.2207
vn 0.0440 -0.9903 -0.1319
vn 0.0438 -0.9981 -0.0439
vn 0.0439 -0.9981 0.0438
vn 0.0445 -0.9903 0.1315
vn 0.0452 -0.9745 0.2200
vn 0.0460 -0.9497 0.3098
vn 0.0468 -0.9148 0.4011
vn 0.0476 -0.8684 0.4936
vn 0.0480 -0.8087 0.5863
vn -0.0476 -0.8084 -0.5867
vn -0.0469 -0.8681 -0.4942
vn -0.0461 -0.9145 -0.4018
vn -0.0452 -0.9495 -0.3105
vn -0.0445 -0.9743 -0.2207
vn -0.0440 -0.9903 -0.1319
vn -0.0438 -0.9981 -0.0439
vn -0.0439 -0.9981 0.0438
vn -0.0445 -0.9903 0.1315
vn -0.0452 -0.9745 0.2200
vn -0.0460 -0.9497 0.3098
vn -0.0468 -0.9148 0.4011
vn -0.0476 -0.8684 0.4936
vn -0.0480 -0.8087 0.5863
vn -0.1375 -0.8005 -0.5833
vn -0.1367 -0.8595 -0.4924
vn -0.1356 -0.9058 -0.4014
vn -0.1342 -0.9408 -0.3111
vn -0.1329 -0.9660 -0.2218
vn -0.1319 -0.9823 -0.1331
vn -0.1315 -0.9903 -0.0445
vn -0.1320 -0.9903 0.0440
vn -0.1331 -0.9823 0.1319
vn -0.1345 -0.9661 0.2202
vn -0.1359 -0.9411 0.3095
vn -0.1371 -0.9062 0.4000
vn -0.1380 -0.8600 0.4913
vn -0.1385 -0.8009 0.5825
vn -0.2214 -0.7865 -0.5765
vn -0.2218 -0.8441 -0.4881
vn -0.2220 -0.8896 -0.3992
vn -0.2217 -0.9242 -0.3109
vn -0.2210 -0.9495 -0.2228
vn -0.2202 -0.9661 -0.1345
vn -0.2200 -0.9745 -0.0452
vn -0.2207 -0.9743 0.0445
vn -0.2218 -0.9660 0.1329
vn -0.2228 -0.9495 0.2210
vn -0.2234 -0.9244 0.3092
vn -0.2233 -0.8898 0.3980
vn -0.2228 -0.8444 0.4872
vn -0.2221 -0.7868 0.5759
vn -0.3014 -0.7668 -0.5667
vn -0.3039 -0.8222 -0.4813
vn -0.3065 -0.8659 -0.3953
vn -0.3083 -0.8995 -0.3095
vn -0.3092 -0.9244 -0.2234
vn -0.3095 -0.9411 -0.1359
vn -0.3098 -0.9497 -0.0460
vn -0.3105 -0.9495 0.0452
vn -0.3111 -0.9408 0.1342
vn -0.3109 -0.9242 0.2217
vn -0.3095 -0.8995 0.3083
vn -0.3071 -0.8660 0.3947
vn -0.3042 -0.8222 0.4810
vn -0.3017 -0.7669 0.5665
vn -0.3789 -0.7413 -0.5540
vn -0.3844 -0.7931 -0.4725
vn -0.3900 -0.8342 -0.3899
vn -0.3947 -0.8660 -0.3071
vn -0.3980 -0.8898 -0.2233
vn -0.4000 -0.9062 -0.1371
vn -0.4011 -0.9148 -0.0468
vn -0.4018 -0.9145 0.0461
vn -0.4014 -0.9058 0.1356
vn -0.3992 -0.8896 0.2220
vn -0.3953 -0.8659 0.3065
vn -0.3899 -0.8342 0.3900
vn -0.3839 -0.7931 0.4729
vn -0.3785 -0.7412 0.5544
vn -0.4532 -0.7107 -0.5381
vn -0.4634 -0.7564 -0.4616
vn -0.4729 -0.7931 -0.3839
vn -0.4810 -0.8222 -0.3042
vn -0.4872 -0.8444 -0.2228
vn -0.4913 -0.8600 -0.1380
vn -0.4936 -0.8684 -0.0476
vn -0.4942 -0.8681 0.0469
vn -0.4924 -0.8595 0.1367
vn -0.4881 -0.8441 0.2218
vn -0.4813 -0.8222 0.3039
vn -0.4725 -0.7931 0.3844
vn -0.4616 -0.7564 0.4634
vn -0.4507 -0.7104 0.5406
vn -0.5252 -0.6737 -0.5199
vn -0.5406 -0.7104 -0.4507
vn -0.5544 -0.7412 -0.3785
vn -0.5665 -0.7669 -0.3017
vn -0.5759 -0.7868 -0.2222
vn -0.5825 -0.8009 -0.1385
vn -0.5863 -0.8087 -0.0480
vn -0.5867 -0.8084 0.0476
vn -0.5833 -0.8005 0.1376
vn -0.5766 -0.7865 0.2214
vn -0.5667 -0.7668 0.3014
vn -0.5540 -0.7413 0.3789
vn -0.5381 -0.7107 0.4532
vn -0.5199 -0.6737 0.5252
vn 0.5747 -0.5949 -0.5619
vn 0.5939 -0.6265 -0.5047
vn 0.6136 -0.6530 -0.4439
vn 0.6492 -0.6991 -0.2998
vn 0.6624 -0.7158 -0.2213
vn 0.6718 -0.7277 -0.1383
vn 0.6770 -0.7344 -0.0482
vn 0.6772 -0.7342 0.0480
vn 0.6721 -0.7275 0.1380
vn 0.6626 -0.7156 0.2210
vn 0.6494 -0.6990 0.2995
vn 0.6127 -0.6533 0.4448
vn 0.5884 -0.6275 0.5099
vn 0.5619 -0.5949 0.5747
vn 0.5047 -0.6265 0.5939
vn 0.4439 -0.6530 0.6136
vn 0.2998 -0.6991 0.6492
vn 0.2213 -0.7158 0.6624
vn 0.1383 -0.7277 0.6718
vn 0.0482 -0.7344 0.6770
vn -0.0482 -0.7344 0.6770
vn -0.1383 -0.7277 0.6718
vn -0.2213 -0.7158 0.6623
vn -0.2998 -0.6991 0.6492
vn -0.4439 -0.6530 0.6136
vn -0.5047 -0.6265 0.5939
vn -0.5619 -0.5949 0.5747
vn -0.5884 -0.6275 0.5099
vn -0.6127 -0.6533 0.4448
vn -0.6494 -0.6990 0.2995
vn -0.6626 -0.7156 0.2210
vn -0.6721 -0.7275 0.1380
vn -0.6772 -0.7342 0.0480
vn -0.6770 -0.7344 -0.0482
vn -0.6718 -0.7277 -0.1383
vn -0.6624 -0.7158 -0.2213
vn -0.6492 -0.6991 -0.2998
vn -0.6136 -0.6530 -0.4439
vn -0.5939 -0.6265 -0.5047
vn -0.5747 -0.5949 -0.5619
vn -0.5099 -0.6275 -0.5884
vn -0.4448 -0.6533 -0.6127
vn -0.2995 -0.6990 -0.6494
vn -0.2210 -0.7156 -0.6626
vn -0.1380 -0.7275 -0.6721
vn -0.0480 -0.7342 -0.6772
vn 0.0480 -0.7342 -0.6772
vn 0.1380 -0.7275 -0.6721
vn 0.2210 -0.7156 -0.6626
vn 0.2995 -0.6990 -0.6494
vn 0.4448 -0.6533 -0.6127
vn 0.5099 -0.6275 -0.5884
vn 0.6942 -0.5023 0.5156
vn 0.7308 -0.5161 0.4467
vn 0.7615 -0.5287 0.3748
vn 0.7871 -0.5398 0.2986
vn 0.8067 -0.5485 0.2197
vn 0.8208 -0.5546 0.1369
vn 0.8284 -0.5581 0.0475
vn 0.8282 -0.5584 -0.0470
vn 0.8204 -0.5553 -0.1361
vn 0.8066 -0.5490 -0.2192
vn 0.7870 -0.5400 -0.2984
vn 0.7616 -0.5282 -0.3753
vn 0.7311 -0.5137 -0.4490
vn 0.6941 -0.4974 -0.5205
vn 0.7250 -0.4398 0.5300
vn 0.7698 -0.4481 0.4546
vn 0.8057 -0.4560 0.3780
vn 0.8342 -0.4630 0.2994
vn 0.8559 -0.4684 0.2192
vn 0.8711 -0.4720 0.1357
vn 0.8793 -0.4740 0.0468
vn 0.8790 -0.4746 -0.0462
vn 0.8707 -0.4730 -0.1346
vn 0.8557 -0.4692 -0.2183
vn 0.8342 -0.4633 -0.2991
vn 0.8057 -0.4558 -0.3783
vn 0.7697 -0.4467 -0.4560
vn 0.7247 -0.4380 -0.5319
vn 0.7490 -0.3816 0.5416
vn 0.8384 -0.3890 0.3817
vn 0.8692 -0.3925 0.3007
vn 0.8922 -0.3950 0.2188
vn 0.9081 -0.3965 0.1344
vn 0.9165 -0.3974 0.0459
vn 0.9162 -0.3981 -0.0452
vn 0.9078 -0.3978 -0.1329
vn 0.8920 -0.3962 -0.2175
vn 0.8691 -0.3932 -0.2999
vn 0.8384 -0.3893 -0.3814
vn 0.7988 -0.3852 -0.4622
vn 0.7490 -0.3817 -0.5415
vn 0.7683 -0.3270 0.5503
vn 0.8207 -0.3276 0.4680
vn 0.8625 -0.3286 0.3849
vn 0.8947 -0.3292 0.3018
vn 0.9187 -0.3293 0.2181
vn 0.9349 -0.3292 0.1329
vn 0.9432 -0.3293 0.0451
vn 0.9429 -0.3300 -0.0443
vn 0.9346 -0.3307 -0.1312
vn 0.9185 -0.3310 -0.2163
vn 0.8947 -0.3306 -0.3002
vn 0.8626 -0.3297 -0.3838
vn 0.8209 -0.3286 -0.4671
vn 0.7685 -0.3277 -0.5495
vn 0.7831 -0.2771 0.5568
vn 0.8372 -0.2758 0.4722
vn 0.8803 -0.2745 0.3870
vn 0.9134 -0.2729 0.3021
vn 0.9377 -0.2713 0.2170
vn 0.9538 -0.2701 0.1313
vn 0.9619 -0.2696 0.0442
vn 0.9618 -0.2703 -0.0435
vn 0.9536 -0.2717 -0.1295
vn 0.9376 -0.2734 -0.2148
vn 0.9135 -0.2750 -0.2998
vn 0.8806 -0.2763 -0.3851
vn 0.8376 -0.2774 -0.4705
vn 0.7835 -0.2783 -0.5556
vn 0.7946 -0.2310 0.5615
vn 0.8499 -0.2286 0.4748
vn 0.8936 -0.2258 0.3879
vn 0.9271 -0.2230 0.3014
vn 0.9513 -0.2205 0.2155
vn 0.9671 -0.2187 0.1297
vn 0.9750 -0.2179 0.0435
vn 0.9749 -0.2186 -0.0428
vn 0.9670 -0.2202 -0.1280
vn 0.9513 -0.2226 -0.2132
vn 0.9273 -0.2253 -0.2989
vn 0.8941 -0.2281 -0.3854
vn 0.8505 -0.2306 -0.4727
vn 0.7952 -0.2325 -0.5600
vn 0.8037 -0.1874 0.5648
vn 0.8598 -0.1847 0.4762
vn 0.9037 -0.1816 0.3877
vn 0.9370 -0.1786 0.3003
vn 0.9609 -0.1761 0.2139
vn 0.9763 -0.1743 0.1282
vn 0.9839 -0.1736 0.0428
vn 0.9838 -0.1740 -0.0423
vn 0.9763 -0.1756 -0.1268
vn 0.9610 -0.1779 -0.2119
vn 0.9373 -0.1808 -0.2980
vn 0.9042 -0.1838 -0.3855
vn 0.8604 -0.1866 -0.4742
vn 0.8043 -0.1888 -0.5634
vn 0.8106 -0.1462 0.5670
vn 0.8671 -0.1442 0.4768
vn 0.9110 -0.1419 0.3872
vn 0.9440 -0.1396 0.2991
vn 0.9674 -0.1377 0.2124
vn 0.9825 -0.1364 0.1271
vn 0.9898 -0.1358 0.0423
vn 0.9898 -0.1362 -0.0420
vn 0.9825 -0.1373 -0.1262
vn 0.9675 -0.1390 -0.2111
vn 0.9442 -0.1411 -0.2975
vn 0.9114 -0.1434 -0.3857
vn 0.8676 -0.1455 -0.4755
vn 0.8111 -0.1472 -0.5661
vn 0.8151 -0.1116 0.5684
vn 0.8718 -0.1102 0.4772
vn 0.9157 -0.1086 0.3869
vn 0.9485 -0.1071 0.2983
vn 0.9716 -0.1058 0.2116
vn 0.9864 -0.1049 0.1263
vn 0.9936 -0.1045 0.0420
vn 0.9936 -0.1047 -0.0418
vn 0.9864 -0.1054 -0.1258
vn 0.9717 -0.1066 -0.2107
vn 0.9486 -0.1080 -0.2974
vn 0.9160 -0.1095 -0.3860
vn 0.8722 -0.1110 -0.4764
vn 0.8154 -0.1122 -0.5679
vn 0.8178 -0.0836 0.5694
vn 0.8747 -0.0826 0.4775
vn 0.9186 -0.0816 0.3867
vn 0.9512 -0.0805 0.2979
vn 0.9742 -0.0797 0.2110
vn 0.9889 -0.0791 0.1259
vn 0.9960 -0.0788 0.0419
vn 0.9960 -0.0789 -0.0417
vn 0.9889 -0.0794 -0.1256
vn 0.9743 -0.0802 -0.2106
vn 0.9513 -0.0811 -0.2973
vn 0.9188 -0.0821 -0.3862
vn 0.8749 -0.0831 -0.4771
vn 0.8180 -0.0839 -0.5690
vn 0.8194 -0.0614 0.5699
vn 0.8764 -0.0607 0.4777
vn 0.9203 -0.0601 0.3867
vn 0.9528 -0.0594 0.2977
vn 0.9758 -0.0588 0.2108
vn 0.9903 -0.0584 0.1257
vn 0.9974 -0.0583 0.0418
vn 0.9904 -0.0586 -0.1255
vn 0.9758 -0.0591 -0.2105
vn 0.9529 -0.0597 -0.2974
vn 0.9204 -0.0604 -0.3864
vn 0.8765 -0.0610 -0.4775
vn 0.8195 -0.0616 -0.5697
vn 0.8203 -0.0445 0.5702
vn 0.8773 -0.0441 0.4779
vn 0.9212 -0.0437 0.3867
vn 0.9537 -0.0433 0.2976
vn 0.9766 -0.0429 0.2106
vn 0.9912 -0.0427 0.1256
vn 0.6196 -0.5492 0.5607
vn 0.6517 -0.5674 0.5033
vn 0.6786 -0.5863 0.4425
vn 0.7037 -0.6044 0.3736
vn 0.7253 -0.6203 0.2986
vn 0.7422 -0.6329 0.2204
vn 0.7543 -0.6420 0.1378
vn 0.7610 -0.6470 0.0479
vn 0.7541 -0.6422 -0.1375
vn 0.7421 -0.6331 -0.2202
vn 0.7253 -0.6204 -0.2985
vn 0.7037 -0.6042 -0.3738
vn 0.6789 -0.5851 -0.4435
vn 0.6525 -0.5618 -0.5086
vn 0.6193 -0.5367 -0.5731
vn 0.6472 -0.4844 -0.5886
vn 0.6691 -0.4330 -0.6040
vn 0.6884 -0.3798 -0.6179
vn 0.7045 -0.3272 -0.6297
vn 0.7170 -0.2786 -0.6389
vn 0.7268 -0.2334 -0.6460
vn 0.7345 -0.1898 -0.6515
vn 0.7403 -0.1480 -0.6558
vn 0.7440 -0.1128 -0.6586
vn 0.7462 -0.0843 -0.6603
vn 0.7475 -0.0619 -0.6613
vn 0.7462 -0.0842 0.6604
vn 0.7438 -0.1125 0.6588
vn 0.7400 -0.1477 0.6561
vn 0.7342 -0.1893 0.6520
vn 0.7265 -0.2328 0.6465
vn 0.7168 -0.2781 0.6394
vn 0.7044 -0.3268 0.6301
vn 0.6884 -0.3796 0.6181
vn 0.6694 -0.4336 0.6032
vn 0.6482 -0.4889 0.5838
vn 0.5205 -0.4974 0.6941
vn 0.5319 -0.4380 0.7247
vn 0.5415 -0.3817 0.7490
vn 0.5495 -0.3277 0.7685
vn 0.5556 -0.2783 0.7835
vn 0.5600 -0.2325 0.7952
vn 0.5634 -0.1888 0.8043
vn 0.5661 -0.1472 0.8111
vn 0.5679 -0.1122 0.8154
vn 0.5690 -0.0839 0.8180
vn 0.5697 -0.0616 0.8195
vn 0.4490 -0.5137 0.7311
vn 0.4560 -0.4467 0.7697
vn 0.4622 -0.3852 0.7988
vn 0.4671 -0.3285 0.8209
vn 0.4705 -0.2774 0.8376
vn 0.4727 -0.2306 0.8505
vn 0.4742 -0.1866 0.8604
vn 0.4755 -0.1455 0.8676
vn 0.4764 -0.1110 0.8722
vn 0.4771 -0.0831 0.8749
vn 0.4775 -0.0610 0.8765
vn 0.3753 -0.5282 0.7616
vn 0.3783 -0.4558 0.8057
vn 0.3814 -0.3893 0.8384
vn 0.3838 -0.3297 0.8626
vn 0.3851 -0.2763 0.8806
vn 0.3854 -0.2281 0.8941
vn 0.3855 -0.1838 0.9042
vn 0.3857 -0.1434 0.9114
vn 0.3860 -0.1095 0.9160
vn 0.3862 -0.0821 0.9188
vn 0.3864 -0.0604 0.9204
vn 0.2984 -0.5400 0.7870
vn 0.2991 -0.4633 0.8342
vn 0.2999 -0.3932 0.8691
vn 0.3002 -0.3306 0.8947
vn 0.2998 -0.2750 0.9135
vn 0.2989 -0.2253 0.9273
vn 0.2980 -0.1808 0.9373
vn 0.2975 -0.1411 0.9442
vn 0.2974 -0.1080 0.9486
vn 0.2973 -0.0811 0.9513
vn 0.2974 -0.0597 0.9529
vn 0.2192 -0.5490 0.8066
vn 0.2183 -0.4692 0.8557
vn 0.2175 -0.3962 0.8920
vn 0.2163 -0.3310 0.9185
vn 0.2148 -0.2734 0.9376
vn 0.2132 -0.2226 0.9513
vn 0.2119 -0.1779 0.9610
vn 0.2111 -0.1390 0.9675
vn 0.2107 -0.1066 0.9717
vn 0.2106 -0.0802 0.9743
vn 0.2105 -0.0591 0.9758
vn 0.1361 -0.5553 0.8204
vn 0.1346 -0.4730 0.8707
vn 0.1329 -0.3978 0.9078
vn 0.1312 -0.3307 0.9346
vn 0.1295 -0.2717 0.9536
vn 0.1280 -0.2202 0.9670
vn 0.1268 -0.1756 0.9763
vn 0.1261 -0.1373 0.9825
vn 0.1258 -0.1054 0.9864
vn 0.1256 -0.0794 0.9889
vn 0.1255 -0.0586 0.9904
vn 0.0470 -0.5584 0.8282
vn 0.0462 -0.4746 0.8790
vn 0.0452 -0.3981 0.9162
vn 0.0443 -0.3300 0.9429
vn 0.0435 -0.2703 0.9618
vn 0.0428 -0.2186 0.9749
vn 0.0423 -0.1740 0.9838
vn 0.0420 -0.1362 0.9898
vn 0.0418 -0.1047 0.9936
vn 0.0417 -0.0789 0.9960
vn -0.0470 -0.5584 0.8282
vn -0.0462 -0.4746 0.8790
vn -0.0452 -0.3981 0.9162
vn -0.0443 -0.3300 0.9429
vn -0.0435 -0.2703 0.9618
vn -0.0428 -0.2186 0.9749
vn -0.0423 -0.1740 0.9838
vn -0.0420 -0.1362 0.9898
vn -0.0418 -0.1047 0.9936
vn -0.0417 -0.0789 0.9960
vn -0.1361 -0.5553 0.8204
vn -0.1346 -0.4730 0.8707
vn -0.1329 -0.3978 0.9078
vn -0.1312 -0.3307 0.9346
vn -0.1295 -0.2717 0.9536
vn -0.1280 -0.2202 0.9670
vn -0.1268 -0.1756 0.9763
vn -0.1261 -0.1373 0.9825
vn -0.1258 -0.1054 0.9864
vn -0.1256 -0.0794 0.9889
vn -0.1255 -0.0586 0.9904
vn -0.2192 -0.5490 0.8066
vn -0.2183 -0.4692 0.8557
vn -0.2175 -0.3962 0.8920
vn -0.2163 -0.3310 0.9185
vn -0.2148 -0.2734 0.9376
vn -0.2132 -0.2226 0.9513
vn -0.2119 -0.1779 0.9610
vn -0.2111 -0.1390 0.9675
vn -0.2107 -0.1066 0.9717
vn -0.2106 -0.0802 0.9743
vn -0.2105 -0.0591 0.9758
vn -0.2984 -0.5400 0.7870
vn -0.2991 -0.4633 0.8342
vn -0.2999 -0.3932 0.8691
vn -0.3002 -0.3306 0.8947
vn -0.2998 -0.2750 0.9135
vn -0.2989 -0.2253 0.9273
vn -0.2980 -0.1808 0.9373
vn -0.2975 -0.1411 0.9442
vn -0.2974 -0.1080 0.9486
vn -0.2973 -0.0811 0.9513
vn -0.2974 -0.0597 0.9529
vn -0.3753 -0.5282 0.7616
vn -0.3783 -0.4558 0.8057
vn -0.3814 -0.3893 0.8384
vn -0.3838 -0.3297 0.8626
vn -0.3851 -0.2763 0.8806
vn -0.3854 -0.2281 0.8941
vn -0.3855 -0.1838 0.9042
vn -0.3857 -0.1434 0.9114
vn -0.3860 -0.1095 0.9160
vn -0.3862 -0.0821 0.9188
vn -0.3864 -0.0604 0.9204
vn -0.4490 -0.5137 0.7311
vn -0.4560 -0.4467 0.7697
vn -0.4622 -0.3852 0.7988
vn -0.4671 -0.3285 0.8209
vn -0.4705 -0.2774 0.8376
vn -0.4727 -0.2306 0.8505
vn -0.4742 -0.1866 0.8604
vn -0.4755 -0.1455 0.8676
vn -0.4764 -0.1110 0.8722
vn -0.4771 -0.0831 0.8749
vn -0.4775 -0.0610 0.8765
vn -0.5205 -0.4974 0.6941
vn -0.5319 -0.4380 0.7247
vn -0.5415 -0.3817 0.7490
vn -0.5496 -0.3277 0.7685
vn -0.5556 -0.2783 0.7835
vn -0.5600 -0.2325 0.7952
vn -0.5634 -0.1888 0.8043
vn -0.5661 -0.1472 0.8111
vn -0.5679 -0.1122 0.8154
vn -0.5690 -0.0839 0.8180
vn -0.5697 -0.0616 0.8195
vn 0.5731 -0.5367 0.6193
vn 0.5886 -0.4844 0.6472
vn 0.6040 -0.4330 0.6691
vn 0.6179 -0.3798 0.6884
vn 0.6297 -0.3272 0.7045
vn 0.6389 -0.2786 0.7170
vn 0.6460 -0.2334 0.7268
vn 0.6515 -0.1898 0.7345
vn 0.6558 -0.1480 0.7403
vn 0.6586 -0.1128 0.7440
vn 0.6603 -0.0843 0.7462
vn 0.6613 -0.0618 0.7475
vn -0.6613 -0.0619 0.7475
vn -0.6603 -0.0843 0.7462
vn -0.6586 -0.1128 0.7440
vn -0.6558 -0.1480 0.7403
vn -0.6515 -0.1898 0.7345
vn -0.6460 -0.2334 0.7268
vn -0.6389 -0.2786 0.7170
vn -0.6297 -0.3272 0.7045
vn -0.6179 -0.3798 0.6884
vn -0.6040 -0.4330 0.6691
vn -0.5886 -0.4844 0.6472
vn -0.5731 -0.5367 0.6193
vn -0.5085 -0.5618 0.6525
vn -0.4435 -0.5851 0.6789
vn -0.3738 -0.6042 0.7037
vn -0.2985 -0.6204 0.7252
vn -0.2202 -0.6331 0.7421
vn -0.1375 -0.6422 0.7541
vn -0.0478 -0.6471 0.7609
vn 0.1375 -0.6422 0.7541
vn 0.2202 -0.6331 0.7421
vn 0.2985 -0.6204 0.7252
vn 0.3738 -0.6042 0.7037
vn 0.4435 -0.5851 0.6789
vn 0.5086 -0.5618 0.6525
vn -0.4770 -0.0662 -0.8764
vn 0.4763 -0.0854 -0.8751
vn 0.1239 -0.1592 -0.9794
vn -0.3732 -0.2625 -0.8898
vn -0.3803 -0.6059 -0.6987
vn -0.2377 -0.6018 -0.7625
vn -0.0334 -0.5985 -0.8005
vn 0.4751 -0.1121 0.8728
vn -0.3844 -0.1115 0.9164
vn 0.0416 -0.0606 0.9973
vn -0.1254 -0.0462 0.9910
vn -0.6536 -0.1632 -0.7390
vn -0.4763 -0.0854 0.8751
vn 0.2377 -0.6018 0.7625
vn 0.0334 -0.5985 0.8005
vn -0.0301 -0.6934 -0.7199
vn -0.4751 -0.1121 -0.8728
vn 0.3844 -0.1115 -0.9164
vn 0.0416 -0.0804 -0.9959
vn -0.0416 -0.0606 -0.9973
vn 0.1254 -0.0462 -0.9910
vn 0.6536 -0.1632 0.7390
vn -0.6272 -0.7000 -0.3414
vn -0.9931 -0.1100 0.0415
vn -0.9164 -0.1115 -0.3844
vn -0.9910 -0.0462 -0.1254
vn -0.7465 -0.0826 -0.6603
vn 0.7390 -0.1632 -0.6536
vn -0.8751 -0.0855 0.4763
vn -0.9794 -0.1592 -0.1239
vn -0.9650 -0.1595 -0.2079
vn -0.8898 -0.2625 0.3732
vn 0.7146 -0.6937 -0.0904
vn 0.9164 -0.1115 0.3844
vn 0.9959 -0.0804 0.0416
vn 0.9910 -0.0462 0.1254
vn 0.9537 -0.0465 0.2972
vn 0.7465 -0.0826 0.6603
vn -0.7390 -0.1632 0.6536
vt 0.647058 0.517234
vt 0.664902 0.531941
vt 0.652458 0.532739
vt 0.675146 0.515796
vt 0.660711 0.516017
vt 0.689926 0.515705
vt 0.678274 0.531565
vt 0.704910 0.515659
vt 0.692261 0.531399
vt 0.720045 0.515635
vt 0.706632 0.531313
vt 0.735301 0.515626
vt 0.721297 0.531269
vt 0.750648 0.515625
vt 0.736198 0.531252
vt 0.766059 0.515625
vt 0.751275 0.531250
vt 0.781523 0.515625
vt 0.766479 0.531250
vt 0.797033 0.515625
vt 0.781788 0.531250
vt 0.812581 0.515625
vt 0.797186 0.531250
vt 0.828159 0.515625
vt 0.812659 0.531250
vt 0.843760 0.515625
vt 0.828192 0.531250
vt 0.859376 0.515625
vt 0.843770 0.531250
vt 0.668583 0.547703
vt 0.657057 0.548480
vt 0.681121 0.547282
vt 0.694412 0.547073
vt 0.708230 0.546959
vt 0.722465 0.546900
vt 0.737035 0.546878
vt 0.751862 0.546875
vt 0.766872 0.546875
vt 0.782035 0.546875
vt 0.797330 0.546875
vt 0.812733 0.546875
vt 0.828223 0.546875
vt 0.859378 0.531250
vt 0.843779 0.546875
vt 0.671644 0.563321
vt 0.660721 0.563961
vt 0.683565 0.562935
vt 0.696289 0.562717
vt 0.709640 0.562592
vt 0.723504 0.562527
vt 0.737785 0.562503
vt 0.752387 0.562500
vt 0.767224 0.562500
vt 0.782257 0.562500
vt 0.797458 0.562500
vt 0.812798 0.562500
vt 0.828251 0.562500
vt 0.859379 0.546875
vt 0.843787 0.562500
vt 0.674024 0.578832
vt 0.663513 0.579314
vt 0.685504 0.578517
vt 0.697810 0.578323
vt 0.710804 0.578209
vt 0.724374 0.578150
vt 0.738418 0.578128
vt 0.752831 0.578125
vt 0.767522 0.578125
vt 0.782445 0.578125
vt 0.797566 0.578125
vt 0.812854 0.578125
vt 0.828274 0.578125
vt 0.859380 0.562500
vt 0.843794 0.578125
vt 0.675714 0.594265
vt 0.665471 0.594587
vt 0.686907 0.594043
vt 0.698934 0.593899
vt 0.711681 0.593813
vt 0.725039 0.593769
vt 0.738905 0.593752
vt 0.753174 0.593750
vt 0.767751 0.593750
vt 0.782589 0.593750
vt 0.797650 0.593750
vt 0.812897 0.593750
vt 0.828292 0.593750
vt 0.859381 0.578125
vt 0.843800 0.593750
vt 0.676722 0.609645
vt 0.666625 0.609807
vt 0.687759 0.609531
vt 0.699631 0.609455
vt 0.712234 0.609409
vt 0.725464 0.609385
vt 0.739218 0.609376
vt 0.753394 0.609375
vt 0.767899 0.609375
vt 0.782682 0.609375
vt 0.797704 0.609375
vt 0.812924 0.609375
vt 0.828304 0.609375
vt 0.859381 0.593750
vt 0.843803 0.609375
vt 0.677056 0.625000
vt 0.667002 0.625000
vt 0.688046 0.625000
vt 0.699870 0.625000
vt 0.712426 0.625000
vt 0.725613 0.625000
vt 0.739329 0.625000
vt 0.753472 0.625000
vt 0.767951 0.625000
vt 0.782715 0.625000
vt 0.797723 0.625000
vt 0.812934 0.625000
vt 0.828308 0.625000
vt 0.859382 0.609375
vt 0.843804 0.625000
vt 0.666625 0.640193
vt 0.687759 0.640469
vt 0.676722 0.640355
vt 0.699631 0.640545
vt 0.712234 0.640591
vt 0.725464 0.640615
vt 0.739218 0.640624
vt 0.753394 0.640625
vt 0.767899 0.640625
vt 0.782682 0.640625
vt 0.797704 0.640625
vt 0.812924 0.640625
vt 0.828304 0.640625
vt 0.843803 0.640625
vt 0.859382 0.640625
vt 0.665471 0.655413
vt 0.686907 0.655957
vt 0.675713 0.655735
vt 0.698934 0.656101
vt 0.711681 0.656187
vt 0.725039 0.656231
vt 0.738905 0.656248
vt 0.753174 0.656250
vt 0.767751 0.656250
vt 0.782589 0.656250
vt 0.797650 0.656250
vt 0.812897 0.656250
vt 0.828292 0.656250
vt 0.843800 0.656250
vt 0.859381 0.656250
vt 0.663513 0.670686
vt 0.685504 0.671483
vt 0.674024 0.671168
vt 0.697810 0.671677
vt 0.710804 0.671791
vt 0.724374 0.671850
vt 0.738418 0.671872
vt 0.752831 0.671875
vt 0.767522 0.671875
vt 0.782444 0.671875
vt 0.797566 0.671875
vt 0.812854 0.671875
vt 0.828274 0.671875
vt 0.843794 0.671875
vt 0.859381 0.671875
vt 0.660721 0.686039
vt 0.683565 0.687065
vt 0.671644 0.686679
vt 0.696289 0.687283
vt 0.709640 0.687408
vt 0.723504 0.687473
vt 0.737785 0.687497
vt 0.752387 0.687500
vt 0.767224 0.687500
vt 0.782257 0.687500
vt 0.797458 0.687500
vt 0.812798 0.687500
vt 0.828251 0.687500
vt 0.843787 0.687500
vt 0.859380 0.687500
vt 0.657057 0.701520
vt 0.681121 0.702718
vt 0.668583 0.702297
vt 0.694412 0.702927
vt 0.708230 0.703041
vt 0.722465 0.703100
vt 0.737035 0.703122
vt 0.751862 0.703125
vt 0.766872 0.703125
vt 0.782035 0.703125
vt 0.797330 0.703125
vt 0.812733 0.703125
vt 0.828223 0.703125
vt 0.843779 0.703125
vt 0.859379 0.703125
vt 0.652458 0.717261
vt 0.678274 0.718435
vt 0.664902 0.718059
vt 0.692261 0.718601
vt 0.706633 0.718687
vt 0.721297 0.718731
vt 0.736198 0.718748
vt 0.751275 0.718750
vt 0.766479 0.718750
vt 0.781788 0.718750
vt 0.797186 0.718750
vt 0.812659 0.718750
vt 0.828192 0.718750
vt 0.843770 0.718750
vt 0.859378 0.718750
vt 0.647058 0.732766
vt 0.675146 0.734204
vt 0.660711 0.733984
vt 0.689926 0.734295
vt 0.704910 0.734341
vt 0.720045 0.734365
vt 0.735301 0.734374
vt 0.750648 0.734375
vt 0.766059 0.734375
vt 0.781523 0.734375
vt 0.797033 0.734375
vt 0.812581 0.734375
vt 0.828159 0.734375
vt 0.843760 0.734375
vt 0.859376 0.734375
vt 0.625000 0.500000
vt 0.633752 0.517565
vt 0.640625 0.500000
vt 0.671875 0.500000
vt 0.656250 0.500000
vt 0.687500 0.500000
vt 0.703125 0.500000
vt 0.718750 0.500000
vt 0.734375 0.500000
vt 0.750000 0.500000
vt 0.765625 0.500000
vt 0.781250 0.500000
vt 0.796875 0.500000
vt 0.812500 0.500000
vt 0.828125 0.500000
vt 0.843750 0.500000
vt 0.859375 0.500000
vt 0.875000 0.500000
vt 0.875000 0.515625
vt 0.875000 0.531250
vt 0.875000 0.546875
vt 0.875000 0.562500
vt 0.875000 0.578125
vt 0.875000 0.593750
vt 0.875000 0.609375
vt 0.859382 0.625000
vt 0.875000 0.640625
vt 0.875000 0.656250
vt 0.875000 0.671875
vt 0.875000 0.687500
vt 0.875000 0.703125
vt 0.875000 0.718750
vt 0.875000 0.734375
vt 0.875000 0.750000
vt 0.859375 0.750000
vt 0.843750 0.750000
vt 0.828125 0.750000
vt 0.812500 0.750000
vt 0.796875 0.750000
vt 0.781250 0.750000
vt 0.765625 0.750000
vt 0.750000 0.750000
vt 0.734375 0.750000
vt 0.718750 0.750000
vt 0.703125 0.750000
vt 0.687500 0.750000
vt 0.671875 0.750000
vt 0.656250 0.750000
vt 0.640625 0.750000
vt 0.625000 0.750000
vt 0.633752 0.732435
vt 0.641466 0.715603
vt 0.646832 0.700214
vt 0.650987 0.685059
vt 0.654118 0.669991
vt 0.656298 0.654968
vt 0.657572 0.639976
vt 0.657986 0.625000
vt 0.657572 0.610023
vt 0.656298 0.595032
vt 0.654118 0.580009
vt 0.650987 0.564941
vt 0.646832 0.549786
vt 0.641466 0.534397
vt 0.392234 0.772058
vt 0.406941 0.789902
vt 0.391017 0.785711
vt 0.407739 0.777458
vt 0.422703 0.793583
vt 0.423480 0.782057
vt 0.438321 0.796645
vt 0.438961 0.785721
vt 0.453832 0.799024
vt 0.454314 0.788513
vt 0.469265 0.800713
vt 0.469587 0.790471
vt 0.484645 0.801722
vt 0.484807 0.791625
vt 0.500000 0.802056
vt 0.515193 0.791625
vt 0.500000 0.792002
vt 0.530413 0.790471
vt 0.515355 0.801722
vt 0.545686 0.788513
vt 0.530735 0.800713
vt 0.561039 0.785721
vt 0.546168 0.799024
vt 0.576520 0.782057
vt 0.561679 0.796644
vt 0.592261 0.777458
vt 0.577297 0.793583
vt 0.607766 0.772058
vt 0.593059 0.789902
vt 0.390796 0.800146
vt 0.406565 0.803274
vt 0.422282 0.806121
vt 0.437935 0.808565
vt 0.453517 0.810504
vt 0.469043 0.811907
vt 0.484531 0.812759
vt 0.515469 0.812759
vt 0.500000 0.813046
vt 0.530957 0.811907
vt 0.546483 0.810504
vt 0.562065 0.808565
vt 0.577718 0.806121
vt 0.593435 0.803274
vt 0.609204 0.800146
vt 0.390705 0.814926
vt 0.406399 0.817261
vt 0.422073 0.819412
vt 0.437717 0.821289
vt 0.453323 0.822810
vt 0.468899 0.823934
vt 0.484455 0.824631
vt 0.515545 0.824631
vt 0.500000 0.824870
vt 0.531101 0.823934
vt 0.546677 0.822810
vt 0.562283 0.821289
vt 0.577927 0.819412
vt 0.593601 0.817261
vt 0.609295 0.814926
vt 0.390659 0.829910
vt 0.406313 0.831632
vt 0.421959 0.833230
vt 0.437592 0.834640
vt 0.453209 0.835804
vt 0.468813 0.836680
vt 0.484409 0.837234
vt 0.515591 0.837234
vt 0.500000 0.837426
vt 0.531187 0.836681
vt 0.546791 0.835804
vt 0.562408 0.834640
vt 0.578041 0.833230
vt 0.593687 0.831632
vt 0.609341 0.829910
vt 0.390635 0.845045
vt 0.406269 0.846298
vt 0.421900 0.847465
vt 0.437527 0.848504
vt 0.453150 0.849374
vt 0.468769 0.850039
vt 0.484385 0.850464
vt 0.515615 0.850464
vt 0.500000 0.850613
vt 0.531231 0.850039
vt 0.546850 0.849374
vt 0.562473 0.848504
vt 0.578100 0.847465
vt 0.593731 0.846298
vt 0.609365 0.845045
vt 0.390626 0.860301
vt 0.406252 0.861198
vt 0.421878 0.862035
vt 0.437503 0.862785
vt 0.453128 0.863418
vt 0.468752 0.863905
vt 0.484376 0.864218
vt 0.515624 0.864218
vt 0.500000 0.864329
vt 0.531248 0.863905
vt 0.546872 0.863418
vt 0.562497 0.862785
vt 0.578122 0.862036
vt 0.593748 0.861198
vt 0.609374 0.860301
vt 0.390625 0.875648
vt 0.406250 0.876275
vt 0.421875 0.876862
vt 0.437500 0.877387
vt 0.453125 0.877831
vt 0.468750 0.878174
vt 0.484375 0.878394
vt 0.515625 0.878394
vt 0.500000 0.878472
vt 0.531250 0.878174
vt 0.546875 0.877831
vt 0.562500 0.877387
vt 0.578125 0.876862
vt 0.593750 0.876275
vt 0.609375 0.875648
vt 0.390625 0.891059
vt 0.406250 0.891479
vt 0.421875 0.891872
vt 0.437500 0.892224
vt 0.453125 0.892522
vt 0.468750 0.892751
vt 0.484375 0.892899
vt 0.515625 0.892899
vt 0.500000 0.892951
vt 0.531250 0.892751
vt 0.546875 0.892522
vt 0.562500 0.892224
vt 0.578125 0.891872
vt 0.593750 0.891479
vt 0.609375 0.891059
vt 0.390625 0.906523
vt 0.406250 0.906788
vt 0.421875 0.907035
vt 0.437500 0.907257
vt 0.453125 0.907445
vt 0.468750 0.907589
vt 0.484375 0.907682
vt 0.515625 0.907682
vt 0.500000 0.907715
vt 0.531250 0.907589
vt 0.546875 0.907445
vt 0.562500 0.907257
vt 0.578125 0.907035
vt 0.593750 0.906788
vt 0.609375 0.906523
vt 0.390625 0.922033
vt 0.406250 0.922186
vt 0.421875 0.922330
vt 0.437500 0.922458
vt 0.453125 0.922566
vt 0.468750 0.922650
vt 0.484375 0.922704
vt 0.515625 0.922704
vt 0.500000 0.922723
vt 0.531250 0.922650
vt 0.546875 0.922566
vt 0.562500 0.922458
vt 0.578125 0.922330
vt 0.593750 0.922186
vt 0.609375 0.922033
vt 0.390625 0.937581
vt 0.406250 0.937659
vt 0.421875 0.937733
vt 0.437500 0.937799
vt 0.453125 0.937854
vt 0.468750 0.937897
vt 0.484375 0.937924
vt 0.515625 0.937924
vt 0.500000 0.937934
vt 0.531250 0.937897
vt 0.546875 0.937854
vt 0.562500 0.937798
vt 0.578125 0.937733
vt 0.593750 0.937659
vt 0.609375 0.937581
vt 0.390625 0.953159
vt 0.406250 0.953192
vt 0.421875 0.953223
vt 0.437500 0.953251
vt 0.453125 0.953274
vt 0.468750 0.953292
vt 0.484375 0.953304
vt 0.515625 0.953304
vt 0.500000 0.953308
vt 0.531250 0.953292
vt 0.546875 0.953274
vt 0.562500 0.953251
vt 0.578125 0.953223
vt 0.593750 0.953192
vt 0.609375 0.953159
vt 0.390625 0.968760
vt 0.406250 0.968770
vt 0.421875 0.968779
vt 0.437500 0.968787
vt 0.453125 0.968794
vt 0.468750 0.968800
vt 0.484375 0.968803
vt 0.515625 0.968803
vt 0.500000 0.968804
vt 0.531250 0.968800
vt 0.546875 0.968794
vt 0.562500 0.968787
vt 0.578125 0.968779
vt 0.593750 0.968770
vt 0.609375 0.968760
vt 0.390625 0.984376
vt 0.406250 0.984378
vt 0.421875 0.984379
vt 0.437500 0.984380
vt 0.453125 0.984381
vt 0.468750 0.984381
vt 0.484375 0.984382
vt 0.515625 0.984382
vt 0.500000 0.984382
vt 0.531250 0.984381
vt 0.546875 0.984381
vt 0.562500 0.984380
vt 0.578125 0.984379
vt 0.593750 0.984378
vt 0.609375 0.984376
vt 0.375000 0.750000
vt 0.375000 0.765625
vt 0.392565 0.758752
vt 0.409397 0.766466
vt 0.424786 0.771832
vt 0.439941 0.775988
vt 0.455009 0.779118
vt 0.470032 0.781298
vt 0.485024 0.782572
vt 0.514977 0.782572
vt 0.500000 0.782986
vt 0.529968 0.781298
vt 0.544991 0.779118
vt 0.560059 0.775987
vt 0.575214 0.771832
vt 0.590603 0.766466
vt 0.607435 0.758752
vt 0.625000 0.765625
vt 0.608984 0.785711
vt 0.625000 0.796875
vt 0.625000 0.812500
vt 0.625000 0.828125
vt 0.625000 0.843750
vt 0.625000 0.859375
vt 0.625000 0.875000
vt 0.625000 0.890625
vt 0.625000 0.906250
vt 0.625000 0.921875
vt 0.625000 0.937500
vt 0.625000 0.953125
vt 0.625000 0.968750
vt 0.625000 0.984375
vt 0.625000 1.000000
vt 0.609375 1.000000
vt 0.593750 1.000000
vt 0.578125 1.000000
vt 0.562500 1.000000
vt 0.546875 1.000000
vt 0.531250 1.000000
vt 0.515625 1.000000
vt 0.500000 1.000000
vt 0.484375 1.000000
vt 0.468750 1.000000
vt 0.453125 1.000000
vt 0.437500 1.000000
vt 0.421875 1.000000
vt 0.406250 1.000000
vt 0.390625 1.000000
vt 0.375000 1.000000
vt 0.375000 0.984375
vt 0.375000 0.968750
vt 0.375000 0.953125
vt 0.375000 0.937500
vt 0.375000 0.921875
vt 0.375000 0.906250
vt 0.375000 0.890625
vt 0.375000 0.875000
vt 0.375000 0.859375
vt 0.375000 0.843750
vt 0.375000 0.828125
vt 0.375000 0.812500
vt 0.375000 0.796875
vt 0.375000 0.781250
vt 0.390625 0.015625
vt 0.406250 0.031250
vt 0.390625 0.031250
vt 0.406250 0.015625
vt 0.421875 0.031250
vt 0.421875 0.015625
vt 0.437500 0.031250
vt 0.437500 0.015625
vt 0.453125 0.031250
vt 0.453125 0.015625
vt 0.468750 0.031250
vt 0.468750 0.015625
vt 0.484375 0.031250
vt 0.484375 0.015625
vt 0.500000 0.031250
vt 0.515625 0.015625
vt 0.500000 0.015625
vt 0.531250 0.015625
vt 0.515625 0.031250
vt 0.546875 0.015625
vt 0.531250 0.031250
vt 0.562500 0.015625
vt 0.546875 0.031250
vt 0.578125 0.015625
vt 0.562500 0.031250
vt 0.593750 0.015625
vt 0.578125 0.031250
vt 0.609375 0.015625
vt 0.593750 0.031250
vt 0.406250 0.046875
vt 0.390625 0.046875
vt 0.421875 0.046875
vt 0.437500 0.046875
vt 0.453125 0.046875
vt 0.468750 0.046875
vt 0.484375 0.046875
vt 0.500000 0.046875
vt 0.515625 0.046875
vt 0.531250 0.046875
vt 0.546875 0.046875
vt 0.562500 0.046875
vt 0.578125 0.046875
vt 0.609375 0.031250
vt 0.593750 0.046875
vt 0.406250 0.062500
vt 0.390625 0.062500
vt 0.421875 0.062500
vt 0.437500 0.062500
vt 0.453125 0.062500
vt 0.468750 0.062500
vt 0.484375 0.062500
vt 0.500000 0.062500
vt 0.515625 0.062500
vt 0.531250 0.062500
vt 0.546875 0.062500
vt 0.562500 0.062500
vt 0.578125 0.062500
vt 0.609375 0.046875
vt 0.593750 0.062500
vt 0.406250 0.078125
vt 0.390625 0.078125
vt 0.421875 0.078125
vt 0.437500 0.078125
vt 0.453125 0.078125
vt 0.468750 0.078125
vt 0.484375 0.078125
vt 0.500000 0.078125
vt 0.515625 0.078125
vt 0.531250 0.078125
vt 0.546875 0.078125
vt 0.562500 0.078125
vt 0.578125 0.078125
vt 0.609375 0.062500
vt 0.593750 0.078125
vt 0.406250 0.093750
vt 0.390625 0.093750
vt 0.421875 0.093750
vt 0.437500 0.093750
vt 0.453125 0.093750
vt 0.468750 0.093750
vt 0.484375 0.093750
vt 0.500000 0.093750
vt 0.515625 0.093750
vt 0.531250 0.093750
vt 0.546875 0.093750
vt 0.562500 0.093750
vt 0.578125 0.093750
vt 0.609375 0.078125
vt 0.593750 0.093750
vt 0.406250 0.109375
vt 0.390625 0.109375
vt 0.421875 0.109375
vt 0.437500 0.109375
vt 0.453125 0.109375
vt 0.468750 0.109375
vt 0.484375 0.109375
vt 0.500000 0.109375
vt 0.515625 0.109375
vt 0.531250 0.109375
vt 0.546875 0.109375
vt 0.562500 0.109375
vt 0.578125 0.109375
vt 0.609375 0.093750
vt 0.593750 0.109375
vt 0.406250 0.125000
vt 0.390625 0.125000
vt 0.421875 0.125000
vt 0.437500 0.125000
vt 0.453125 0.125000
vt 0.468750 0.125000
vt 0.484375 0.125000
vt 0.500000 0.125000
vt 0.515625 0.125000
vt 0.531250 0.125000
vt 0.546875 0.125000
vt 0.562500 0.125000
vt 0.578125 0.125000
vt 0.609375 0.109375
vt 0.593750 0.125000
vt 0.390625 0.140625
vt 0.406250 0.140625
vt 0.421875 0.140625
vt 0.437500 0.140625
vt 0.453125 0.140625
vt 0.468750 0.140625
vt 0.484375 0.140625
vt 0.515625 0.140625
vt 0.500000 0.140625
vt 0.531250 0.140625
vt 0.546875 0.140625
vt 0.562500 0.140625
vt 0.578125 0.140625
vt 0.593750 0.140625
vt 0.609375 0.140625
vt 0.390625 0.156250
vt 0.406250 0.156250
vt 0.421875 0.156250
vt 0.437500 0.156250
vt 0.453125 0.156250
vt 0.468750 0.156250
vt 0.484375 0.156250
vt 0.515625 0.156250
vt 0.500000 0.156250
vt 0.531250 0.156250
vt 0.546875 0.156250
vt 0.562500 0.156250
vt 0.578125 0.156250
vt 0.593750 0.156250
vt 0.609375 0.156250
vt 0.390625 0.171875
vt 0.406250 0.171875
vt 0.421875 0.171875
vt 0.437500 0.171875
vt 0.453125 0.171875
vt 0.468750 0.171875
vt 0.484375 0.171875
vt 0.515625 0.171875
vt 0.500000 0.171875
vt 0.531250 0.171875
vt 0.546875 0.171875
vt 0.562500 0.171875
vt 0.578125 0.171875
vt 0.593750 0.171875
vt 0.609375 0.171875
vt 0.390625 0.187500
vt 0.406250 0.187500
vt 0.421875 0.187500
vt 0.437500 0.187500
vt 0.453125 0.187500
vt 0.468750 0.187500
vt 0.484375 0.187500
vt 0.515625 0.187500
vt 0.500000 0.187500
vt 0.531250 0.187500
vt 0.546875 0.187500
vt 0.562500 0.187500
vt 0.578125 0.187500
vt 0.593750 0.187500
vt 0.609375 0.187500
vt 0.390625 0.203125
vt 0.406250 0.203125
vt 0.421875 0.203125
vt 0.437500 0.203125
vt 0.453125 0.203125
vt 0.468750 0.203125
vt 0.484375 0.203125
vt 0.515625 0.203125
vt 0.500000 0.203125
vt 0.531250 0.203125
vt 0.546875 0.203125
vt 0.562500 0.203125
vt 0.578125 0.203125
vt 0.593750 0.203125
vt 0.609375 0.203125
vt 0.390625 0.218750
vt 0.406250 0.218750
vt 0.421875 0.218750
vt 0.437500 0.218750
vt 0.453125 0.218750
vt 0.468750 0.218750
vt 0.484375 0.218750
vt 0.515625 0.218750
vt 0.500000 0.218750
vt 0.531250 0.218750
vt 0.546875 0.218750
vt 0.562500 0.218750
vt 0.578125 0.218750
vt 0.593750 0.218750
vt 0.609375 0.218750
vt 0.390625 0.234375
vt 0.406250 0.234375
vt 0.421875 0.234375
vt 0.437500 0.234375
vt 0.453125 0.234375
vt 0.468750 0.234375
vt 0.484375 0.234375
vt 0.515625 0.234375
vt 0.500000 0.234375
vt 0.531250 0.234375
vt 0.546875 0.234375
vt 0.562500 0.234375
vt 0.578125 0.234375
vt 0.593750 0.234375
vt 0.609375 0.234375
vt 0.375000 0.000000
vt 0.375000 0.015625
vt 0.390625 0.000000
vt 0.406250 0.000000
vt 0.421875 0.000000
vt 0.437500 0.000000
vt 0.453125 0.000000
vt 0.468750 0.000000
vt 0.484375 0.000000
vt 0.515625 0.000000
vt 0.500000 0.000000
vt 0.531250 0.000000
vt 0.546875 0.000000
vt 0.562500 0.000000
vt 0.578125 0.000000
vt 0.593750 0.000000
vt 0.609375 0.000000
vt 0.625000 0.000000
vt 0.625000 0.015625
vt 0.625000 0.031250
vt 0.625000 0.046875
vt 0.625000 0.062500
vt 0.625000 0.078125
vt 0.625000 0.093750
vt 0.625000 0.109375
vt 0.609375 0.125000
vt 0.625000 0.140625
vt 0.625000 0.156250
vt 0.625000 0.171875
vt 0.625000 0.187500
vt 0.625000 0.203125
vt 0.625000 0.218750
vt 0.625000 0.234375
vt 0.625000 0.250000
vt 0.609375 0.250000
vt 0.593750 0.250000
vt 0.578125 0.250000
vt 0.562500 0.250000
vt 0.546875 0.250000
vt 0.531250 0.250000
vt 0.515625 0.250000
vt 0.500000 0.250000
vt 0.484375 0.250000
vt 0.468750 0.250000
vt 0.453125 0.250000
vt 0.437500 0.250000
vt 0.421875 0.250000
vt 0.406250 0.250000
vt 0.390625 0.250000
vt 0.375000 0.250000
vt 0.375000 0.234375
vt 0.375000 0.218750
vt 0.375000 0.203125
vt 0.375000 0.187500
vt 0.375000 0.171875
vt 0.375000 0.156250
vt 0.375000 0.140625
vt 0.375000 0.125000
vt 0.375000 0.109375
vt 0.375000 0.093750
vt 0.375000 0.078125
vt 0.375000 0.062500
vt 0.375000 0.046875
vt 0.375000 0.031250
vt 0.140624 0.515625
vt 0.156230 0.531250
vt 0.140623 0.531250
vt 0.156240 0.515625
vt 0.171808 0.531250
vt 0.171841 0.515625
vt 0.187341 0.531250
vt 0.187419 0.515625
vt 0.202814 0.531250
vt 0.202967 0.515625
vt 0.218212 0.531250
vt 0.218477 0.515625
vt 0.233521 0.531250
vt 0.233941 0.515625
vt 0.248725 0.531250
vt 0.249352 0.515625
vt 0.263803 0.531252
vt 0.264699 0.515626
vt 0.278703 0.531269
vt 0.279955 0.515635
vt 0.293368 0.531313
vt 0.295090 0.515659
vt 0.307739 0.531399
vt 0.310074 0.515705
vt 0.321726 0.531565
vt 0.324854 0.515796
vt 0.335098 0.531941
vt 0.352942 0.517234
vt 0.339289 0.516017
vt 0.156221 0.546875
vt 0.140621 0.546875
vt 0.171777 0.546875
vt 0.187267 0.546875
vt 0.202671 0.546875
vt 0.217965 0.546875
vt 0.233128 0.546875
vt 0.248138 0.546875
vt 0.262965 0.546878
vt 0.277535 0.546900
vt 0.291770 0.546959
vt 0.305588 0.547073
vt 0.318879 0.547282
vt 0.331417 0.547703
vt 0.347542 0.532739
vt 0.156213 0.562500
vt 0.140620 0.562500
vt 0.171749 0.562500
vt 0.187202 0.562500
vt 0.202542 0.562500
vt 0.217743 0.562500
vt 0.232776 0.562500
vt 0.247613 0.562500
vt 0.262215 0.562503
vt 0.276496 0.562527
vt 0.290360 0.562592
vt 0.303711 0.562717
vt 0.316435 0.562935
vt 0.328356 0.563321
vt 0.342943 0.548480
vt 0.156206 0.578125
vt 0.140619 0.578125
vt 0.171726 0.578125
vt 0.187146 0.578125
vt 0.202434 0.578125
vt 0.217556 0.578125
vt 0.232478 0.578125
vt 0.247169 0.578125
vt 0.261582 0.578128
vt 0.275626 0.578150
vt 0.289196 0.578209
vt 0.302190 0.578323
vt 0.314496 0.578517
vt 0.325976 0.578832
vt 0.339279 0.563961
vt 0.156200 0.593750
vt 0.140619 0.593750
vt 0.171708 0.593750
vt 0.187103 0.593750
vt 0.202350 0.593750
vt 0.217411 0.593750
vt 0.232249 0.593750
vt 0.246826 0.593750
vt 0.261095 0.593752
vt 0.274961 0.593769
vt 0.288320 0.593813
vt 0.301066 0.593899
vt 0.313093 0.594043
vt 0.324287 0.594265
vt 0.336487 0.579314
vt 0.156197 0.609375
vt 0.140618 0.609375
vt 0.171696 0.609375
vt 0.187076 0.609375
vt 0.202296 0.609375
vt 0.217318 0.609375
vt 0.232101 0.609375
vt 0.246606 0.609375
vt 0.260782 0.609376
vt 0.274536 0.609385
vt 0.287766 0.609409
vt 0.300369 0.609455
vt 0.312241 0.609531
vt 0.323278 0.609645
vt 0.334529 0.594587
vt 0.156196 0.625000
vt 0.140618 0.625000
vt 0.171692 0.625000
vt 0.187066 0.625000
vt 0.202277 0.625000
vt 0.217285 0.625000
vt 0.232049 0.625000
vt 0.246528 0.625000
vt 0.260671 0.625000
vt 0.274387 0.625000
vt 0.287574 0.625000
vt 0.300130 0.625000
vt 0.311954 0.625000
vt 0.322944 0.625000
vt 0.333375 0.609807
vt 0.140618 0.640625
vt 0.156197 0.640625
vt 0.171696 0.640625
vt 0.187076 0.640625
vt 0.202296 0.640625
vt 0.217318 0.640625
vt 0.232101 0.640625
vt 0.246606 0.640625
vt 0.260782 0.640624
vt 0.274536 0.640615
vt 0.287766 0.640591
vt 0.300369 0.640545
vt 0.312241 0.640469
vt 0.333375 0.640193
vt 0.323278 0.640355
vt 0.140619 0.656250
vt 0.156200 0.656250
vt 0.171708 0.656250
vt 0.187103 0.656250
vt 0.202350 0.656250
vt 0.217411 0.656250
vt 0.232249 0.656250
vt 0.246826 0.656250
vt 0.261095 0.656248
vt 0.274961 0.656231
vt 0.288320 0.656187
vt 0.301066 0.656101
vt 0.313093 0.655957
vt 0.334529 0.655413
vt 0.324287 0.655735
vt 0.140619 0.671875
vt 0.156206 0.671875
vt 0.171726 0.671875
vt 0.187146 0.671875
vt 0.202434 0.671875
vt 0.217556 0.671875
vt 0.232478 0.671875
vt 0.247169 0.671875
vt 0.261582 0.671872
vt 0.275626 0.671850
vt 0.289196 0.671791
vt 0.302190 0.671677
vt 0.314496 0.671483
vt 0.336487 0.670686
vt 0.325977 0.671168
vt 0.140620 0.687500
vt 0.156213 0.687500
vt 0.171749 0.687500
vt 0.187202 0.687500
vt 0.202542 0.687500
vt 0.217743 0.687500
vt 0.232776 0.687500
vt 0.247613 0.687500
vt 0.262215 0.687497
vt 0.276496 0.687473
vt 0.290360 0.687408
vt 0.303711 0.687283
vt 0.316435 0.687065
vt 0.339279 0.686039
vt 0.328356 0.686679
vt 0.140621 0.703125
vt 0.156221 0.703125
vt 0.171777 0.703125
vt 0.187267 0.703125
vt 0.202671 0.703125
vt 0.217965 0.703125
vt 0.233128 0.703125
vt 0.248138 0.703125
vt 0.262965 0.703122
vt 0.277535 0.703100
vt 0.291770 0.703041
vt 0.305588 0.702927
vt 0.318879 0.702718
vt 0.342943 0.701520
vt 0.331417 0.702297
vt 0.140623 0.718750
vt 0.156230 0.718750
vt 0.171808 0.718750
vt 0.187341 0.718750
vt 0.202814 0.718750
vt 0.218212 0.718750
vt 0.233521 0.718750
vt 0.248725 0.718750
vt 0.263803 0.718748
vt 0.278703 0.718731
vt 0.293368 0.718687
vt 0.307739 0.718601
vt 0.321726 0.718435
vt 0.347542 0.717261
vt 0.335098 0.718059
vt 0.140624 0.734375
vt 0.156240 0.734375
vt 0.171841 0.734375
vt 0.187419 0.734375
vt 0.202967 0.734375
vt 0.218477 0.734375
vt 0.233941 0.734375
vt 0.249352 0.734375
vt 0.264699 0.734374
vt 0.279955 0.734365
vt 0.295090 0.734341
vt 0.310074 0.734295
vt 0.324854 0.734204
vt 0.352942 0.732766
vt 0.339289 0.733984
vt 0.125000 0.500000
vt 0.125000 0.515625
vt 0.140625 0.500000
vt 0.156250 0.500000
vt 0.171875 0.500000
vt 0.187500 0.500000
vt 0.203125 0.500000
vt 0.218750 0.500000
vt 0.234375 0.500000
vt 0.250000 0.500000
vt 0.265625 0.500000
vt 0.281250 0.500000
vt 0.296875 0.500000
vt 0.312500 0.500000
vt 0.328125 0.500000
vt 0.359375 0.500000
vt 0.343750 0.500000
vt 0.375000 0.500000
vt 0.366248 0.517565
vt 0.358534 0.534397
vt 0.353168 0.549786
vt 0.349013 0.564941
vt 0.345882 0.580009
vt 0.343703 0.595032
vt 0.342428 0.610023
vt 0.332998 0.625000
vt 0.342428 0.639976
vt 0.343703 0.654968
vt 0.345882 0.669991
vt 0.349013 0.685059
vt 0.353168 0.700214
vt 0.358534 0.715603
vt 0.366248 0.732435
vt 0.359375 0.750000
vt 0.343750 0.750000
vt 0.328125 0.750000
vt 0.312500 0.750000
vt 0.296875 0.750000
vt 0.281250 0.750000
vt 0.265625 0.750000
vt 0.250000 0.750000
vt 0.234375 0.750000
vt 0.218750 0.750000
vt 0.203125 0.750000
vt 0.187500 0.750000
vt 0.171875 0.750000
vt 0.156250 0.750000
vt 0.140625 0.750000
vt 0.125000 0.750000
vt 0.125000 0.734375
vt 0.125000 0.718750
vt 0.125000 0.703125
vt 0.125000 0.687500
vt 0.125000 0.671875
vt 0.125000 0.656250
vt 0.125000 0.640625
vt 0.125000 0.625000
vt 0.125000 0.609375
vt 0.125000 0.593750
vt 0.125000 0.578125
vt 0.125000 0.562500
vt 0.125000 0.546875
vt 0.125000 0.531250
vt 0.390625 0.265624
vt 0.406250 0.281230
vt 0.390625 0.281240
vt 0.406250 0.265623
vt 0.421875 0.281221
vt 0.421875 0.265621
vt 0.437500 0.281213
vt 0.437500 0.265620
vt 0.453125 0.281206
vt 0.453125 0.265620
vt 0.468750 0.281200
vt 0.468750 0.265619
vt 0.484375 0.281197
vt 0.484375 0.265618
vt 0.500000 0.281196
vt 0.515625 0.265618
vt 0.500000 0.265618
vt 0.531250 0.265619
vt 0.515625 0.281197
vt 0.546875 0.265620
vt 0.531250 0.281200
vt 0.562500 0.265620
vt 0.546875 0.281206
vt 0.578125 0.265621
vt 0.562500 0.281213
vt 0.593750 0.265622
vt 0.578125 0.281221
vt 0.609375 0.265624
vt 0.593750 0.281230
vt 0.406250 0.296808
vt 0.390625 0.296841
vt 0.421875 0.296777
vt 0.437500 0.296749
vt 0.453125 0.296726
vt 0.468750 0.296708
vt 0.484375 0.296696
vt 0.500000 0.296692
vt 0.515625 0.296696
vt 0.531250 0.296708
vt 0.546875 0.296726
vt 0.562500 0.296749
vt 0.578125 0.296777
vt 0.609375 0.281240
vt 0.593750 0.296808
vt 0.406250 0.312341
vt 0.390625 0.312419
vt 0.421875 0.312267
vt 0.437500 0.312202
vt 0.453125 0.312146
vt 0.468750 0.312103
vt 0.484375 0.312076
vt 0.500000 0.312066
vt 0.515625 0.312076
vt 0.531250 0.312103
vt 0.546875 0.312146
vt 0.562500 0.312202
vt 0.578125 0.312267
vt 0.609375 0.296841
vt 0.593750 0.312341
vt 0.406250 0.327814
vt 0.390625 0.327967
vt 0.421875 0.327671
vt 0.437500 0.327542
vt 0.453125 0.327434
vt 0.468750 0.327350
vt 0.484375 0.327296
vt 0.500000 0.327277
vt 0.515625 0.327296
vt 0.531250 0.327350
vt 0.546875 0.327434
vt 0.562500 0.327542
vt 0.578125 0.327671
vt 0.609375 0.312419
vt 0.593750 0.327814
vt 0.406250 0.343212
vt 0.390625 0.343477
vt 0.421875 0.342965
vt 0.437500 0.342743
vt 0.453125 0.342556
vt 0.468750 0.342411
vt 0.484375 0.342318
vt 0.500000 0.342285
vt 0.515625 0.342318
vt 0.531250 0.342411
vt 0.546875 0.342556
vt 0.562500 0.342743
vt 0.578125 0.342965
vt 0.609375 0.327967
vt 0.593750 0.343212
vt 0.406250 0.358521
vt 0.390625 0.358941
vt 0.421875 0.358128
vt 0.437500 0.357776
vt 0.453125 0.357478
vt 0.468750 0.357249
vt 0.484375 0.357101
vt 0.500000 0.357049
vt 0.515625 0.357101
vt 0.531250 0.357249
vt 0.546875 0.357478
vt 0.562500 0.357776
vt 0.578125 0.358128
vt 0.609375 0.343477
vt 0.593750 0.358521
vt 0.406250 0.373725
vt 0.390625 0.374352
vt 0.421875 0.373138
vt 0.437500 0.372613
vt 0.453125 0.372169
vt 0.468750 0.371826
vt 0.484375 0.371606
vt 0.500000 0.371528
vt 0.515625 0.371606
vt 0.531250 0.371826
vt 0.546875 0.372169
vt 0.562500 0.372613
vt 0.578125 0.373138
vt 0.609375 0.358941
vt 0.593750 0.373725
vt 0.406252 0.388803
vt 0.390626 0.389699
vt 0.421878 0.387965
vt 0.437503 0.387215
vt 0.453128 0.386582
vt 0.468752 0.386095
vt 0.484376 0.385782
vt 0.500000 0.385671
vt 0.515624 0.385782
vt 0.531248 0.386095
vt 0.546872 0.386582
vt 0.562497 0.387215
vt 0.578122 0.387965
vt 0.609375 0.374352
vt 0.593748 0.388803
vt 0.406269 0.403703
vt 0.390635 0.404955
vt 0.421900 0.402535
vt 0.437527 0.401496
vt 0.453150 0.400626
vt 0.468769 0.399961
vt 0.484385 0.399536
vt 0.500000 0.399387
vt 0.515615 0.399536
vt 0.531231 0.399961
vt 0.546850 0.400626
vt 0.562473 0.401496
vt 0.578100 0.402535
vt 0.609374 0.389699
vt 0.593731 0.403703
vt 0.406313 0.418368
vt 0.390659 0.420090
vt 0.421959 0.416770
vt 0.437592 0.415360
vt 0.453209 0.414197
vt 0.468813 0.413320
vt 0.484409 0.412767
vt 0.500000 0.412574
vt 0.515591 0.412767
vt 0.531187 0.413320
vt 0.546791 0.414196
vt 0.562409 0.415360
vt 0.578041 0.416770
vt 0.609365 0.404955
vt 0.593687 0.418368
vt 0.406399 0.432739
vt 0.390705 0.435074
vt 0.422073 0.430588
vt 0.437717 0.428711
vt 0.453323 0.427190
vt 0.468899 0.426066
vt 0.484455 0.425369
vt 0.500000 0.425130
vt 0.515545 0.425369
vt 0.531101 0.426066
vt 0.546677 0.427190
vt 0.562283 0.428711
vt 0.577927 0.430588
vt 0.609341 0.420090
vt 0.593601 0.432739
vt 0.406565 0.446726
vt 0.390796 0.449854
vt 0.422282 0.443879
vt 0.437935 0.441435
vt 0.453517 0.439496
vt 0.469043 0.438093
vt 0.484531 0.437241
vt 0.500000 0.436954
vt 0.515469 0.437241
vt 0.530957 0.438093
vt 0.546483 0.439496
vt 0.562065 0.441435
vt 0.577718 0.443879
vt 0.609295 0.435074
vt 0.593435 0.446726
vt 0.406941 0.460098
vt 0.391017 0.464289
vt 0.422703 0.456417
vt 0.438321 0.453356
vt 0.453832 0.450976
vt 0.469265 0.449287
vt 0.484645 0.448278
vt 0.500000 0.447944
vt 0.515355 0.448278
vt 0.530736 0.449287
vt 0.546168 0.450976
vt 0.561679 0.453356
vt 0.577297 0.456417
vt 0.609204 0.449854
vt 0.593059 0.460098
vt 0.392234 0.477942
vt 0.407739 0.472542
vt 0.423480 0.467943
vt 0.438961 0.464279
vt 0.454314 0.461487
vt 0.469587 0.459529
vt 0.484807 0.458376
vt 0.515193 0.458375
vt 0.500000 0.457998
vt 0.530413 0.459529
vt 0.545686 0.461487
vt 0.561039 0.464279
vt 0.576520 0.467943
vt 0.592261 0.472542
vt 0.607766 0.477942
vt 0.375000 0.265625
vt 0.625000 0.265625
vt 0.625000 0.281250
vt 0.625000 0.296875
vt 0.625000 0.312500
vt 0.625000 0.328125
vt 0.625000 0.343750
vt 0.625000 0.359375
vt 0.625000 0.375000
vt 0.625000 0.390625
vt 0.625000 0.406250
vt 0.625000 0.421875
vt 0.625000 0.437500
vt 0.625000 0.453125
vt 0.608983 0.464289
vt 0.625000 0.484375
vt 0.607435 0.491248
vt 0.590603 0.483534
vt 0.575214 0.478168
vt 0.560059 0.474013
vt 0.544991 0.470882
vt 0.529968 0.468703
vt 0.514977 0.467428
vt 0.500000 0.467014
vt 0.485023 0.467428
vt 0.470032 0.468703
vt 0.455009 0.470882
vt 0.439941 0.474013
vt 0.424786 0.478168
vt 0.409397 0.483534
vt 0.392565 0.491248
vt 0.375000 0.484375
vt 0.375000 0.468750
vt 0.375000 0.453125
vt 0.375000 0.437500
vt 0.375000 0.421875
vt 0.375000 0.406250
vt 0.375000 0.390625
vt 0.375000 0.375000
vt 0.375000 0.359375
vt 0.375000 0.343750
vt 0.375000 0.328125
vt 0.375000 0.312500
vt 0.375000 0.296875
vt 0.375000 0.281250
vt 0.640625 0.531250
vt 0.656250 0.515625
vt 0.640625 0.515625
vt 0.640625 0.546875
vt 0.656250 0.531250
vt 0.640625 0.562500
vt 0.656250 0.546875
vt 0.640625 0.578125
vt 0.656250 0.562500
vt 0.640625 0.593750
vt 0.656250 0.578125
vt 0.640625 0.609375
vt 0.656250 0.593750
vt 0.640625 0.625000
vt 0.656250 0.609375
vt 0.656250 0.640625
vt 0.656250 0.625000
vt 0.640625 0.640625
vt 0.656250 0.656250
vt 0.640625 0.656250
vt 0.656250 0.671875
vt 0.640625 0.671875
vt 0.656250 0.687500
vt 0.640625 0.687500
vt 0.656250 0.703125
vt 0.640625 0.703125
vt 0.656250 0.718750
vt 0.640625 0.718750
vt 0.656250 0.734375
vt 0.671875 0.515625
vt 0.671875 0.531250
vt 0.671875 0.546875
vt 0.671875 0.562500
vt 0.671875 0.578125
vt 0.671875 0.593750
vt 0.671875 0.609375
vt 0.671875 0.640625
vt 0.671875 0.625000
vt 0.671875 0.656250
vt 0.671875 0.671875
vt 0.671875 0.687500
vt 0.671875 0.703125
vt 0.671875 0.718750
vt 0.671875 0.734375
vt 0.687500 0.515625
vt 0.687500 0.531250
vt 0.687500 0.546875
vt 0.687500 0.562500
vt 0.687500 0.578125
vt 0.687500 0.593750
vt 0.687500 0.609375
vt 0.687500 0.640625
vt 0.687500 0.625000
vt 0.687500 0.656250
vt 0.687500 0.671875
vt 0.687500 0.687500
vt 0.687500 0.703125
vt 0.687500 0.718750
vt 0.687500 0.734375
vt 0.703125 0.515625
vt 0.703125 0.531250
vt 0.703125 0.546875
vt 0.703125 0.562500
vt 0.703125 0.578125
vt 0.703125 0.593750
vt 0.703125 0.609375
vt 0.703125 0.640625
vt 0.703125 0.625000
vt 0.703125 0.656250
vt 0.703125 0.671875
vt 0.703125 0.687500
vt 0.703125 0.703125
vt 0.703125 0.718750
vt 0.703125 0.734375
vt 0.718750 0.515625
vt 0.718750 0.531250
vt 0.718750 0.546875
vt 0.718750 0.562500
vt 0.718750 0.578125
vt 0.718750 0.593750
vt 0.718750 0.609375
vt 0.718750 0.640625
vt 0.718750 0.625000
vt 0.718750 0.656250
vt 0.718750 0.671875
vt 0.718750 0.687500
vt 0.718750 0.703125
vt 0.718750 0.718750
vt 0.718750 0.734375
vt 0.734375 0.515625
vt 0.734375 0.531250
vt 0.734375 0.546875
vt 0.734375 0.562500
vt 0.734375 0.578125
vt 0.734375 0.593750
vt 0.734375 0.609375
vt 0.734375 0.640625
vt 0.734375 0.625000
vt 0.734375 0.656250
vt 0.734375 0.671875
vt 0.734375 0.687500
vt 0.734375 0.703125
vt 0.734375 0.718750
vt 0.734375 0.734375
vt 0.750000 0.515625
vt 0.750000 0.531250
vt 0.750000 0.546875
vt 0.750000 0.562500
vt 0.750000 0.578125
vt 0.750000 0.593750
vt 0.750000 0.609375
vt 0.750000 0.640625
vt 0.750000 0.625000
vt 0.750000 0.656250
vt 0.750000 0.671875
vt 0.750000 0.687500
vt 0.750000 0.703125
vt 0.750000 0.718750
vt 0.750000 0.734375
vt 0.765625 0.515625
vt 0.765625 0.531250
vt 0.765625 0.546875
vt 0.765625 0.562500
vt 0.765625 0.578125
vt 0.765625 0.593750
vt 0.765625 0.609375
vt 0.765625 0.640625
vt 0.765625 0.625000
vt 0.765625 0.656250
vt 0.765625 0.671875
vt 0.765625 0.687500
vt 0.765625 0.703125
vt 0.765625 0.718750
vt 0.765625 0.734375
vt 0.781250 0.515625
vt 0.781250 0.531250
vt 0.781250 0.546875
vt 0.781250 0.562500
vt 0.781250 0.578125
vt 0.781250 0.593750
vt 0.781250 0.609375
vt 0.781250 0.640625
vt 0.781250 0.625000
vt 0.781250 0.656250
vt 0.781250 0.671875
vt 0.781250 0.687500
vt 0.781250 0.703125
vt 0.781250 0.718750
vt 0.781250 0.734375
vt 0.796875 0.515625
vt 0.796875 0.531250
vt 0.796875 0.546875
vt 0.796875 0.562500
vt 0.796875 0.578125
vt 0.796875 0.593750
vt 0.796875 0.609375
vt 0.796875 0.640625
vt 0.796875 0.625000
vt 0.796875 0.656250
vt 0.796875 0.671875
vt 0.796875 0.687500
vt 0.796875 0.703125
vt 0.796875 0.718750
vt 0.796875 0.734375
vt 0.812500 0.515625
vt 0.812500 0.531250
vt 0.812500 0.546875
vt 0.812500 0.562500
vt 0.812500 0.578125
vt 0.812500 0.593750
vt 0.812500 0.609375
vt 0.812500 0.640625
vt 0.812500 0.625000
vt 0.812500 0.656250
vt 0.812500 0.671875
vt 0.812500 0.687500
vt 0.812500 0.703125
vt 0.812500 0.718750
vt 0.812500 0.734375
vt 0.828125 0.515625
vt 0.828125 0.531250
vt 0.828125 0.546875
vt 0.828125 0.562500
vt 0.828125 0.578125
vt 0.828125 0.593750
vt 0.828125 0.609375
vt 0.828125 0.640625
vt 0.828125 0.625000
vt 0.828125 0.656250
vt 0.828125 0.671875
vt 0.828125 0.687500
vt 0.828125 0.703125
vt 0.828125 0.718750
vt 0.828125 0.734375
vt 0.843750 0.515625
vt 0.843750 0.531250
vt 0.843750 0.546875
vt 0.843750 0.562500
vt 0.843750 0.578125
vt 0.843750 0.593750
vt 0.843750 0.609375
vt 0.843750 0.640625
vt 0.843750 0.625000
vt 0.843750 0.656250
vt 0.843750 0.671875
vt 0.843750 0.687500
vt 0.843750 0.703125
vt 0.843750 0.718750
vt 0.843750 0.734375
vt 0.859375 0.515625
vt 0.859375 0.531250
vt 0.859375 0.546875
vt 0.859375 0.562500
vt 0.859375 0.578125
vt 0.859375 0.593750
vt 0.859375 0.609375
vt 0.859375 0.640625
vt 0.859375 0.625000
vt 0.859375 0.656250
vt 0.859375 0.671875
vt 0.859375 0.687500
vt 0.859375 0.703125
vt 0.859375 0.718750
vt 0.859375 0.734375
vt 0.625000 0.515625
vt 0.625000 0.531250
vt 0.625000 0.546875
vt 0.625000 0.562500
vt 0.625000 0.578125
vt 0.625000 0.593750
vt 0.625000 0.609375
vt 0.625000 0.625000
vt 0.625000 0.640625
vt 0.625000 0.656250
vt 0.625000 0.671875
vt 0.625000 0.687500
vt 0.625000 0.703125
vt 0.625000 0.718750
vt 0.640625 0.734375
vt 0.625000 0.734375
vt 0.875000 0.625000
vt 0.390625 0.781250
vt 0.406250 0.765625
vt 0.390625 0.765625
vt 0.390625 0.796875
vt 0.406250 0.781250
vt 0.390625 0.812500
vt 0.406250 0.796875
vt 0.390625 0.828125
vt 0.406250 0.812500
vt 0.390625 0.843750
vt 0.406250 0.828125
vt 0.390625 0.859375
vt 0.406250 0.843750
vt 0.390625 0.875000
vt 0.406250 0.859375
vt 0.390625 0.890625
vt 0.406250 0.875000
vt 0.390625 0.906250
vt 0.406250 0.890625
vt 0.390625 0.921875
vt 0.406250 0.906250
vt 0.390625 0.937500
vt 0.406250 0.921875
vt 0.390625 0.953125
vt 0.406250 0.937500
vt 0.390625 0.968750
vt 0.406250 0.953125
vt 0.390625 0.984375
vt 0.406250 0.968750
vt 0.421875 0.765625
vt 0.421875 0.781250
vt 0.421875 0.796875
vt 0.421875 0.812500
vt 0.421875 0.828125
vt 0.421875 0.843750
vt 0.421875 0.859375
vt 0.421875 0.875000
vt 0.421875 0.890625
vt 0.421875 0.906250
vt 0.421875 0.921875
vt 0.421875 0.937500
vt 0.421875 0.953125
vt 0.406250 0.984375
vt 0.421875 0.968750
vt 0.437500 0.765625
vt 0.437500 0.781250
vt 0.437500 0.796875
vt 0.437500 0.812500
vt 0.437500 0.828125
vt 0.437500 0.843750
vt 0.437500 0.859375
vt 0.437500 0.875000
vt 0.437500 0.890625
vt 0.437500 0.906250
vt 0.437500 0.921875
vt 0.437500 0.937500
vt 0.437500 0.953125
vt 0.421875 0.984375
vt 0.437500 0.968750
vt 0.453125 0.765625
vt 0.453125 0.781250
vt 0.453125 0.796875
vt 0.453125 0.812500
vt 0.453125 0.828125
vt 0.453125 0.843750
vt 0.453125 0.859375
vt 0.453125 0.875000
vt 0.453125 0.890625
vt 0.453125 0.906250
vt 0.453125 0.921875
vt 0.453125 0.937500
vt 0.453125 0.953125
vt 0.437500 0.984375
vt 0.453125 0.968750
vt 0.468750 0.765625
vt 0.468750 0.781250
vt 0.468750 0.796875
vt 0.468750 0.812500
vt 0.468750 0.828125
vt 0.468750 0.843750
vt 0.468750 0.859375
vt 0.468750 0.875000
vt 0.468750 0.890625
vt 0.468750 0.906250
vt 0.468750 0.921875
vt 0.468750 0.937500
vt 0.468750 0.953125
vt 0.453125 0.984375
vt 0.468750 0.968750
vt 0.484375 0.765625
vt 0.484375 0.781250
vt 0.484375 0.796875
vt 0.484375 0.812500
vt 0.484375 0.828125
vt 0.484375 0.843750
vt 0.484375 0.859375
vt 0.484375 0.875000
vt 0.484375 0.890625
vt 0.484375 0.906250
vt 0.484375 0.921875
vt 0.484375 0.937500
vt 0.484375 0.953125
vt 0.468750 0.984375
vt 0.484375 0.968750
vt 0.500000 0.765625
vt 0.500000 0.781250
vt 0.500000 0.796875
vt 0.500000 0.812500
vt 0.500000 0.828125
vt 0.500000 0.843750
vt 0.500000 0.859375
vt 0.500000 0.875000
vt 0.500000 0.890625
vt 0.500000 0.906250
vt 0.500000 0.921875
vt 0.500000 0.937500
vt 0.500000 0.953125
vt 0.484375 0.984375
vt 0.500000 0.968750
vt 0.515625 0.781250
vt 0.515625 0.765625
vt 0.515625 0.796875
vt 0.515625 0.812500
vt 0.515625 0.828125
vt 0.515625 0.843750
vt 0.515625 0.859375
vt 0.515625 0.875000
vt 0.515625 0.890625
vt 0.515625 0.906250
vt 0.515625 0.921875
vt 0.515625 0.937500
vt 0.515625 0.953125
vt 0.515625 0.968750
vt 0.515625 0.984375
vt 0.531250 0.781250
vt 0.531250 0.765625
vt 0.531250 0.796875
vt 0.531250 0.812500
vt 0.531250 0.828125
vt 0.531250 0.843750
vt 0.531250 0.859375
vt 0.531250 0.875000
vt 0.531250 0.890625
vt 0.531250 0.906250
vt 0.531250 0.921875
vt 0.531250 0.937500
vt 0.531250 0.953125
vt 0.531250 0.968750
vt 0.531250 0.984375
vt 0.546875 0.781250
vt 0.546875 0.765625
vt 0.546875 0.796875
vt 0.546875 0.812500
vt 0.546875 0.828125
vt 0.546875 0.843750
vt 0.546875 0.859375
vt 0.546875 0.875000
vt 0.546875 0.890625
vt 0.546875 0.906250
vt 0.546875 0.921875
vt 0.546875 0.937500
vt 0.546875 0.953125
vt 0.546875 0.968750
vt 0.546875 0.984375
vt 0.562500 0.781250
vt 0.562500 0.765625
vt 0.562500 0.796875
vt 0.562500 0.812500
vt 0.562500 0.828125
vt 0.562500 0.843750
vt 0.562500 0.859375
vt 0.562500 0.875000
vt 0.562500 0.890625
vt 0.562500 0.906250
vt 0.562500 0.921875
vt 0.562500 0.937500
vt 0.562500 0.953125
vt 0.562500 0.968750
vt 0.562500 0.984375
vt 0.578125 0.781250
vt 0.578125 0.765625
vt 0.578125 0.796875
vt 0.578125 0.812500
vt 0.578125 0.828125
vt 0.578125 0.843750
vt 0.578125 0.859375
vt 0.578125 0.875000
vt 0.578125 0.890625
vt 0.578125 0.906250
vt 0.578125 0.921875
vt 0.578125 0.937500
vt 0.578125 0.953125
vt 0.578125 0.968750
vt 0.578125 0.984375
vt 0.593750 0.781250
vt 0.593750 0.765625
vt 0.593750 0.796875
vt 0.593750 0.812500
vt 0.593750 0.828125
vt 0.593750 0.843750
vt 0.593750 0.859375
vt 0.593750 0.875000
vt 0.593750 0.890625
vt 0.593750 0.906250
vt 0.593750 0.921875
vt 0.593750 0.937500
vt 0.593750 0.953125
vt 0.593750 0.968750
vt 0.593750 0.984375
vt 0.609375 0.781250
vt 0.609375 0.765625
vt 0.609375 0.796875
vt 0.609375 0.812500
vt 0.609375 0.828125
vt 0.609375 0.843750
vt 0.609375 0.859375
vt 0.609375 0.875000
vt 0.609375 0.890625
vt 0.609375 0.906250
vt 0.609375 0.921875
vt 0.609375 0.937500
vt 0.609375 0.953125
vt 0.609375 0.968750
vt 0.609375 0.984375
vt 0.390625 0.750000
vt 0.500000 0.984375
vt 0.625000 0.781250
vt 0.609375 0.750000
vt 0.593750 0.750000
vt 0.578125 0.750000
vt 0.562500 0.750000
vt 0.546875 0.750000
vt 0.531250 0.750000
vt 0.515625 0.750000
vt 0.500000 0.750000
vt 0.484375 0.750000
vt 0.468750 0.750000
vt 0.453125 0.750000
vt 0.437500 0.750000
vt 0.421875 0.750000
vt 0.406250 0.750000
vt 0.625000 0.125000
vt 0.140625 0.515625
vt 0.156250 0.531250
vt 0.156250 0.515625
vt 0.140625 0.531250
vt 0.156250 0.546875
vt 0.140625 0.546875
vt 0.156250 0.562500
vt 0.140625 0.562500
vt 0.156250 0.578125
vt 0.140625 0.578125
vt 0.156250 0.593750
vt 0.140625 0.593750
vt 0.156250 0.609375
vt 0.140625 0.609375
vt 0.156250 0.625000
vt 0.140625 0.640625
vt 0.140625 0.625000
vt 0.140625 0.656250
vt 0.156250 0.640625
vt 0.140625 0.671875
vt 0.156250 0.656250
vt 0.140625 0.687500
vt 0.156250 0.671875
vt 0.140625 0.703125
vt 0.156250 0.687500
vt 0.140625 0.718750
vt 0.156250 0.703125
vt 0.140625 0.734375
vt 0.156250 0.718750
vt 0.171875 0.531250
vt 0.171875 0.515625
vt 0.171875 0.546875
vt 0.171875 0.562500
vt 0.171875 0.578125
vt 0.171875 0.593750
vt 0.171875 0.609375
vt 0.171875 0.625000
vt 0.171875 0.640625
vt 0.171875 0.656250
vt 0.171875 0.671875
vt 0.171875 0.687500
vt 0.171875 0.703125
vt 0.156250 0.734375
vt 0.171875 0.718750
vt 0.187500 0.531250
vt 0.187500 0.515625
vt 0.187500 0.546875
vt 0.187500 0.562500
vt 0.187500 0.578125
vt 0.187500 0.593750
vt 0.187500 0.609375
vt 0.187500 0.625000
vt 0.187500 0.640625
vt 0.187500 0.656250
vt 0.187500 0.671875
vt 0.187500 0.687500
vt 0.187500 0.703125
vt 0.171875 0.734375
vt 0.187500 0.718750
vt 0.203125 0.531250
vt 0.203125 0.515625
vt 0.203125 0.546875
vt 0.203125 0.562500
vt 0.203125 0.578125
vt 0.203125 0.593750
vt 0.203125 0.609375
vt 0.203125 0.625000
vt 0.203125 0.640625
vt 0.203125 0.656250
vt 0.203125 0.671875
vt 0.203125 0.687500
vt 0.203125 0.703125
vt 0.187500 0.734375
vt 0.203125 0.718750
vt 0.218750 0.531250
vt 0.218750 0.515625
vt 0.218750 0.546875
vt 0.218750 0.562500
vt 0.218750 0.578125
vt 0.218750 0.593750
vt 0.218750 0.609375
vt 0.218750 0.625000
vt 0.218750 0.640625
vt 0.218750 0.656250
vt 0.218750 0.671875
vt 0.218750 0.687500
vt 0.218750 0.703125
vt 0.203125 0.734375
vt 0.218750 0.718750
vt 0.234375 0.531250
vt 0.234375 0.515625
vt 0.234375 0.546875
vt 0.234375 0.562500
vt 0.234375 0.578125
vt 0.234375 0.593750
vt 0.234375 0.609375
vt 0.234375 0.625000
vt 0.234375 0.640625
vt 0.234375 0.656250
vt 0.234375 0.671875
vt 0.234375 0.687500
vt 0.234375 0.703125
vt 0.218750 0.734375
vt 0.234375 0.718750
vt 0.250000 0.531250
vt 0.250000 0.515625
vt 0.250000 0.546875
vt 0.250000 0.562500
vt 0.250000 0.578125
vt 0.250000 0.593750
vt 0.250000 0.609375
vt 0.250000 0.625000
vt 0.250000 0.640625
vt 0.250000 0.656250
vt 0.250000 0.671875
vt 0.250000 0.687500
vt 0.250000 0.703125
vt 0.234375 0.734375
vt 0.250000 0.718750
vt 0.265625 0.531250
vt 0.265625 0.515625
vt 0.265625 0.546875
vt 0.265625 0.562500
vt 0.265625 0.578125
vt 0.265625 0.593750
vt 0.265625 0.609375
vt 0.265625 0.625000
vt 0.265625 0.640625
vt 0.265625 0.656250
vt 0.265625 0.671875
vt 0.265625 0.687500
vt 0.265625 0.703125
vt 0.250000 0.734375
vt 0.265625 0.718750
vt 0.281250 0.531250
vt 0.281250 0.515625
vt 0.281250 0.546875
vt 0.281250 0.562500
vt 0.281250 0.578125
vt 0.281250 0.593750
vt 0.281250 0.609375
vt 0.281250 0.625000
vt 0.281250 0.640625
vt 0.281250 0.656250
vt 0.281250 0.671875
vt 0.281250 0.687500
vt 0.281250 0.703125
vt 0.265625 0.734375
vt 0.281250 0.718750
vt 0.296875 0.531250
vt 0.296875 0.515625
vt 0.296875 0.546875
vt 0.296875 0.562500
vt 0.296875 0.578125
vt 0.296875 0.593750
vt 0.296875 0.609375
vt 0.296875 0.625000
vt 0.296875 0.640625
vt 0.296875 0.656250
vt 0.296875 0.671875
vt 0.296875 0.687500
vt 0.296875 0.703125
vt 0.281250 0.734375
vt 0.296875 0.718750
vt 0.312500 0.531250
vt 0.312500 0.515625
vt 0.312500 0.546875
vt 0.312500 0.562500
vt 0.312500 0.578125
vt 0.312500 0.593750
vt 0.312500 0.609375
vt 0.312500 0.625000
vt 0.312500 0.640625
vt 0.312500 0.656250
vt 0.312500 0.671875
vt 0.312500 0.687500
vt 0.312500 0.703125
vt 0.296875 0.734375
vt 0.312500 0.718750
vt 0.328125 0.531250
vt 0.328125 0.515625
vt 0.328125 0.546875
vt 0.328125 0.562500
vt 0.328125 0.578125
vt 0.328125 0.593750
vt 0.328125 0.609375
vt 0.328125 0.625000
vt 0.328125 0.640625
vt 0.328125 0.656250
vt 0.328125 0.671875
vt 0.328125 0.687500
vt 0.328125 0.703125
vt 0.312500 0.734375
vt 0.328125 0.718750
vt 0.343750 0.531250
vt 0.343750 0.515625
vt 0.343750 0.546875
vt 0.343750 0.562500
vt 0.343750 0.578125
vt 0.343750 0.593750
vt 0.343750 0.609375
vt 0.343750 0.625000
vt 0.343750 0.640625
vt 0.343750 0.656250
vt 0.343750 0.671875
vt 0.343750 0.687500
vt 0.343750 0.703125
vt 0.328125 0.734375
vt 0.343750 0.718750
vt 0.359375 0.531250
vt 0.359375 0.515625
vt 0.359375 0.546875
vt 0.359375 0.562500
vt 0.359375 0.578125
vt 0.359375 0.593750
vt 0.359375 0.609375
vt 0.359375 0.625000
vt 0.359375 0.640625
vt 0.359375 0.656250
vt 0.359375 0.671875
vt 0.359375 0.687500
vt 0.359375 0.703125
vt 0.343750 0.734375
vt 0.359375 0.718750
vt 0.359375 0.734375
vt 0.375000 0.734375
vt 0.375000 0.718750
vt 0.375000 0.703125
vt 0.375000 0.687500
vt 0.375000 0.671875
vt 0.375000 0.656250
vt 0.375000 0.640625
vt 0.375000 0.625000
vt 0.375000 0.609375
vt 0.375000 0.593750
vt 0.375000 0.578125
vt 0.375000 0.562500
vt 0.375000 0.546875
vt 0.375000 0.531250
vt 0.375000 0.515625
vt 0.390625 0.265625
vt 0.406250 0.281250
vt 0.406250 0.265625
vt 0.390625 0.281250
vt 0.406250 0.296875
vt 0.390625 0.296875
vt 0.406250 0.312500
vt 0.390625 0.312500
vt 0.406250 0.328125
vt 0.390625 0.328125
vt 0.406250 0.343750
vt 0.390625 0.343750
vt 0.406250 0.359375
vt 0.390625 0.359375
vt 0.406250 0.375000
vt 0.390625 0.375000
vt 0.406250 0.390625
vt 0.390625 0.390625
vt 0.406250 0.406250
vt 0.390625 0.406250
vt 0.406250 0.421875
vt 0.390625 0.421875
vt 0.406250 0.437500
vt 0.390625 0.437500
vt 0.406250 0.453125
vt 0.390625 0.453125
vt 0.406250 0.468750
vt 0.390625 0.468750
vt 0.406250 0.484375
vt 0.421875 0.281250
vt 0.421875 0.265625
vt 0.421875 0.296875
vt 0.421875 0.312500
vt 0.421875 0.328125
vt 0.421875 0.343750
vt 0.421875 0.359375
vt 0.421875 0.375000
vt 0.421875 0.390625
vt 0.421875 0.406250
vt 0.421875 0.421875
vt 0.421875 0.437500
vt 0.421875 0.453125
vt 0.421875 0.468750
vt 0.421875 0.484375
vt 0.437500 0.281250
vt 0.437500 0.265625
vt 0.437500 0.296875
vt 0.437500 0.312500
vt 0.437500 0.328125
vt 0.437500 0.343750
vt 0.437500 0.359375
vt 0.437500 0.375000
vt 0.437500 0.390625
vt 0.437500 0.406250
vt 0.437500 0.421875
vt 0.437500 0.437500
vt 0.437500 0.453125
vt 0.437500 0.468750
vt 0.437500 0.484375
vt 0.453125 0.281250
vt 0.453125 0.265625
vt 0.453125 0.296875
vt 0.453125 0.312500
vt 0.453125 0.328125
vt 0.453125 0.343750
vt 0.453125 0.359375
vt 0.453125 0.375000
vt 0.453125 0.390625
vt 0.453125 0.406250
vt 0.453125 0.421875
vt 0.453125 0.437500
vt 0.453125 0.453125
vt 0.453125 0.468750
vt 0.453125 0.484375
vt 0.468750 0.281250
vt 0.468750 0.265625
vt 0.468750 0.296875
vt 0.468750 0.312500
vt 0.468750 0.328125
vt 0.468750 0.343750
vt 0.468750 0.359375
vt 0.468750 0.375000
vt 0.468750 0.390625
vt 0.468750 0.406250
vt 0.468750 0.421875
vt 0.468750 0.437500
vt 0.468750 0.453125
vt 0.468750 0.468750
vt 0.468750 0.484375
vt 0.484375 0.281250
vt 0.484375 0.265625
vt 0.484375 0.296875
vt 0.484375 0.312500
vt 0.484375 0.328125
vt 0.484375 0.343750
vt 0.484375 0.359375
vt 0.484375 0.375000
vt 0.484375 0.390625
vt 0.484375 0.406250
vt 0.484375 0.421875
vt 0.484375 0.437500
vt 0.484375 0.453125
vt 0.484375 0.468750
vt 0.484375 0.484375
vt 0.500000 0.281250
vt 0.500000 0.265625
vt 0.500000 0.296875
vt 0.500000 0.312500
vt 0.500000 0.328125
vt 0.500000 0.343750
vt 0.500000 0.359375
vt 0.500000 0.375000
vt 0.500000 0.390625
vt 0.500000 0.406250
vt 0.500000 0.421875
vt 0.500000 0.437500
vt 0.500000 0.453125
vt 0.500000 0.468750
vt 0.500000 0.484375
vt 0.515625 0.265625
vt 0.515625 0.281250
vt 0.515625 0.296875
vt 0.515625 0.312500
vt 0.515625 0.328125
vt 0.515625 0.343750
vt 0.515625 0.359375
vt 0.515625 0.375000
vt 0.515625 0.390625
vt 0.515625 0.406250
vt 0.515625 0.421875
vt 0.515625 0.437500
vt 0.515625 0.453125
vt 0.515625 0.468750
vt 0.531250 0.265625
vt 0.531250 0.281250
vt 0.531250 0.296875
vt 0.531250 0.312500
vt 0.531250 0.328125
vt 0.531250 0.343750
vt 0.531250 0.359375
vt 0.531250 0.375000
vt 0.531250 0.390625
vt 0.531250 0.406250
vt 0.531250 0.421875
vt 0.531250 0.437500
vt 0.531250 0.453125
vt 0.515625 0.484375
vt 0.531250 0.468750
vt 0.546875 0.265625
vt 0.546875 0.281250
vt 0.546875 0.296875
vt 0.546875 0.312500
vt 0.546875 0.328125
vt 0.546875 0.343750
vt 0.546875 0.359375
vt 0.546875 0.375000
vt 0.546875 0.390625
vt 0.546875 0.406250
vt 0.546875 0.421875
vt 0.546875 0.437500
vt 0.546875 0.453125
vt 0.531250 0.484375
vt 0.546875 0.468750
vt 0.562500 0.265625
vt 0.562500 0.281250
vt 0.562500 0.296875
vt 0.562500 0.312500
vt 0.562500 0.328125
vt 0.562500 0.343750
vt 0.562500 0.359375
vt 0.562500 0.375000
vt 0.562500 0.390625
vt 0.562500 0.406250
vt 0.562500 0.421875
vt 0.562500 0.437500
vt 0.562500 0.453125
vt 0.546875 0.484375
vt 0.562500 0.468750
vt 0.578125 0.265625
vt 0.578125 0.281250
vt 0.578125 0.296875
vt 0.578125 0.312500
vt 0.578125 0.328125
vt 0.578125 0.343750
vt 0.578125 0.359375
vt 0.578125 0.375000
vt 0.578125 0.390625
vt 0.578125 0.406250
vt 0.578125 0.421875
vt 0.578125 0.437500
vt 0.578125 0.453125
vt 0.562500 0.484375
vt 0.578125 0.468750
vt 0.593750 0.265625
vt 0.593750 0.281250
vt 0.593750 0.296875
vt 0.593750 0.312500
vt 0.593750 0.328125
vt 0.593750 0.343750
vt 0.593750 0.359375
vt 0.593750 0.375000
vt 0.593750 0.390625
vt 0.593750 0.406250
vt 0.593750 0.421875
vt 0.593750 0.437500
vt 0.593750 0.453125
vt 0.578125 0.484375
vt 0.593750 0.468750
vt 0.609375 0.265625
vt 0.609375 0.281250
vt 0.609375 0.296875
vt 0.609375 0.312500
vt 0.609375 0.328125
vt 0.609375 0.343750
vt 0.609375 0.359375
vt 0.609375 0.375000
vt 0.609375 0.390625
vt 0.609375 0.406250
vt 0.609375 0.421875
vt 0.609375 0.437500
vt 0.609375 0.453125
vt 0.593750 0.484375
vt 0.609375 0.468750
vt 0.390625 0.484375
vt 0.390625 0.500000
vt 0.406250 0.500000
vt 0.421875 0.500000
vt 0.437500 0.500000
vt 0.453125 0.500000
vt 0.468750 0.500000
vt 0.484375 0.500000
vt 0.500000 0.500000
vt 0.515625 0.500000
vt 0.531250 0.500000
vt 0.546875 0.500000
vt 0.562500 0.500000
vt 0.578125 0.500000
vt 0.593750 0.500000
vt 0.609375 0.484375
vt 0.609375 0.500000
vt 0.625000 0.468750
vt 0.412200 0.492648
vt 0.402915 0.507443
vt 0.398323 0.500025
vt 0.426718 0.486874
vt 0.415593 0.500040
vt 0.441306 0.482411
vt 0.429040 0.494139
vt 0.455941 0.479055
vt 0.442924 0.489527
vt 0.470609 0.476722
vt 0.457029 0.486046
vt 0.485299 0.475360
vt 0.471274 0.483622
vt 0.500000 0.474918
vt 0.485614 0.482205
vt 0.514386 0.482205
vt 0.500000 0.481744
vt 0.514701 0.475360
vt 0.528726 0.483622
vt 0.529392 0.476722
vt 0.542971 0.486046
vt 0.544060 0.479055
vt 0.557076 0.489527
vt 0.558694 0.482412
vt 0.570960 0.494139
vt 0.573282 0.486874
vt 0.584407 0.500040
vt 0.587800 0.492648
vt 0.597085 0.507443
vt 0.407298 0.513238
vt 0.418900 0.505994
vt 0.431443 0.500111
vt 0.444620 0.495461
vt 0.458170 0.491933
vt 0.471973 0.489469
vt 0.485944 0.488024
vt 0.514056 0.488024
vt 0.500000 0.487552
vt 0.528027 0.489469
vt 0.541830 0.491933
vt 0.555380 0.495461
vt 0.568557 0.500111
vt 0.581100 0.505994
vt 0.592702 0.513238
vt 0.410891 0.517770
vt 0.421809 0.510724
vt 0.433665 0.504931
vt 0.446221 0.500312
vt 0.459261 0.496793
vt 0.472648 0.494329
vt 0.486266 0.492879
vt 0.513734 0.492879
vt 0.500000 0.492405
vt 0.527352 0.494329
vt 0.540739 0.496793
vt 0.553779 0.500312
vt 0.566335 0.504931
vt 0.578191 0.510724
vt 0.589109 0.517770
vt 0.413693 0.521260
vt 0.424135 0.514403
vt 0.435490 0.508725
vt 0.447574 0.504176
vt 0.460207 0.500702
vt 0.473246 0.498267
vt 0.486555 0.496832
vt 0.513445 0.496832
vt 0.500000 0.496362
vt 0.526754 0.498267
vt 0.539793 0.500703
vt 0.552426 0.504176
vt 0.564510 0.508725
vt 0.575866 0.514403
vt 0.586307 0.521260
vt 0.415723 0.523806
vt 0.425838 0.517121
vt 0.436854 0.511574
vt 0.448610 0.507123
vt 0.460950 0.503725
vt 0.473725 0.501345
vt 0.486790 0.499943
vt 0.513210 0.499943
vt 0.500000 0.499485
vt 0.526275 0.501345
vt 0.539050 0.503725
vt 0.551390 0.507123
vt 0.563147 0.511574
vt 0.574162 0.517121
vt 0.584277 0.523806
vt 0.417009 0.525470
vt 0.426917 0.518948
vt 0.437725 0.513544
vt 0.449283 0.509217
vt 0.461439 0.505925
vt 0.474043 0.503625
vt 0.486947 0.502275
vt 0.513053 0.502275
vt 0.500000 0.501834
vt 0.525957 0.503625
vt 0.538561 0.505925
vt 0.550718 0.509217
vt 0.562275 0.513544
vt 0.573084 0.518948
vt 0.582991 0.525470
vt 0.417577 0.526318
vt 0.427368 0.519952
vt 0.438075 0.514704
vt 0.449544 0.510525
vt 0.461624 0.507363
vt 0.474162 0.505168
vt 0.487005 0.503888
vt 0.512995 0.503888
vt 0.500000 0.503472
vt 0.525838 0.505168
vt 0.538376 0.507363
vt 0.550456 0.510525
vt 0.561925 0.514704
vt 0.572632 0.519952
vt 0.582423 0.526318
vt 0.417439 0.526394
vt 0.427184 0.520186
vt 0.437878 0.515113
vt 0.449359 0.511108
vt 0.461469 0.508105
vt 0.474051 0.506039
vt 0.486947 0.504846
vt 0.513053 0.504846
vt 0.500000 0.504462
vt 0.525949 0.506039
vt 0.538531 0.508105
vt 0.550641 0.511108
vt 0.562123 0.515113
vt 0.572816 0.520186
vt 0.582561 0.526394
vt 0.416547 0.525662
vt 0.426333 0.519644
vt 0.437121 0.514796
vt 0.448732 0.511019
vt 0.460988 0.508218
vt 0.473725 0.506314
vt 0.486782 0.505228
vt 0.513218 0.505228
vt 0.500000 0.504883
vt 0.526275 0.506314
vt 0.539012 0.508218
vt 0.551268 0.511019
vt 0.562879 0.514796
vt 0.573667 0.519644
vt 0.583453 0.525662
vt 0.414838 0.524066
vt 0.424775 0.518303
vt 0.435798 0.513768
vt 0.447681 0.510306
vt 0.460207 0.507773
vt 0.473208 0.506072
vt 0.486525 0.505115
vt 0.513475 0.505115
vt 0.500000 0.504815
vt 0.526792 0.506072
vt 0.539793 0.507773
vt 0.552319 0.510306
vt 0.564202 0.513768
vt 0.575225 0.518303
vt 0.585162 0.524066
vt 0.412250 0.521553
vt 0.422474 0.516139
vt 0.433900 0.512045
vt 0.446221 0.509020
vt 0.459154 0.506841
vt 0.472526 0.505393
vt 0.486190 0.504589
vt 0.513810 0.504589
vt 0.500000 0.504340
vt 0.527474 0.505393
vt 0.540846 0.506841
vt 0.553779 0.509020
vt 0.566100 0.512045
vt 0.577527 0.516139
vt 0.587751 0.521553
vt 0.408689 0.518037
vt 0.419401 0.513142
vt 0.431442 0.509665
vt 0.444384 0.507223
vt 0.457862 0.505496
vt 0.471705 0.504358
vt 0.485792 0.503732
vt 0.514209 0.503732
vt 0.500000 0.503540
vt 0.528295 0.504358
vt 0.542139 0.505496
vt 0.555616 0.507223
vt 0.568558 0.509665
vt 0.580599 0.513142
vt 0.591311 0.518037
vt 0.403954 0.513324
vt 0.415578 0.509348
vt 0.428525 0.506755
vt 0.442252 0.505034
vt 0.456385 0.503838
vt 0.470778 0.503054
vt 0.485346 0.502626
vt 0.514654 0.502626
vt 0.500000 0.502496
vt 0.529222 0.503054
vt 0.543615 0.503838
vt 0.557748 0.505034
vt 0.571475 0.506755
vt 0.584422 0.509348
vt 0.596046 0.513324
vt 0.397122 0.506499
vt 0.411093 0.504861
vt 0.425283 0.503473
vt 0.439925 0.502582
vt 0.454786 0.501971
vt 0.469782 0.501572
vt 0.484868 0.501354
vt 0.515132 0.501354
vt 0.500000 0.501289
vt 0.530218 0.501572
vt 0.545214 0.501971
vt 0.560075 0.502582
vt 0.574717 0.503473
vt 0.588907 0.504861
vt 0.602878 0.506499
vt 0.383895 0.508895
vt 0.601677 0.500025
vt 0.616105 0.508895
vt 0.608324 0.516676
vt 0.603015 0.521985
vt 0.598850 0.526150
vt 0.595647 0.529353
vt 0.593330 0.531670
vt 0.591846 0.533154
vt 0.591146 0.533854
vt 0.591198 0.533802
vt 0.592055 0.532945
vt 0.593786 0.531214
vt 0.596463 0.528537
vt 0.600211 0.524789
vt 0.605374 0.519626
vt 0.614307 0.510693
vt 0.385693 0.510693
vt 0.394626 0.519626
vt 0.399789 0.524789
vt 0.403537 0.528537
vt 0.406214 0.531214
vt 0.407945 0.532945
vt 0.408802 0.533802
vt 0.408854 0.533854
vt 0.408154 0.533154
vt 0.406671 0.531671
vt 0.404353 0.529353
vt 0.401150 0.526150
vt 0.396985 0.521985
vt 0.391676 0.516676
vt 0.587800 0.757352
vt 0.597085 0.742558
vt 0.601677 0.749975
vt 0.573282 0.763126
vt 0.584407 0.749960
vt 0.558694 0.767589
vt 0.570960 0.755861
vt 0.544060 0.770945
vt 0.557076 0.760473
vt 0.529391 0.773278
vt 0.542971 0.763954
vt 0.514701 0.774640
vt 0.528726 0.766378
vt 0.500000 0.775082
vt 0.514386 0.767795
vt 0.485614 0.767795
vt 0.500000 0.768256
vt 0.485299 0.774640
vt 0.471274 0.766378
vt 0.470609 0.773278
vt 0.457029 0.763954
vt 0.455941 0.770945
vt 0.442924 0.760473
vt 0.441306 0.767589
vt 0.429040 0.755861
vt 0.426718 0.763126
vt 0.415593 0.749960
vt 0.412200 0.757352
vt 0.402915 0.742558
vt 0.592702 0.736762
vt 0.581100 0.744006
vt 0.568557 0.749889
vt 0.555380 0.754539
vt 0.541830 0.758067
vt 0.528027 0.760531
vt 0.514056 0.761976
vt 0.485944 0.761976
vt 0.500000 0.762448
vt 0.471973 0.760531
vt 0.458170 0.758067
vt 0.444620 0.754539
vt 0.431443 0.749889
vt 0.418900 0.744006
vt 0.407298 0.736762
vt 0.589109 0.732230
vt 0.578191 0.739277
vt 0.566335 0.745069
vt 0.553779 0.749688
vt 0.540739 0.753207
vt 0.527352 0.755671
vt 0.513734 0.757121
vt 0.486266 0.757121
vt 0.500000 0.757596
vt 0.472648 0.755671
vt 0.459261 0.753207
vt 0.446221 0.749688
vt 0.433665 0.745069
vt 0.421809 0.739277
vt 0.410891 0.732230
vt 0.586307 0.728740
vt 0.575866 0.735598
vt 0.564510 0.741275
vt 0.552426 0.745824
vt 0.539793 0.749298
vt 0.526754 0.751734
vt 0.513445 0.753168
vt 0.486555 0.753168
vt 0.500000 0.753638
vt 0.473246 0.751734
vt 0.460207 0.749298
vt 0.447574 0.745824
vt 0.435490 0.741275
vt 0.424135 0.735598
vt 0.413693 0.728740
vt 0.584277 0.726194
vt 0.574162 0.732879
vt 0.563147 0.738426
vt 0.551390 0.742878
vt 0.539050 0.746275
vt 0.526276 0.748655
vt 0.513210 0.750057
vt 0.486790 0.750057
vt 0.500000 0.750516
vt 0.473725 0.748655
vt 0.460950 0.746275
vt 0.448610 0.742878
vt 0.436854 0.738426
vt 0.425838 0.732879
vt 0.415723 0.726194
vt 0.582991 0.724530
vt 0.573084 0.731052
vt 0.562275 0.736456
vt 0.550717 0.740783
vt 0.538561 0.744075
vt 0.525957 0.746376
vt 0.513053 0.747725
vt 0.486947 0.747725
vt 0.500000 0.748166
vt 0.474043 0.746376
vt 0.461439 0.744075
vt 0.449283 0.740783
vt 0.437725 0.736456
vt 0.426917 0.731052
vt 0.417009 0.724530
vt 0.582423 0.723682
vt 0.572632 0.730048
vt 0.561925 0.735296
vt 0.550456 0.739475
vt 0.538376 0.742637
vt 0.525838 0.744832
vt 0.512995 0.746112
vt 0.487005 0.746112
vt 0.500000 0.746528
vt 0.474162 0.744833
vt 0.461624 0.742637
vt 0.449544 0.739475
vt 0.438075 0.735296
vt 0.427368 0.730048
vt 0.417577 0.723682
vt 0.582561 0.723606
vt 0.572816 0.729814
vt 0.562123 0.734887
vt 0.550641 0.738892
vt 0.538531 0.741895
vt 0.525949 0.743961
vt 0.513053 0.745154
vt 0.486947 0.745154
vt 0.500000 0.745538
vt 0.474051 0.743961
vt 0.461469 0.741895
vt 0.449359 0.738892
vt 0.437878 0.734887
vt 0.427184 0.729814
vt 0.417439 0.723606
vt 0.583453 0.724339
vt 0.573667 0.730356
vt 0.562879 0.735204
vt 0.551268 0.738982
vt 0.539012 0.741782
vt 0.526275 0.743686
vt 0.513218 0.744773
vt 0.486782 0.744772
vt 0.500000 0.745117
vt 0.473725 0.743686
vt 0.460988 0.741782
vt 0.448732 0.738982
vt 0.437121 0.735204
vt 0.426333 0.730356
vt 0.416547 0.724339
vt 0.585162 0.725934
vt 0.575225 0.731697
vt 0.564202 0.736233
vt 0.552319 0.739694
vt 0.539793 0.742227
vt 0.526792 0.743928
vt 0.513475 0.744885
vt 0.486525 0.744885
vt 0.500000 0.745185
vt 0.473208 0.743928
vt 0.460207 0.742227
vt 0.447681 0.739694
vt 0.435798 0.736232
vt 0.424775 0.731697
vt 0.414838 0.725934
vt 0.587751 0.728447
vt 0.577527 0.733861
vt 0.566100 0.737956
vt 0.553779 0.740980
vt 0.540846 0.743159
vt 0.527474 0.744607
vt 0.513810 0.745411
vt 0.486190 0.745411
vt 0.500000 0.745660
vt 0.472526 0.744607
vt 0.459154 0.743159
vt 0.446221 0.740980
vt 0.433900 0.737956
vt 0.422474 0.733861
vt 0.412250 0.728447
vt 0.591311 0.731963
vt 0.580599 0.736858
vt 0.568558 0.740335
vt 0.555616 0.742777
vt 0.542139 0.744504
vt 0.528295 0.745642
vt 0.514209 0.746268
vt 0.485792 0.746268
vt 0.500000 0.746460
vt 0.471705 0.745642
vt 0.457862 0.744504
vt 0.444384 0.742777
vt 0.431442 0.740335
vt 0.419401 0.736858
vt 0.408689 0.731963
vt 0.596046 0.736676
vt 0.584422 0.740652
vt 0.571475 0.743245
vt 0.557748 0.744966
vt 0.543615 0.746162
vt 0.529222 0.746946
vt 0.514654 0.747374
vt 0.485346 0.747374
vt 0.500000 0.747504
vt 0.470778 0.746946
vt 0.456385 0.746162
vt 0.442252 0.744966
vt 0.428525 0.743245
vt 0.415578 0.740652
vt 0.403954 0.736676
vt 0.602878 0.743501
vt 0.588907 0.745139
vt 0.574717 0.746527
vt 0.560075 0.747418
vt 0.545214 0.748029
vt 0.530218 0.748428
vt 0.515132 0.748646
vt 0.484868 0.748646
vt 0.500000 0.748712
vt 0.469782 0.748428
vt 0.454786 0.748029
vt 0.439925 0.747418
vt 0.425283 0.746527
vt 0.411093 0.745139
vt 0.397122 0.743501
vt 0.616105 0.741105
vt 0.485023 0.782572
vt 0.439941 0.775987
vt 0.398323 0.749975
vt 0.383895 0.741105
vt 0.391676 0.733324
vt 0.396985 0.728015
vt 0.401150 0.723850
vt 0.404353 0.720647
vt 0.406671 0.718330
vt 0.408154 0.716846
vt 0.408854 0.716146
vt 0.408802 0.716198
vt 0.407945 0.717055
vt 0.406214 0.718786
vt 0.403537 0.721463
vt 0.399789 0.725211
vt 0.394626 0.730374
vt 0.385693 0.739307
vt 0.614307 0.739307
vt 0.605374 0.730374
vt 0.600211 0.725211
vt 0.596463 0.721463
vt 0.593786 0.718786
vt 0.592055 0.717055
vt 0.591198 0.716198
vt 0.591146 0.716146
vt 0.591846 0.716846
vt 0.593330 0.718330
vt 0.595647 0.720647
vt 0.598850 0.723850
vt 0.603015 0.728015
vt 0.608324 0.733324
vt 0.632352 0.537200
vt 0.617558 0.527915
vt 0.624975 0.523323
vt 0.638126 0.551718
vt 0.624960 0.540593
vt 0.642589 0.566306
vt 0.630861 0.554040
vt 0.645945 0.580941
vt 0.635473 0.567924
vt 0.648278 0.595609
vt 0.638954 0.582029
vt 0.649640 0.610299
vt 0.641378 0.596274
vt 0.650082 0.625000
vt 0.642795 0.610614
vt 0.642795 0.639386
vt 0.643256 0.625000
vt 0.649640 0.639701
vt 0.641378 0.653726
vt 0.648278 0.654392
vt 0.638954 0.667971
vt 0.645945 0.669059
vt 0.635473 0.682076
vt 0.642589 0.683694
vt 0.630861 0.695960
vt 0.638126 0.698282
vt 0.624960 0.709407
vt 0.632352 0.712800
vt 0.617558 0.722085
vt 0.611762 0.532298
vt 0.619006 0.543900
vt 0.624889 0.556443
vt 0.629539 0.569620
vt 0.633067 0.583170
vt 0.635531 0.596973
vt 0.636976 0.610944
vt 0.636976 0.639056
vt 0.637448 0.625000
vt 0.635531 0.653027
vt 0.633067 0.666830
vt 0.629539 0.680380
vt 0.624889 0.693557
vt 0.619006 0.706100
vt 0.611762 0.717702
vt 0.607230 0.535891
vt 0.614276 0.546809
vt 0.620069 0.558665
vt 0.624688 0.571221
vt 0.628207 0.584261
vt 0.630671 0.597648
vt 0.632121 0.611266
vt 0.632121 0.638734
vt 0.632595 0.625000
vt 0.630671 0.652352
vt 0.628207 0.665739
vt 0.624688 0.678779
vt 0.620069 0.691335
vt 0.614277 0.703191
vt 0.607230 0.714109
vt 0.603740 0.538693
vt 0.610598 0.549135
vt 0.616275 0.560490
vt 0.620824 0.572574
vt 0.624298 0.585207
vt 0.626734 0.598246
vt 0.628168 0.611555
vt 0.628168 0.638445
vt 0.628638 0.625000
vt 0.626733 0.651754
vt 0.624298 0.664793
vt 0.620824 0.677426
vt 0.616275 0.689510
vt 0.610597 0.700866
vt 0.603740 0.711307
vt 0.601194 0.540723
vt 0.607879 0.550838
vt 0.613426 0.561854
vt 0.617878 0.573610
vt 0.621275 0.585950
vt 0.623655 0.598725
vt 0.625057 0.611790
vt 0.625057 0.638210
vt 0.625515 0.625000
vt 0.623655 0.651276
vt 0.621275 0.664050
vt 0.617878 0.676390
vt 0.613426 0.688147
vt 0.607879 0.699162
vt 0.601194 0.709277
vt 0.599530 0.542009
vt 0.606052 0.551917
vt 0.611456 0.562725
vt 0.615783 0.574283
vt 0.619075 0.586439
vt 0.621376 0.599043
vt 0.622725 0.611947
vt 0.622725 0.638053
vt 0.623166 0.625000
vt 0.621376 0.650957
vt 0.619075 0.663561
vt 0.615783 0.675718
vt 0.611456 0.687275
vt 0.606052 0.698084
vt 0.599530 0.707991
vt 0.598682 0.542577
vt 0.605048 0.552368
vt 0.610296 0.563075
vt 0.614475 0.574544
vt 0.617637 0.586624
vt 0.619832 0.599162
vt 0.621112 0.612005
vt 0.621112 0.637995
vt 0.621528 0.625000
vt 0.619832 0.650838
vt 0.617637 0.663376
vt 0.614475 0.675456
vt 0.610296 0.686925
vt 0.605048 0.697632
vt 0.598682 0.707423
vt 0.598606 0.542439
vt 0.604814 0.552184
vt 0.609887 0.562878
vt 0.613892 0.574359
vt 0.616895 0.586469
vt 0.618962 0.599051
vt 0.620154 0.611947
vt 0.620154 0.638053
vt 0.620538 0.625000
vt 0.618961 0.650949
vt 0.616895 0.663531
vt 0.613892 0.675641
vt 0.609887 0.687122
vt 0.604814 0.697816
vt 0.598606 0.707561
vt 0.599339 0.541547
vt 0.605356 0.551333
vt 0.610204 0.562121
vt 0.613982 0.573732
vt 0.616782 0.585988
vt 0.618687 0.598725
vt 0.619772 0.611782
vt 0.619773 0.638218
vt 0.620117 0.625000
vt 0.618687 0.651275
vt 0.616782 0.664012
vt 0.613982 0.676268
vt 0.610204 0.687879
vt 0.605356 0.698667
vt 0.599339 0.708453
vt 0.600934 0.539838
vt 0.606697 0.549775
vt 0.611232 0.560798
vt 0.614694 0.572681
vt 0.617227 0.585207
vt 0.618928 0.598208
vt 0.619885 0.611525
vt 0.619885 0.638475
vt 0.620185 0.625000
vt 0.618928 0.651792
vt 0.617227 0.664793
vt 0.614694 0.677319
vt 0.611232 0.689202
vt 0.606697 0.700225
vt 0.600934 0.710162
vt 0.603447 0.537250
vt 0.608861 0.547474
vt 0.612956 0.558900
vt 0.615980 0.571221
vt 0.618159 0.584154
vt 0.619607 0.597526
vt 0.620411 0.611190
vt 0.620411 0.638810
vt 0.620660 0.625000
vt 0.619607 0.652474
vt 0.618159 0.665846
vt 0.615980 0.678779
vt 0.612956 0.691100
vt 0.608861 0.702527
vt 0.603447 0.712751
vt 0.606963 0.533689
vt 0.611858 0.544401
vt 0.615335 0.556442
vt 0.617777 0.569384
vt 0.619504 0.582862
vt 0.620642 0.596705
vt 0.621268 0.610792
vt 0.621268 0.639209
vt 0.621460 0.625000
vt 0.620642 0.653295
vt 0.619504 0.667139
vt 0.617777 0.680616
vt 0.615335 0.693558
vt 0.611858 0.705599
vt 0.606963 0.716311
vt 0.611676 0.528954
vt 0.615652 0.540578
vt 0.618245 0.553525
vt 0.619966 0.567252
vt 0.621162 0.581385
vt 0.621946 0.595778
vt 0.622374 0.610346
vt 0.622374 0.639654
vt 0.622504 0.625000
vt 0.621946 0.654222
vt 0.621162 0.668615
vt 0.619966 0.682748
vt 0.618245 0.696475
vt 0.615652 0.709422
vt 0.611676 0.721046
vt 0.618501 0.522122
vt 0.620139 0.536093
vt 0.621527 0.550283
vt 0.622418 0.564925
vt 0.623029 0.579786
vt 0.623428 0.594782
vt 0.623646 0.609868
vt 0.623646 0.640132
vt 0.623712 0.625000
vt 0.623428 0.655218
vt 0.623029 0.670214
vt 0.622418 0.685075
vt 0.621527 0.699717
vt 0.620139 0.713907
vt 0.618501 0.727878
vt 0.650988 0.564941
vt 0.654118 0.580010
vt 0.657572 0.610024
vt 0.624975 0.726677
vt 0.367648 0.712800
vt 0.382443 0.722085
vt 0.375025 0.726677
vt 0.361874 0.698282
vt 0.375040 0.709407
vt 0.357412 0.683694
vt 0.369139 0.695960
vt 0.354055 0.669059
vt 0.364527 0.682076
vt 0.351722 0.654392
vt 0.361046 0.667971
vt 0.350360 0.639701
vt 0.358622 0.653726
vt 0.349918 0.625000
vt 0.357205 0.639386
vt 0.357205 0.610614
vt 0.356744 0.625000
vt 0.350360 0.610299
vt 0.358622 0.596274
vt 0.351722 0.595609
vt 0.361046 0.582029
vt 0.354055 0.580941
vt 0.364527 0.567924
vt 0.357412 0.566306
vt 0.369139 0.554040
vt 0.361874 0.551718
vt 0.375040 0.540593
vt 0.367648 0.537200
vt 0.382443 0.527915
vt 0.388238 0.717702
vt 0.380994 0.706100
vt 0.375111 0.693557
vt 0.370461 0.680380
vt 0.366933 0.666830
vt 0.364469 0.653027
vt 0.363024 0.639056
vt 0.363024 0.610944
vt 0.362552 0.625000
vt 0.364469 0.596973
vt 0.366933 0.583170
vt 0.370461 0.569620
vt 0.375111 0.556443
vt 0.380994 0.543900
vt 0.388238 0.532298
vt 0.392770 0.714109
vt 0.385724 0.703191
vt 0.379931 0.691335
vt 0.375312 0.678779
vt 0.371793 0.665739
vt 0.369329 0.652352
vt 0.367879 0.638734
vt 0.367879 0.611266
vt 0.367405 0.625000
vt 0.369329 0.597648
vt 0.371793 0.584261
vt 0.375312 0.571221
vt 0.379931 0.558665
vt 0.385724 0.546809
vt 0.392770 0.535891
vt 0.396261 0.711307
vt 0.389403 0.700866
vt 0.383725 0.689510
vt 0.379176 0.677426
vt 0.375702 0.664793
vt 0.373267 0.651754
vt 0.371832 0.638445
vt 0.371832 0.611555
vt 0.371362 0.625000
vt 0.373267 0.598246
vt 0.375702 0.585207
vt 0.379176 0.572574
vt 0.383725 0.560490
vt 0.389403 0.549135
vt 0.396260 0.538693
vt 0.398806 0.709277
vt 0.392121 0.699162
vt 0.386574 0.688147
vt 0.382123 0.676390
vt 0.378725 0.664050
vt 0.376345 0.651276
vt 0.374943 0.638210
vt 0.374943 0.611790
vt 0.374485 0.625000
vt 0.376345 0.598725
vt 0.378725 0.585950
vt 0.382122 0.573610
vt 0.386574 0.561854
vt 0.392121 0.550838
vt 0.398806 0.540723
vt 0.400470 0.707991
vt 0.393948 0.698084
vt 0.388544 0.687275
vt 0.384217 0.675718
vt 0.380925 0.663561
vt 0.378625 0.650957
vt 0.377275 0.638053
vt 0.377275 0.611947
vt 0.376834 0.625000
vt 0.378625 0.599043
vt 0.380925 0.586439
vt 0.384217 0.574283
vt 0.388544 0.562725
vt 0.393948 0.551917
vt 0.400470 0.542009
vt 0.401318 0.707423
vt 0.394952 0.697632
vt 0.389704 0.686925
vt 0.385525 0.675456
vt 0.382363 0.663376
vt 0.380168 0.650838
vt 0.378888 0.637995
vt 0.378888 0.612005
vt 0.378472 0.625000
vt 0.380168 0.599162
vt 0.382363 0.586624
vt 0.385525 0.574544
vt 0.389704 0.563075
vt 0.394952 0.552368
vt 0.401318 0.542577
vt 0.401394 0.707561
vt 0.395186 0.697816
vt 0.390113 0.687122
vt 0.386108 0.675641
vt 0.383105 0.663531
vt 0.381039 0.650949
vt 0.379846 0.638053
vt 0.379846 0.611947
vt 0.379462 0.625000
vt 0.381039 0.599051
vt 0.383105 0.586469
vt 0.386108 0.574359
vt 0.390113 0.562878
vt 0.395186 0.552184
vt 0.401394 0.542439
vt 0.400662 0.708453
vt 0.394644 0.698667
vt 0.389796 0.687879
vt 0.386019 0.676268
vt 0.383218 0.664012
vt 0.381314 0.651275
vt 0.380228 0.638218
vt 0.380228 0.611782
vt 0.379883 0.625000
vt 0.381314 0.598725
vt 0.383218 0.585988
vt 0.386019 0.573732
vt 0.389796 0.562121
vt 0.394644 0.551333
vt 0.400662 0.541547
vt 0.399066 0.710162
vt 0.393303 0.700225
vt 0.388768 0.689202
vt 0.385306 0.677319
vt 0.382773 0.664793
vt 0.381072 0.651792
vt 0.380115 0.638475
vt 0.380115 0.611525
vt 0.379815 0.625000
vt 0.381072 0.598208
vt 0.382773 0.585207
vt 0.385306 0.572681
vt 0.388768 0.560798
vt 0.393303 0.549775
vt 0.399066 0.539838
vt 0.396553 0.712751
vt 0.391139 0.702527
vt 0.387044 0.691100
vt 0.384020 0.678779
vt 0.381841 0.665846
vt 0.380393 0.652474
vt 0.379589 0.638810
vt 0.379589 0.611190
vt 0.379340 0.625000
vt 0.380393 0.597526
vt 0.381841 0.584154
vt 0.384020 0.571221
vt 0.387044 0.558900
vt 0.391139 0.547474
vt 0.396553 0.537250
vt 0.393037 0.716311
vt 0.388142 0.705599
vt 0.384665 0.693558
vt 0.382223 0.680616
vt 0.380496 0.667139
vt 0.379358 0.653295
vt 0.378732 0.639209
vt 0.378732 0.610792
vt 0.378540 0.625000
vt 0.379358 0.596705
vt 0.380496 0.582862
vt 0.382223 0.569384
vt 0.384665 0.556442
vt 0.388142 0.544401
vt 0.393037 0.533689
vt 0.388324 0.721046
vt 0.384348 0.709422
vt 0.381755 0.696475
vt 0.380034 0.682748
vt 0.378838 0.668615
vt 0.378055 0.654222
vt 0.377626 0.639654
vt 0.377626 0.610346
vt 0.377496 0.625000
vt 0.378054 0.595778
vt 0.378838 0.581385
vt 0.380034 0.567252
vt 0.381755 0.553525
vt 0.384348 0.540578
vt 0.388324 0.528954
vt 0.381499 0.727878
vt 0.379861 0.713907
vt 0.378473 0.699717
vt 0.377582 0.685075
vt 0.376971 0.670214
vt 0.376572 0.655218
vt 0.376354 0.640132
vt 0.376354 0.609868
vt 0.376289 0.625000
vt 0.376572 0.594782
vt 0.376971 0.579786
vt 0.377582 0.564925
vt 0.378473 0.550283
vt 0.379861 0.536093
vt 0.381499 0.522122
vt 0.342428 0.639977
vt 0.342014 0.625000
vt 0.342428 0.610024
vt 0.345882 0.580010
vt 0.375025 0.523323
s 1
usemtl Material.001
f 437/1/1 453/2/2 452/3/1
f 439/4/3 453/2/3 438/5/4
f 440/6/5 454/7/5 439/4/5
f 441/8/6 455/9/6 440/6/7
f 442/10/8 456/11/8 441/8/9
f 443/12/10 457/13/10 442/10/11
f 444/14/12 458/15/12 443/12/13
f 445/16/14 459/17/14 444/14/15
f 446/18/16 460/19/16 445/16/17
f 447/20/18 461/21/18 446/18/19
f 448/22/20 462/23/20 447/20/21
f 449/24/22 463/25/22 448/22/22
f 450/26/23 464/27/23 449/24/24
f 451/28/25 465/29/25 450/26/26
f 452/3/27 468/30/28 467/31/27
f 454/7/29 468/30/29 453/2/30
f 455/9/31 469/32/31 454/7/31
f 456/11/32 470/33/32 455/9/33
f 457/13/34 471/34/34 456/11/35
f 458/15/36 472/35/36 457/13/37
f 459/17/38 473/36/38 458/15/39
f 460/19/40 474/37/41 459/17/42
f 461/21/43 475/38/44 460/19/45
f 462/23/46 476/39/46 461/21/47
f 463/25/48 477/40/48 462/23/49
f 464/27/50 478/41/50 463/25/50
f 465/29/51 479/42/51 464/27/52
f 466/43/53 480/44/54 465/29/55
f 467/31/56 483/45/57 482/46/56
f 469/32/58 483/45/58 468/30/58
f 470/33/59 484/47/59 469/32/59
f 471/34/60 485/48/60 470/33/61
f 472/35/62 486/49/62 471/34/63
f 473/36/64 487/50/64 472/35/65
f 474/37/66 488/51/67 473/36/68
f 475/38/69 489/52/69 474/37/70
f 476/39/71 490/53/72 475/38/73
f 477/40/74 491/54/75 476/39/76
f 478/41/77 492/55/78 477/40/79
f 479/42/80 493/56/80 478/41/81
f 480/44/82 494/57/82 479/42/83
f 481/58/84 495/59/85 480/44/86
f 482/46/87 498/60/88 497/61/87
f 484/47/89 498/60/89 483/45/89
f 485/48/90 499/62/91 484/47/92
f 486/49/93 500/63/93 485/48/94
f 487/50/95 501/64/95 486/49/96
f 488/51/97 502/65/97 487/50/98
f 489/52/99 503/66/99 488/51/100
f 490/53/101 504/67/102 489/52/103
f 491/54/104 505/68/105 490/53/106
f 492/55/107 506/69/108 491/54/109
f 493/56/110 507/70/111 492/55/112
f 494/57/113 508/71/114 493/56/115
f 495/59/116 509/72/116 494/57/117
f 496/73/118 510/74/118 495/59/119
f 497/61/120 513/75/121 512/76/120
f 499/62/122 513/75/122 498/60/122
f 500/63/123 514/77/123 499/62/124
f 501/64/125 515/78/125 500/63/126
f 502/65/127 516/79/127 501/64/128
f 503/66/129 517/80/129 502/65/130
f 504/67/131 518/81/132 503/66/133
f 505/68/134 519/82/134 504/67/135
f 506/69/136 520/83/136 505/68/137
f 507/70/138 521/84/139 506/69/140
f 508/71/141 522/85/142 507/70/143
f 509/72/144 523/86/145 508/71/146
f 510/74/147 524/87/147 509/72/148
f 511/88/149 525/89/150 510/74/151
f 512/76/152 528/90/153 527/91/152
f 514/77/154 528/90/155 513/75/156
f 515/78/157 529/92/157 514/77/157
f 516/79/158 530/93/158 515/78/159
f 517/80/160 531/94/160 516/79/161
f 518/81/162 532/95/162 517/80/163
f 519/82/164 533/96/164 518/81/165
f 520/83/166 534/97/166 519/82/167
f 521/84/168 535/98/169 520/83/170
f 522/85/171 536/99/171 521/84/172
f 523/86/173 537/100/173 522/85/174
f 524/87/175 538/101/176 523/86/177
f 525/89/178 539/102/179 524/87/180
f 526/103/181 540/104/182 525/89/183
f 527/91/184 543/105/185 542/106/184
f 529/92/186 543/105/186 528/90/186
f 530/93/187 544/107/187 529/92/187
f 531/94/188 545/108/188 530/93/189
f 532/95/190 546/109/190 531/94/191
f 533/96/192 547/110/192 532/95/193
f 534/97/194 548/111/194 533/96/195
f 535/98/196 549/112/196 534/97/197
f 536/99/198 550/113/199 535/98/200
f 537/100/201 551/114/201 536/99/202
f 538/101/203 552/115/204 537/100/205
f 539/102/206 553/116/206 538/101/207
f 540/104/208 554/117/208 539/102/209
f 541/118/210 555/119/210 540/104/211
f 543/105/212 557/120/213 542/106/213
f 543/105/214 559/121/214 558/122/214
f 544/107/215 560/123/215 559/121/215
f 545/108/216 561/124/216 560/123/217
f 546/109/218 562/125/218 561/124/219
f 547/110/220 563/126/220 562/125/221
f 548/111/222 564/127/222 563/126/223
f 549/112/224 565/128/224 564/127/225
f 550/113/226 566/129/227 565/128/228
f 551/114/229 567/130/229 566/129/230
f 552/115/231 568/131/232 567/130/233
f 553/116/234 569/132/234 568/131/235
f 554/117/236 570/133/236 569/132/237
f 555/119/238 571/134/238 570/133/239
f 558/122/240 572/135/241 557/120/241
f 558/122/242 574/136/243 573/137/244
f 559/121/245 575/138/245 574/136/245
f 560/123/246 576/139/246 575/138/247
f 561/124/248 577/140/248 576/139/249
f 562/125/250 578/141/250 577/140/251
f 563/126/252 579/142/252 578/141/253
f 564/127/254 580/143/254 579/142/255
f 565/128/256 581/144/257 580/143/258
f 566/129/259 582/145/259 581/144/260
f 567/130/261 583/146/261 582/145/262
f 568/131/263 584/147/264 583/146/265
f 569/132/266 585/148/266 584/147/267
f 570/133/268 586/149/269 585/148/270
f 573/137/271 587/150/272 572/135/272
f 573/137/273 589/151/273 588/152/273
f 574/136/274 590/153/274 589/151/275
f 575/138/276 591/154/276 590/153/277
f 576/139/278 592/155/278 591/154/279
f 577/140/280 593/156/280 592/155/281
f 578/141/282 594/157/282 593/156/283
f 579/142/284 595/158/284 594/157/285
f 580/143/286 596/159/286 595/158/287
f 581/144/288 597/160/289 596/159/290
f 582/145/291 598/161/292 597/160/293
f 583/146/294 599/162/295 598/161/296
f 584/147/297 600/163/297 599/162/298
f 585/148/299 601/164/299 600/163/300
f 588/152/301 602/165/302 587/150/302
f 588/152/303 604/166/303 603/167/303
f 589/151/304 605/168/305 604/166/306
f 590/153/307 606/169/307 605/168/308
f 591/154/309 607/170/309 606/169/310
f 592/155/311 608/171/311 607/170/312
f 593/156/313 609/172/313 608/171/314
f 594/157/315 610/173/316 609/172/317
f 595/158/318 611/174/319 610/173/320
f 596/159/321 612/175/322 611/174/323
f 597/160/324 613/176/325 612/175/326
f 598/161/327 614/177/328 613/176/329
f 599/162/330 615/178/330 614/177/331
f 600/163/332 616/179/332 615/178/333
f 603/167/334 617/180/335 602/165/335
f 603/167/336 619/181/336 618/182/336
f 604/166/337 620/183/337 619/181/337
f 605/168/338 621/184/338 620/183/339
f 606/169/340 622/185/340 621/184/341
f 607/170/342 623/186/342 622/185/343
f 608/171/344 624/187/345 623/186/346
f 609/172/347 625/188/347 624/187/348
f 610/173/349 626/189/350 625/188/351
f 611/174/352 627/190/353 626/189/354
f 612/175/355 628/191/356 627/190/357
f 613/176/358 629/192/358 628/191/359
f 614/177/360 630/193/360 629/192/361
f 615/178/362 631/194/363 630/193/364
f 618/182/365 632/195/366 617/180/366
f 618/182/367 634/196/367 633/197/368
f 619/181/369 635/198/369 634/196/369
f 620/183/370 636/199/370 635/198/371
f 621/184/372 637/200/372 636/199/373
f 622/185/374 638/201/374 637/200/375
f 623/186/376 639/202/376 638/201/377
f 624/187/378 640/203/378 639/202/379
f 625/188/380 641/204/380 640/203/381
f 626/189/382 642/205/382 641/204/383
f 627/190/384 643/206/384 642/205/385
f 628/191/386 644/207/386 643/206/386
f 629/192/387 645/208/387 644/207/388
f 630/193/389 646/209/390 645/208/391
f 633/197/392 647/210/393 632/195/394
f 633/197/395 649/211/395 648/212/396
f 634/196/397 650/213/397 649/211/397
f 635/198/398 651/214/398 650/213/399
f 636/199/400 652/215/400 651/214/401
f 637/200/402 653/216/402 652/215/403
f 638/201/404 654/217/404 653/216/405
f 639/202/406 655/218/406 654/217/407
f 640/203/408 656/219/409 655/218/410
f 641/204/411 657/220/411 656/219/412
f 642/205/413 658/221/413 657/220/414
f 643/206/415 659/222/415 658/221/415
f 644/207/416 660/223/416 659/222/417
f 645/208/418 661/224/418 660/223/419
f 1/225/420 437/1/421 122/226/420
f 181/227/421 438/5/422 437/1/421
f 179/228/423 438/5/423 180/229/423
f 178/230/424 439/4/424 179/228/424
f 177/231/425 440/6/425 178/230/426
f 176/232/427 441/8/427 177/231/428
f 175/233/429 442/10/429 176/232/430
f 174/234/431 443/12/431 175/233/432
f 173/235/433 444/14/433 174/234/434
f 172/236/435 445/16/436 173/235/437
f 171/237/438 446/18/438 172/236/439
f 170/238/440 447/20/440 171/237/441
f 169/239/442 448/22/442 170/238/442
f 168/240/443 449/24/443 169/239/444
f 167/241/445 450/26/446 168/240/447
f 5/242/448 451/28/448 167/241/449
f 166/243/450 466/43/451 451/28/452
f 165/244/453 481/58/453 466/43/454
f 164/245/455 496/73/455 481/58/456
f 163/246/457 511/88/457 496/73/458
f 162/247/459 526/103/459 511/88/460
f 161/248/461 541/118/461 526/103/462
f 160/249/463 556/250/463 541/118/464
f 556/250/465 158/251/465 571/134/466
f 571/134/467 157/252/467 586/149/468
f 586/149/469 156/253/469 601/164/470
f 601/164/471 155/254/471 616/179/472
f 616/179/473 154/255/473 631/194/474
f 631/194/475 153/256/475 646/209/476
f 646/209/477 152/257/478 661/224/479
f 661/224/480 7/258/480 121/259/481
f 660/223/482 121/259/483 120/260/484
f 659/222/485 120/260/485 119/261/486
f 658/221/487 119/261/487 118/262/487
f 657/220/488 118/262/488 117/263/489
f 656/219/490 117/263/490 116/264/491
f 655/218/492 116/264/493 115/265/494
f 654/217/495 115/265/495 114/266/496
f 653/216/497 114/266/497 113/267/498
f 652/215/499 113/267/499 112/268/500
f 651/214/501 112/268/501 111/269/502
f 650/213/503 111/269/503 110/270/504
f 649/211/505 110/270/505 109/271/505
f 648/212/506 109/271/506 108/272/506
f 648/212/507 107/273/508 647/210/508
f 647/210/508 3/274/509 136/275/509
f 632/195/394 136/275/510 135/276/510
f 617/180/366 135/276/511 134/277/511
f 602/165/335 134/277/512 133/278/512
f 587/150/302 133/278/513 132/279/513
f 572/135/272 132/279/514 131/280/514
f 557/120/241 131/280/515 130/281/515
f 542/106/213 130/281/516 129/282/516
f 128/283/517 542/106/184 129/282/517
f 127/284/518 527/91/152 128/283/518
f 126/285/519 512/76/120 127/284/519
f 125/286/520 497/61/87 126/285/520
f 124/287/521 482/46/56 125/286/521
f 123/288/522 467/31/27 124/287/522
f 122/226/523 452/3/1 123/288/523
f 662/289/524 678/290/525 677/291/526
f 663/292/527 679/293/528 678/290/528
f 664/294/529 680/295/530 679/293/530
f 665/296/531 681/297/532 680/295/532
f 666/298/533 682/299/534 681/297/534
f 667/300/535 683/301/536 682/299/536
f 668/302/537 684/303/538 683/301/538
f 670/304/539 684/303/540 669/305/539
f 671/306/541 685/307/542 670/304/541
f 672/308/543 686/309/544 671/306/543
f 673/310/545 687/311/546 672/308/545
f 674/312/547 688/313/548 673/310/547
f 675/314/549 689/315/550 674/312/549
f 676/316/551 690/317/552 675/314/551
f 678/290/553 692/318/553 677/291/554
f 679/293/555 693/319/555 678/290/556
f 680/295/557 694/320/557 679/293/557
f 681/297/558 695/321/558 680/295/558
f 682/299/559 696/322/559 681/297/559
f 683/301/560 697/323/561 682/299/562
f 684/303/563 698/324/563 683/301/563
f 684/303/564 700/325/564 699/326/564
f 685/307/565 701/327/566 700/325/565
f 686/309/567 702/328/567 701/327/568
f 687/311/569 703/329/569 702/328/569
f 688/313/570 704/330/570 703/329/570
f 689/315/571 705/331/571 704/330/571
f 690/317/572 706/332/572 705/331/572
f 693/319/573 707/333/573 692/318/573
f 694/320/574 708/334/574 693/319/574
f 695/321/575 709/335/575 694/320/575
f 696/322/576 710/336/577 695/321/578
f 697/323/579 711/337/579 696/322/580
f 698/324/581 712/338/581 697/323/581
f 699/326/582 713/339/582 698/324/582
f 699/326/583 715/340/583 714/341/583
f 700/325/584 716/342/584 715/340/585
f 701/327/586 717/343/586 716/342/586
f 702/328/587 718/344/588 717/343/587
f 703/329/589 719/345/589 718/344/590
f 704/330/591 720/346/591 719/345/592
f 705/331/593 721/347/593 720/346/594
f 708/334/595 722/348/595 707/333/596
f 709/335/597 723/349/597 708/334/598
f 710/336/599 724/350/599 709/335/600
f 711/337/601 725/351/601 710/336/602
f 712/338/603 726/352/603 711/337/604
f 713/339/605 727/353/605 712/338/606
f 714/341/607 728/354/607 713/339/608
f 714/341/609 730/355/609 729/356/609
f 715/340/610 731/357/610 730/355/611
f 716/342/612 732/358/612 731/357/613
f 717/343/614 733/359/614 732/358/615
f 718/344/616 734/360/616 733/359/617
f 719/345/618 735/361/618 734/360/619
f 720/346/620 736/362/620 735/361/621
f 723/349/622 737/363/622 722/348/623
f 724/350/624 738/364/624 723/349/625
f 725/351/626 739/365/626 724/350/627
f 726/352/628 740/366/628 725/351/629
f 727/353/630 741/367/630 726/352/631
f 728/354/632 742/368/632 727/353/633
f 729/356/634 743/369/634 728/354/635
f 729/356/636 745/370/636 744/371/637
f 730/355/638 746/372/638 745/370/639
f 731/357/640 747/373/640 746/372/641
f 732/358/642 748/374/642 747/373/643
f 733/359/644 749/375/644 748/374/645
f 734/360/646 750/376/646 749/375/647
f 735/361/648 751/377/648 750/376/649
f 738/364/650 752/378/650 737/363/651
f 739/365/652 753/379/652 738/364/653
f 740/366/654 754/380/654 739/365/655
f 741/367/656 755/381/656 740/366/657
f 742/368/658 756/382/658 741/367/659
f 743/369/660 757/383/660 742/368/661
f 744/371/662 758/384/662 743/369/663
f 744/371/664 760/385/664 759/386/665
f 745/370/666 761/387/666 760/385/667
f 746/372/668 762/388/668 761/387/669
f 747/373/670 763/389/670 762/388/671
f 748/374/672 764/390/672 763/389/673
f 749/375/674 765/391/674 764/390/675
f 750/376/676 766/392/676 765/391/677
f 753/379/678 767/393/678 752/378/679
f 754/380/680 768/394/680 753/379/681
f 755/381/682 769/395/683 754/380/684
f 756/382/685 770/396/685 755/381/686
f 757/383/687 771/397/687 756/382/688
f 758/384/689 772/398/689 757/383/690
f 759/386/691 773/399/691 758/384/692
f 759/386/693 775/400/693 774/401/694
f 760/385/695 776/402/695 775/400/696
f 761/387/697 777/403/697 776/402/698
f 762/388/699 778/404/699 777/403/700
f 763/389/701 779/405/702 778/404/703
f 764/390/704 780/406/704 779/405/705
f 765/391/706 781/407/706 780/406/707
f 768/394/708 782/408/708 767/393/709
f 769/395/710 783/409/710 768/394/711
f 770/396/712 784/410/712 769/395/713
f 771/397/714 785/411/715 770/396/716
f 772/398/717 786/412/717 771/397/718
f 773/399/719 787/413/719 772/398/720
f 774/401/721 788/414/721 773/399/722
f 774/401/723 790/415/723 789/416/724
f 775/400/725 791/417/725 790/415/726
f 776/402/727 792/418/727 791/417/728
f 777/403/729 793/419/730 792/418/731
f 778/404/732 794/420/732 793/419/733
f 779/405/734 795/421/734 794/420/735
f 780/406/736 796/422/736 795/421/737
f 783/409/738 797/423/739 782/408/740
f 784/410/741 798/424/741 783/409/742
f 785/411/743 799/425/744 784/410/745
f 786/412/746 800/426/747 785/411/748
f 787/413/749 801/427/749 786/412/750
f 788/414/751 802/428/752 787/413/753
f 789/416/754 803/429/755 788/414/756
f 789/416/757 805/430/758 804/431/759
f 790/415/760 806/432/761 805/430/762
f 791/417/763 807/433/763 806/432/764
f 792/418/765 808/434/766 807/433/767
f 793/419/768 809/435/769 808/434/770
f 794/420/771 810/436/771 809/435/772
f 795/421/773 811/437/774 810/436/775
f 798/424/776 812/438/776 797/423/777
f 799/425/778 813/439/778 798/424/779
f 800/426/780 814/440/781 799/425/782
f 801/427/783 815/441/784 800/426/785
f 802/428/786 816/442/787 801/427/788
f 803/429/789 817/443/789 802/428/790
f 804/431/791 818/444/791 803/429/792
f 804/431/793 820/445/793 819/446/794
f 805/430/795 821/447/795 820/445/796
f 806/432/797 822/448/798 821/447/799
f 807/433/800 823/449/801 822/448/802
f 808/434/803 824/450/804 823/449/805
f 809/435/806 825/451/806 824/450/807
f 810/436/808 826/452/808 825/451/809
f 813/439/810 827/453/810 812/438/811
f 814/440/812 828/454/812 813/439/813
f 815/441/814 829/455/815 814/440/816
f 816/442/817 830/456/818 815/441/819
f 817/443/820 831/457/820 816/442/821
f 818/444/822 832/458/822 817/443/823
f 819/446/824 833/459/825 818/444/826
f 819/446/827 835/460/828 834/461/829
f 820/445/830 836/462/830 835/460/831
f 821/447/832 837/463/833 836/462/834
f 822/448/835 838/464/836 837/463/837
f 823/449/838 839/465/839 838/464/840
f 824/450/841 840/466/841 839/465/842
f 825/451/843 841/467/843 840/466/844
f 828/454/845 842/468/845 827/453/845
f 829/455/846 843/469/846 828/454/846
f 830/456/847 844/470/847 829/455/848
f 831/457/849 845/471/850 830/456/851
f 832/458/852 846/472/852 831/457/853
f 833/459/854 847/473/855 832/458/856
f 834/461/857 848/474/857 833/459/858
f 834/461/859 850/475/859 849/476/860
f 835/460/861 851/477/862 850/475/863
f 836/462/864 852/478/865 851/477/866
f 837/463/867 853/479/868 852/478/869
f 838/464/870 854/480/870 853/479/871
f 839/465/872 855/481/872 854/480/873
f 840/466/874 856/482/874 855/481/874
f 843/469/875 857/483/875 842/468/876
f 844/470/877 858/484/877 843/469/878
f 845/471/879 859/485/879 844/470/880
f 846/472/881 860/486/881 845/471/882
f 847/473/883 861/487/883 846/472/884
f 848/474/885 862/488/886 847/473/887
f 849/476/888 863/489/888 848/474/889
f 849/476/890 865/490/890 864/491/891
f 850/475/892 866/492/893 865/490/894
f 851/477/895 867/493/895 866/492/896
f 852/478/897 868/494/897 867/493/898
f 853/479/899 869/495/899 868/494/900
f 854/480/901 870/496/901 869/495/902
f 855/481/903 871/497/903 870/496/904
f 858/484/905 872/498/905 857/483/906
f 859/485/907 873/499/908 858/484/909
f 860/486/910 874/500/911 859/485/912
f 861/487/913 875/501/913 860/486/914
f 862/488/915 876/502/916 861/487/917
f 863/489/918 877/503/919 862/488/920
f 864/491/921 878/504/921 863/489/922
f 864/491/923 880/505/923 879/506/924
f 865/490/925 881/507/926 880/505/927
f 866/492/928 882/508/929 881/507/930
f 867/493/931 883/509/931 882/508/932
f 868/494/933 884/510/934 883/509/935
f 869/495/936 885/511/937 884/510/938
f 870/496/939 886/512/939 885/511/940
f 4/513/941 662/289/942 151/514/942
f 91/515/943 663/292/524 662/289/524
f 90/516/944 664/294/527 663/292/527
f 89/517/945 665/296/529 664/294/529
f 88/518/946 666/298/531 665/296/531
f 87/519/947 667/300/533 666/298/533
f 86/520/948 668/302/535 667/300/535
f 85/521/949 669/305/537 668/302/537
f 83/522/950 669/305/539 84/523/950
f 82/524/951 670/304/541 83/522/951
f 81/525/952 671/306/543 82/524/952
f 80/526/953 672/308/545 81/525/953
f 79/527/954 673/310/547 80/526/954
f 78/528/955 674/312/549 79/527/955
f 77/529/956 675/314/551 78/528/956
f 3/274/957 676/316/958 77/529/957
f 107/530/958 691/531/959 676/316/958
f 691/531/960 109/532/960 706/332/960
f 706/332/961 110/533/961 721/347/962
f 721/347/963 111/534/963 736/362/963
f 736/362/964 112/535/964 751/377/965
f 751/377/966 113/536/966 766/392/967
f 766/392/968 114/537/968 781/407/969
f 781/407/970 115/538/970 796/422/971
f 796/422/972 116/539/973 811/437/974
f 811/437/975 117/540/975 826/452/976
f 826/452/977 118/541/977 841/467/978
f 841/467/979 119/542/979 856/482/980
f 856/482/981 120/543/981 871/497/982
f 871/497/983 121/544/984 886/512/985
f 886/512/986 7/545/986 76/546/987
f 885/511/988 76/546/989 75/547/990
f 884/510/991 75/547/991 74/548/992
f 883/509/993 74/548/993 73/549/994
f 882/508/995 73/549/995 72/550/996
f 881/507/997 72/550/997 71/551/998
f 880/505/999 71/551/999 70/552/1000
f 879/506/1001 70/552/1001 69/553/1002
f 879/506/1003 68/554/1003 878/504/1004
f 878/504/1005 67/555/1005 877/503/1006
f 877/503/1007 66/556/1007 876/502/1008
f 876/502/1009 65/557/1009 875/501/1010
f 875/501/1011 64/558/1011 874/500/1012
f 874/500/1013 63/559/1013 873/499/1014
f 873/499/1015 62/560/1016 872/498/1017
f 872/498/1018 8/561/1018 137/562/1019
f 857/483/1020 137/562/1021 138/563/1022
f 842/468/1023 138/563/1023 139/564/1024
f 827/453/1025 139/564/1025 140/565/1025
f 812/438/1026 140/565/1026 141/566/1027
f 797/423/1028 141/566/1028 142/567/1029
f 782/408/1030 142/567/1031 143/568/1032
f 767/393/1033 143/568/1034 144/569/1035
f 752/378/1036 144/569/1036 145/570/1037
f 737/363/1038 145/570/1038 146/571/1039
f 722/348/1040 146/571/1040 147/572/1041
f 707/333/1042 147/572/1042 148/573/1043
f 692/318/1044 148/573/1044 149/574/1044
f 677/291/1045 149/574/1045 150/575/1045
f 151/514/942 677/291/1046 150/575/1047
f 887/576/1048 903/577/1048 902/578/1049
f 888/579/1050 904/580/1051 903/577/1052
f 889/581/1053 905/582/1053 904/580/1054
f 890/583/1055 906/584/1055 905/582/1056
f 891/585/1057 907/586/1057 906/584/1058
f 892/587/1059 908/588/1060 907/586/1061
f 893/589/1062 909/590/1062 908/588/1063
f 895/591/1064 909/590/1064 894/592/1065
f 896/593/1066 910/594/1067 895/591/1068
f 897/595/1069 911/596/1069 896/593/1070
f 898/597/1071 912/598/1071 897/595/1072
f 899/599/1073 913/600/1073 898/597/1074
f 900/601/1075 914/602/1076 899/599/1077
f 901/603/1078 915/604/1078 900/601/1079
f 902/578/1080 918/605/1081 917/606/1082
f 903/577/1083 919/607/1083 918/605/1084
f 904/580/1085 920/608/1085 919/607/1086
f 905/582/1087 921/609/1087 920/608/1088
f 906/584/1089 922/610/1089 921/609/1090
f 907/586/1091 923/611/1091 922/610/1092
f 908/588/1093 924/612/1093 923/611/1094
f 910/594/1095 924/612/1095 909/590/1096
f 911/596/1097 925/613/1097 910/594/1098
f 912/598/1099 926/614/1099 911/596/1100
f 913/600/1101 927/615/1101 912/598/1102
f 914/602/1103 928/616/1103 913/600/1104
f 915/604/1105 929/617/1105 914/602/1106
f 916/618/1107 930/619/1108 915/604/1109
f 917/606/1110 933/620/1110 932/621/1111
f 918/605/1112 934/622/1112 933/620/1113
f 919/607/1114 935/623/1114 934/622/1115
f 920/608/1116 936/624/1116 935/623/1117
f 921/609/1118 937/625/1118 936/624/1119
f 922/610/1120 938/626/1120 937/625/1121
f 923/611/1122 939/627/1122 938/626/1123
f 925/613/1124 939/627/1124 924/612/1125
f 926/614/1126 940/628/1126 925/613/1127
f 927/615/1128 941/629/1128 926/614/1129
f 928/616/1130 942/630/1130 927/615/1131
f 929/617/1132 943/631/1132 928/616/1133
f 930/619/1134 944/632/1134 929/617/1135
f 931/633/1136 945/634/1136 930/619/1137
f 932/621/1138 948/635/1138 947/636/1139
f 933/620/1140 949/637/1140 948/635/1141
f 934/622/1142 950/638/1142 949/637/1143
f 935/623/1144 951/639/1144 950/638/1145
f 936/624/1146 952/640/1146 951/639/1147
f 937/625/1148 953/641/1148 952/640/1149
f 938/626/1150 954/642/1151 953/641/1152
f 940/628/1153 954/642/1154 939/627/1155
f 941/629/1156 955/643/1156 940/628/1157
f 942/630/1158 956/644/1158 941/629/1159
f 943/631/1160 957/645/1160 942/630/1161
f 944/632/1162 958/646/1162 943/631/1163
f 945/634/1164 959/647/1164 944/632/1165
f 946/648/1166 960/649/1166 945/634/1167
f 947/636/1168 963/650/1168 962/651/1169
f 948/635/1170 964/652/1170 963/650/1171
f 949/637/1172 965/653/1172 964/652/1173
f 950/638/1174 966/654/1174 965/653/1175
f 951/639/1176 967/655/1176 966/654/1177
f 952/640/1178 968/656/1178 967/655/1179
f 953/641/1180 969/657/1180 968/656/1181
f 955/643/1182 969/657/1182 954/642/1183
f 956/644/1184 970/658/1184 955/643/1185
f 957/645/1186 971/659/1186 956/644/1187
f 958/646/1188 972/660/1188 957/645/1189
f 959/647/1190 973/661/1190 958/646/1191
f 960/649/1192 974/662/1192 959/647/1193
f 961/663/1194 975/664/1194 960/649/1195
f 962/651/1196 978/665/1197 977/666/1198
f 963/650/1199 979/667/1199 978/665/1200
f 964/652/1201 980/668/1201 979/667/1202
f 965/653/1203 981/669/1203 980/668/1204
f 966/654/1205 982/670/1205 981/669/1206
f 967/655/1207 983/671/1207 982/670/1208
f 968/656/1209 984/672/1209 983/671/1210
f 970/658/1211 984/672/1211 969/657/1212
f 971/659/1213 985/673/1213 970/658/1214
f 972/660/1215 986/674/1215 971/659/1216
f 973/661/1217 987/675/1217 972/660/1218
f 974/662/1219 988/676/1219 973/661/1220
f 975/664/1221 989/677/1221 974/662/1222
f 976/678/1223 990/679/1224 975/664/1225
f 977/666/1226 993/680/1226 992/681/1227
f 978/665/1228 994/682/1228 993/680/1229
f 979/667/1230 995/683/1230 994/682/1231
f 980/668/1232 996/684/1233 995/683/1234
f 981/669/1235 997/685/1235 996/684/1236
f 982/670/1237 998/686/1237 997/685/1238
f 983/671/1239 999/687/1239 998/686/1240
f 985/673/1241 999/687/1241 984/672/1242
f 986/674/1243 1000/688/1243 985/673/1244
f 987/675/1245 1001/689/1245 986/674/1246
f 988/676/1247 1002/690/1248 987/675/1249
f 989/677/1250 1003/691/1250 988/676/1251
f 990/679/1252 1004/692/1252 989/677/1253
f 991/693/1254 1005/694/1254 990/679/1255
f 993/680/1256 1007/695/1256 992/681/1257
f 994/682/1258 1008/696/1258 993/680/1259
f 995/683/1260 1009/697/1260 994/682/1261
f 996/684/1262 1010/698/1263 995/683/1264
f 997/685/1265 1011/699/1265 996/684/1266
f 998/686/1267 1012/700/1267 997/685/1268
f 999/687/1269 1013/701/1269 998/686/1270
f 999/687/1271 1015/702/1271 1014/703/1272
f 1000/688/1273 1016/704/1273 1015/702/1274
f 1001/689/1275 1017/705/1275 1016/704/1276
f 1002/690/1277 1018/706/1278 1017/705/1279
f 1003/691/1280 1019/707/1280 1018/706/1281
f 1004/692/1282 1020/708/1282 1019/707/1283
f 1005/694/1284 1021/709/1284 1020/708/1285
f 1008/696/1286 1022/710/1287 1007/695/1288
f 1009/697/1289 1023/711/1289 1008/696/1290
f 1010/698/1291 1024/712/1291 1009/697/1292
f 1011/699/1293 1025/713/1293 1010/698/1294
f 1012/700/1295 1026/714/1295 1011/699/1296
f 1013/701/1297 1027/715/1297 1012/700/1298
f 1014/703/1299 1028/716/1299 1013/701/1300
f 1014/703/1301 1030/717/1301 1029/718/1302
f 1015/702/1303 1031/719/1303 1030/717/1304
f 1016/704/1305 1032/720/1305 1031/719/1306
f 1017/705/1307 1033/721/1307 1032/720/1308
f 1018/706/1309 1034/722/1309 1033/721/1310
f 1019/707/1311 1035/723/1311 1034/722/1312
f 1020/708/1313 1036/724/1314 1035/723/1315
f 1023/711/1316 1037/725/1316 1022/710/1317
f 1024/712/1318 1038/726/1318 1023/711/1319
f 1025/713/1320 1039/727/1320 1024/712/1321
f 1026/714/1322 1040/728/1322 1025/713/1323
f 1027/715/1324 1041/729/1324 1026/714/1325
f 1028/716/1326 1042/730/1326 1027/715/1327
f 1029/718/1328 1043/731/1329 1028/716/1330
f 1029/718/1331 1045/732/1332 1044/733/1333
f 1030/717/1334 1046/734/1334 1045/732/1335
f 1031/719/1336 1047/735/1336 1046/734/1337
f 1032/720/1338 1048/736/1338 1047/735/1339
f 1033/721/1340 1049/737/1340 1048/736/1341
f 1034/722/1342 1050/738/1342 1049/737/1343
f 1035/723/1344 1051/739/1344 1050/738/1345
f 1038/726/1346 1052/740/1346 1037/725/1347
f 1039/727/1348 1053/741/1348 1038/726/1349
f 1040/728/1350 1054/742/1350 1039/727/1351
f 1041/729/1352 1055/743/1352 1040/728/1353
f 1042/730/1354 1056/744/1354 1041/729/1355
f 1043/731/1356 1057/745/1356 1042/730/1357
f 1044/733/1358 1058/746/1358 1043/731/1359
f 1044/733/1360 1060/747/1360 1059/748/1361
f 1045/732/1362 1061/749/1362 1060/747/1363
f 1046/734/1364 1062/750/1364 1061/749/1365
f 1047/735/1366 1063/751/1366 1062/750/1367
f 1048/736/1368 1064/752/1368 1063/751/1369
f 1049/737/1370 1065/753/1370 1064/752/1371
f 1050/738/1372 1066/754/1372 1065/753/1373
f 1053/741/1374 1067/755/1374 1052/740/1375
f 1054/742/1376 1068/756/1376 1053/741/1377
f 1055/743/1378 1069/757/1378 1054/742/1379
f 1056/744/1380 1070/758/1380 1055/743/1381
f 1057/745/1382 1071/759/1382 1056/744/1383
f 1058/746/1384 1072/760/1384 1057/745/1385
f 1059/748/1386 1073/761/1386 1058/746/1387
f 1059/748/1388 1075/762/1388 1074/763/1389
f 1060/747/1390 1076/764/1390 1075/762/1391
f 1061/749/1392 1077/765/1392 1076/764/1393
f 1062/750/1394 1078/766/1394 1077/765/1395
f 1063/751/1396 1079/767/1396 1078/766/1397
f 1064/752/1398 1080/768/1398 1079/767/1399
f 1065/753/1400 1081/769/1400 1080/768/1401
f 1068/756/1402 1082/770/1403 1067/755/1404
f 1069/757/1405 1083/771/1405 1068/756/1406
f 1070/758/1407 1084/772/1407 1069/757/1408
f 1071/759/1409 1085/773/1409 1070/758/1410
f 1072/760/1411 1086/774/1411 1071/759/1412
f 1073/761/1413 1087/775/1413 1072/760/1414
f 1074/763/1415 1088/776/1415 1073/761/1416
f 1074/763/1417 1090/777/1417 1089/778/1418
f 1075/762/1419 1091/779/1419 1090/777/1420
f 1076/764/1421 1092/780/1421 1091/779/1422
f 1077/765/1423 1093/781/1423 1092/780/1424
f 1078/766/1425 1094/782/1425 1093/781/1426
f 1079/767/1427 1095/783/1427 1094/782/1428
f 1080/768/1429 1096/784/1430 1095/783/1431
f 1083/771/1432 1097/785/1432 1082/770/1433
f 1084/772/1434 1098/786/1435 1083/771/1436
f 1085/773/1437 1099/787/1437 1084/772/1438
f 1086/774/1439 1100/788/1439 1085/773/1440
f 1087/775/1441 1101/789/1441 1086/774/1442
f 1088/776/1443 1102/790/1444 1087/775/1445
f 1089/778/1446 1103/791/1446 1088/776/1447
f 1089/778/1448 1105/792/1448 1104/793/1449
f 1090/777/1450 1106/794/1451 1105/792/1452
f 1091/779/1453 1107/795/1453 1106/794/1454
f 1092/780/1455 1108/796/1455 1107/795/1456
f 1093/781/1457 1109/797/1457 1108/796/1458
f 1094/782/1459 1110/798/1460 1109/797/1461
f 1095/783/1462 1111/799/1462 1110/798/1463
f 8/800/1464 887/576/1464 31/801/1465
f 62/802/1466 888/579/1467 887/576/1468
f 63/803/1469 889/581/1469 888/579/1470
f 64/804/1471 890/583/1471 889/581/1472
f 65/805/1473 891/585/1473 890/583/1474
f 66/806/1475 892/587/1476 891/585/1477
f 67/807/1478 893/589/1478 892/587/1479
f 68/808/1480 894/592/1481 893/589/1482
f 70/809/1483 894/592/1484 69/810/1485
f 71/811/1486 895/591/1486 70/809/1487
f 72/812/1488 896/593/1489 71/811/1490
f 73/813/1491 897/595/1491 72/812/1492
f 74/814/1493 898/597/1493 73/813/1493
f 75/815/1494 899/599/1494 74/814/1495
f 76/816/1496 900/601/1497 75/815/1498
f 7/817/1499 901/603/1499 76/816/1500
f 152/818/1501 916/618/1502 901/603/1503
f 153/819/1504 931/633/1504 916/618/1505
f 154/820/1506 946/648/1506 931/633/1507
f 155/821/1508 961/663/1508 946/648/1509
f 156/822/1510 976/678/1510 961/663/1511
f 157/823/1512 991/693/1512 976/678/1513
f 158/824/1514 1006/825/1515 991/693/1516
f 1006/825/1517 160/826/1518 1021/709/1519
f 1021/709/1520 161/827/1520 1036/724/1521
f 1036/724/1522 162/828/1523 1051/739/1524
f 1051/739/1525 163/829/1525 1066/754/1526
f 1066/754/1527 164/830/1527 1081/769/1528
f 1081/769/1529 165/831/1529 1096/784/1530
f 1096/784/1531 166/832/1532 1111/799/1533
f 1111/799/1534 5/833/1534 92/834/1535
f 1110/798/1536 92/834/1537 93/835/1538
f 1109/797/1539 93/835/1539 94/836/1540
f 1108/796/1541 94/836/1541 95/837/1541
f 1107/795/1542 95/837/1542 96/838/1543
f 1106/794/1544 96/838/1545 97/839/1546
f 1105/792/1547 97/839/1547 98/840/1548
f 1104/793/1549 98/840/1550 99/841/1551
f 1104/793/1552 100/842/1553 1103/791/1554
f 1103/791/1555 101/843/1555 1102/790/1556
f 1102/790/1557 102/844/1558 1101/789/1559
f 1101/789/1560 103/845/1560 1100/788/1561
f 1100/788/1562 104/846/1562 1099/787/1563
f 1099/787/1564 105/847/1564 1098/786/1565
f 1098/786/1566 106/848/1567 1097/785/1568
f 1097/785/1569 6/849/1569 17/850/1570
f 1082/770/1571 17/850/1572 18/851/1573
f 1067/755/1574 18/851/1574 19/852/1575
f 1052/740/1576 19/852/1576 20/853/1576
f 1037/725/1577 20/853/1577 21/854/1578
f 1022/710/1579 21/854/1580 22/855/1581
f 1007/695/1582 22/855/1582 23/856/1583
f 992/681/1584 23/856/1585 24/857/1586
f 25/858/1587 992/681/1588 24/857/1589
f 26/859/1590 977/666/1590 25/858/1591
f 27/860/1592 962/651/1593 26/859/1594
f 28/861/1595 947/636/1595 27/860/1596
f 29/862/1597 932/621/1597 28/861/1597
f 30/863/1598 917/606/1598 29/862/1599
f 31/801/1600 902/578/1601 30/863/1602
f 1112/864/1603 1128/865/1603 1127/866/1604
f 1113/867/1605 1129/868/1605 1128/865/1606
f 1114/869/1607 1130/870/1607 1129/868/1607
f 1115/871/1608 1131/872/1608 1130/870/1609
f 1116/873/1610 1132/874/1610 1131/872/1611
f 1117/875/1612 1133/876/1612 1132/874/1613
f 1118/877/1614 1134/878/1614 1133/876/1615
f 1119/879/1616 1135/880/1616 1134/878/1617
f 1120/881/1618 1136/882/1618 1135/880/1619
f 1121/883/1620 1137/884/1620 1136/882/1621
f 1122/885/1622 1138/886/1622 1137/884/1623
f 1123/887/1624 1139/888/1624 1138/886/1625
f 1124/889/1626 1140/890/1626 1139/888/1626
f 1126/891/1627 1140/890/1628 1125/892/1628
f 1127/866/1629 1143/893/1630 1142/894/1631
f 1128/865/1632 1144/895/1632 1143/893/1633
f 1129/868/1634 1145/896/1634 1144/895/1635
f 1130/870/1636 1146/897/1636 1145/896/1637
f 1131/872/1638 1147/898/1638 1146/897/1639
f 1132/874/1640 1148/899/1641 1147/898/1642
f 1133/876/1643 1149/900/1644 1148/899/1645
f 1134/878/1646 1150/901/1646 1149/900/1647
f 1135/880/1648 1151/902/1648 1150/901/1649
f 1136/882/1650 1152/903/1650 1151/902/1651
f 1137/884/1652 1153/904/1652 1152/903/1653
f 1138/886/1654 1154/905/1654 1153/904/1655
f 1139/888/1656 1155/906/1656 1154/905/1656
f 1141/907/1657 1155/906/1658 1140/890/1658
f 1142/894/1659 1158/908/1660 1157/909/1661
f 1143/893/1662 1159/910/1662 1158/908/1663
f 1144/895/1664 1160/911/1664 1159/910/1665
f 1145/896/1666 1161/912/1667 1160/911/1668
f 1146/897/1669 1162/913/1670 1161/912/1671
f 1147/898/1672 1163/914/1673 1162/913/1674
f 1148/899/1675 1164/915/1675 1163/914/1676
f 1149/900/1677 1165/916/1678 1164/915/1679
f 1150/901/1680 1166/917/1680 1165/916/1681
f 1151/902/1682 1167/918/1682 1166/917/1683
f 1152/903/1684 1168/919/1684 1167/918/1685
f 1153/904/1686 1169/920/1686 1168/919/1687
f 1154/905/1688 1170/921/1688 1169/920/1688
f 1156/922/1689 1170/921/1690 1155/906/1690
f 1157/909/1691 1173/923/1691 1172/924/1692
f 1158/908/1693 1174/925/1693 1173/923/1694
f 1159/910/1695 1175/926/1696 1174/925/1697
f 1160/911/1698 1176/927/1699 1175/926/1700
f 1161/912/1701 1177/928/1702 1176/927/1703
f 1162/913/1704 1178/929/1705 1177/928/1706
f 1163/914/1707 1179/930/1708 1178/929/1709
f 1164/915/1710 1180/931/1710 1179/930/1711
f 1165/916/1712 1181/932/1712 1180/931/1713
f 1166/917/1714 1182/933/1714 1181/932/1715
f 1167/918/1716 1183/934/1716 1182/933/1717
f 1168/919/1718 1184/935/1719 1183/934/1719
f 1169/920/1720 1185/936/1720 1184/935/1720
f 1171/937/1721 1185/936/1722 1170/921/1722
f 1172/924/1723 1188/938/1724 1187/939/1725
f 1173/923/1726 1189/940/1726 1188/938/1727
f 1174/925/1728 1190/941/1729 1189/940/1730
f 1175/926/1731 1191/942/1732 1190/941/1733
f 1176/927/1734 1192/943/1735 1191/942/1736
f 1177/928/1737 1193/944/1737 1192/943/1738
f 1178/929/1739 1194/945/1739 1193/944/1740
f 1179/930/1741 1195/946/1742 1194/945/1743
f 1180/931/1744 1196/947/1744 1195/946/1745
f 1181/932/1746 1197/948/1746 1196/947/1747
f 1182/933/1748 1198/949/1748 1197/948/1749
f 1183/934/1750 1199/950/1750 1198/949/1750
f 1184/935/1751 1200/951/1751 1199/950/1752
f 1186/952/1753 1200/951/1754 1185/936/1754
f 1187/939/1755 1203/953/1756 1202/954/1757
f 1188/938/1758 1204/955/1759 1203/953/1760
f 1189/940/1761 1205/956/1762 1204/955/1763
f 1190/941/1764 1206/957/1764 1205/956/1765
f 1191/942/1766 1207/958/1766 1206/957/1767
f 1192/943/1768 1208/959/1769 1207/958/1770
f 1193/944/1771 1209/960/1771 1208/959/1772
f 1194/945/1773 1210/961/1773 1209/960/1774
f 1195/946/1775 1211/962/1775 1210/961/1776
f 1196/947/1777 1212/963/1777 1211/962/1778
f 1197/948/1779 1213/964/1779 1212/963/1780
f 1198/949/1781 1214/965/1781 1213/964/1782
f 1199/950/1783 1215/966/1784 1214/965/1784
f 1201/967/1785 1215/966/1786 1200/951/1786
f 1202/954/1787 1218/968/1787 1217/969/1788
f 1203/953/1789 1219/970/1789 1218/968/1790
f 1204/955/1791 1220/971/1791 1219/970/1792
f 1205/956/1793 1221/972/1794 1220/971/1795
f 1206/957/1796 1222/973/1796 1221/972/1797
f 1207/958/1798 1223/974/1799 1222/973/1800
f 1208/959/1801 1224/975/1801 1223/974/1802
f 1209/960/1803 1225/976/1803 1224/975/1804
f 1210/961/1805 1226/977/1805 1225/976/1806
f 1211/962/1807 1227/978/1807 1226/977/1808
f 1212/963/1809 1228/979/1809 1227/978/1809
f 1213/964/1810 1229/980/1810 1228/979/1810
f 1214/965/1811 1230/981/1811 1229/980/1811
f 1216/982/1812 1230/981/1813 1215/966/1813
f 1218/968/1814 1232/983/1814 1217/969/1815
f 1219/970/1816 1233/984/1816 1218/968/1817
f 1220/971/1818 1234/985/1818 1219/970/1819
f 1221/972/1820 1235/986/1821 1220/971/1822
f 1222/973/1823 1236/987/1823 1221/972/1824
f 1223/974/1825 1237/988/1826 1222/973/1827
f 1224/975/1828 1238/989/1828 1223/974/1829
f 1225/976/1830 1239/990/1830 1224/975/1831
f 1226/977/1832 1240/991/1832 1225/976/1833
f 1227/978/1834 1241/992/1834 1226/977/1835
f 1228/979/1836 1242/993/1836 1227/978/1836
f 1229/980/1837 1243/994/1837 1228/979/1837
f 1230/981/1838 1244/995/1838 1229/980/1838
f 1230/981/1839 1246/996/1840 1245/997/1839
f 1233/984/1841 1247/998/1842 1232/983/1843
f 1234/985/1844 1248/999/1844 1233/984/1845
f 1235/986/1846 1249/1000/1847 1234/985/1848
f 1236/987/1849 1250/1001/1849 1235/986/1850
f 1237/988/1851 1251/1002/1851 1236/987/1852
f 1238/989/1853 1252/1003/1854 1237/988/1855
f 1239/990/1856 1253/1004/1856 1238/989/1857
f 1240/991/1858 1254/1005/1858 1239/990/1859
f 1241/992/1860 1255/1006/1860 1240/991/1861
f 1242/993/1862 1256/1007/1862 1241/992/1863
f 1243/994/1864 1257/1008/1864 1242/993/1865
f 1244/995/1866 1258/1009/1866 1243/994/1867
f 1245/997/1868 1259/1010/1869 1244/995/1868
f 1245/997/1870 1261/1011/1871 1260/1012/1870
f 1248/999/1872 1262/1013/1872 1247/998/1873
f 1249/1000/1874 1263/1014/1874 1248/999/1875
f 1250/1001/1876 1264/1015/1877 1249/1000/1878
f 1251/1002/1879 1265/1016/1880 1250/1001/1881
f 1252/1003/1882 1266/1017/1883 1251/1002/1884
f 1253/1004/1885 1267/1018/1885 1252/1003/1886
f 1254/1005/1887 1268/1019/1887 1253/1004/1888
f 1255/1006/1889 1269/1020/1889 1254/1005/1890
f 1256/1007/1891 1270/1021/1891 1255/1006/1892
f 1257/1008/1893 1271/1022/1893 1256/1007/1894
f 1258/1009/1895 1272/1023/1895 1257/1008/1896
f 1259/1010/1897 1273/1024/1897 1258/1009/1897
f 1260/1012/1898 1274/1025/1898 1259/1010/1899
f 1260/1012/1900 1276/1026/1901 1275/1027/1900
f 1263/1014/1902 1277/1028/1902 1262/1013/1903
f 1264/1015/1904 1278/1029/1904 1263/1014/1905
f 1265/1016/1906 1279/1030/1907 1264/1015/1908
f 1266/1017/1909 1280/1031/1910 1265/1016/1911
f 1267/1018/1912 1281/1032/1913 1266/1017/1914
f 1268/1019/1915 1282/1033/1916 1267/1018/1917
f 1269/1020/1918 1283/1034/1919 1268/1019/1920
f 1270/1021/1921 1284/1035/1921 1269/1020/1922
f 1271/1022/1923 1285/1036/1923 1270/1021/1924
f 1272/1023/1925 1286/1037/1925 1271/1022/1926
f 1273/1024/1927 1287/1038/1927 1272/1023/1928
f 1274/1025/1929 1288/1039/1930 1273/1024/1929
f 1275/1027/1931 1289/1040/1931 1274/1025/1931
f 1275/1027/1932 1291/1041/1933 1290/1042/1932
f 1278/1029/1934 1292/1043/1935 1277/1028/1936
f 1279/1030/1937 1293/1044/1937 1278/1029/1938
f 1280/1031/1939 1294/1045/1939 1279/1030/1940
f 1281/1032/1941 1295/1046/1942 1280/1031/1943
f 1282/1033/1944 1296/1047/1945 1281/1032/1946
f 1283/1034/1947 1297/1048/1948 1282/1033/1949
f 1284/1035/1950 1298/1049/1950 1283/1034/1951
f 1285/1036/1952 1299/1050/1953 1284/1035/1954
f 1286/1037/1955 1300/1051/1955 1285/1036/1956
f 1287/1038/1957 1301/1052/1957 1286/1037/1958
f 1288/1039/1959 1302/1053/1959 1287/1038/1960
f 1289/1040/1961 1303/1054/1961 1288/1039/1962
f 1290/1042/1963 1304/1055/1963 1289/1040/1963
f 1290/1042/1964 1306/1056/1965 1305/1057/1966
f 1293/1044/1967 1307/1058/1968 1292/1043/1969
f 1294/1045/1970 1308/1059/1970 1293/1044/1971
f 1295/1046/1972 1309/1060/1972 1294/1045/1973
f 1296/1047/1974 1310/1061/1974 1295/1046/1975
f 1297/1048/1976 1311/1062/1976 1296/1047/1977
f 1298/1049/1978 1312/1063/1978 1297/1048/1979
f 1299/1050/1980 1313/1064/1980 1298/1049/1981
f 1300/1051/1982 1314/1065/1982 1299/1050/1983
f 1301/1052/1984 1315/1066/1984 1300/1051/1985
f 1302/1053/1986 1316/1067/1986 1301/1052/1987
f 1303/1054/1988 1317/1068/1988 1302/1053/1989
f 1304/1055/1990 1318/1069/1990 1303/1054/1991
f 1305/1057/1992 1319/1070/1992 1304/1055/1992
f 1305/1057/1993 1321/1071/1994 1320/1072/1993
f 1308/1059/1995 1322/1073/1995 1307/1058/1996
f 1309/1060/1997 1323/1074/1997 1308/1059/1998
f 1310/1061/1999 1324/1075/1999 1309/1060/1999
f 1311/1062/2000 1325/1076/2000 1310/1061/2001
f 1312/1063/2002 1326/1077/2002 1311/1062/2003
f 1313/1064/2004 1327/1078/2005 1312/1063/2006
f 1314/1065/2007 1328/1079/2007 1313/1064/2008
f 1315/1066/2009 1329/1080/2009 1314/1065/2010
f 1316/1067/2011 1330/1081/2011 1315/1066/2012
f 1317/1068/2013 1331/1082/2013 1316/1067/2014
f 1318/1069/2015 1332/1083/2015 1317/1068/2016
f 1319/1070/2017 1333/1084/2017 1318/1069/2018
f 1320/1072/2019 1334/1085/2019 1319/1070/2019
f 1320/1072/2020 1336/1086/2021 1335/1087/2020
f 6/1088/2022 1112/864/2022 17/1089/2023
f 46/1090/2024 1113/867/2025 1112/864/2026
f 45/1091/2027 1114/869/2027 1113/867/2028
f 44/1092/2029 1115/871/2029 1114/869/2030
f 43/1093/2031 1116/873/2031 1115/871/2032
f 42/1094/2033 1117/875/2033 1116/873/2034
f 41/1095/2035 1118/877/2036 1117/875/2037
f 40/1096/2038 1119/879/2038 1118/877/2039
f 39/1097/2040 1120/881/2040 1119/879/2041
f 38/1098/2042 1121/883/2042 1120/881/2043
f 37/1099/2044 1122/885/2044 1121/883/2045
f 36/1100/2046 1123/887/2046 1122/885/2046
f 35/1101/2047 1124/889/2047 1123/887/2048
f 34/1102/2049 1125/892/2049 1124/889/2049
f 32/1103/2050 1125/892/2051 33/1104/2052
f 2/1105/2053 1126/891/2050 32/1103/2050
f 196/1106/2054 1141/907/2055 1126/891/1627
f 195/1107/2056 1156/922/1657 1141/907/1657
f 194/1108/2057 1171/937/1689 1156/922/1689
f 193/1109/2058 1186/952/1721 1171/937/1721
f 192/1110/2059 1201/967/1753 1186/952/1753
f 191/1111/2060 1216/982/1785 1201/967/1785
f 190/1112/2061 1231/1113/1812 1216/982/1812
f 1231/1113/1840 188/1114/2062 1246/996/1840
f 1246/996/1871 187/1115/2063 1261/1011/1871
f 1261/1011/1901 186/1116/2064 1276/1026/1901
f 1276/1026/1933 185/1117/2065 1291/1041/1933
f 1291/1041/1965 184/1118/2066 1306/1056/1965
f 1306/1056/1994 183/1119/2067 1321/1071/1994
f 1321/1071/2068 182/1120/2069 1336/1086/2021
f 1336/1086/2070 4/513/2071 151/1121/2070
f 1335/1087/2072 151/1121/2070 150/1122/2073
f 1335/1087/2074 149/1123/2074 1334/1085/2074
f 1334/1085/2075 148/1124/2075 1333/1084/2076
f 1333/1084/2077 147/1125/2077 1332/1083/2077
f 1332/1083/2078 146/1126/2078 1331/1082/2079
f 1331/1082/2080 145/1127/2080 1330/1081/2081
f 1330/1081/2082 144/1128/2082 1329/1080/2083
f 1329/1080/2084 143/1129/2084 1328/1079/2085
f 1328/1079/2086 142/1130/2087 1327/1078/2088
f 1327/1078/2089 141/1131/2089 1326/1077/2090
f 1326/1077/2091 140/1132/2091 1325/1076/2092
f 1325/1076/2093 139/1133/2093 1324/1075/2094
f 1324/1075/2095 138/1134/2095 1323/1074/2096
f 1323/1074/2097 137/1135/2098 1322/1073/2099
f 1322/1073/2100 8/1136/2100 31/1137/2101
f 1307/1058/2102 31/1137/2103 30/1138/2104
f 1292/1043/2105 30/1138/2105 29/1139/2106
f 1277/1028/2107 29/1139/2107 28/1140/2108
f 1262/1013/2109 28/1140/2109 27/1141/2110
f 1247/998/2111 27/1141/2111 26/1142/2112
f 1232/983/2113 26/1142/2113 25/1143/2114
f 1217/969/2115 25/1143/2115 24/1144/2116
f 23/1145/2117 1217/969/2117 24/1144/2118
f 22/1146/2119 1202/954/2119 23/1145/2120
f 21/1147/2121 1187/939/2121 22/1146/2122
f 20/1148/2123 1172/924/2123 21/1147/2124
f 19/1149/2125 1157/909/2125 20/1148/2126
f 18/1150/2127 1142/894/2127 19/1149/2128
f 17/1089/2129 1127/866/2130 18/1150/2131
f 1337/1151/2132 1353/1152/2132 1352/1153/2133
f 1338/1154/2134 1354/1155/2135 1353/1152/2136
f 1339/1156/2137 1355/1157/2138 1354/1155/2139
f 1340/1158/2140 1356/1159/2140 1355/1157/2141
f 1341/1160/2142 1357/1161/2143 1356/1159/2144
f 1342/1162/2145 1358/1163/2146 1357/1161/2147
f 1343/1164/2148 1359/1165/2148 1358/1163/2149
f 1345/1166/2150 1359/1165/2150 1344/1167/2151
f 1346/1168/2152 1360/1169/2153 1345/1166/2154
f 1347/1170/2155 1361/1171/2156 1346/1168/2157
f 1348/1172/2158 1362/1173/2158 1347/1170/2159
f 1349/1174/2160 1363/1175/2161 1348/1172/2162
f 1350/1176/2163 1364/1177/2164 1349/1174/2165
f 1351/1178/2166 1365/1179/2166 1350/1176/2167
f 1352/1153/2168 1368/1180/2168 1367/1181/2169
f 1353/1152/2170 1369/1182/2170 1368/1180/2171
f 1354/1155/2172 1370/1183/2172 1369/1182/2173
f 1355/1157/2174 1371/1184/2174 1370/1183/2175
f 1356/1159/2176 1372/1185/2176 1371/1184/2177
f 1357/1161/2178 1373/1186/2179 1372/1185/2180
f 1358/1163/2181 1374/1187/2181 1373/1186/2182
f 1360/1169/2183 1374/1187/2183 1359/1165/2184
f 1361/1171/2185 1375/1188/2186 1360/1169/2187
f 1362/1173/2188 1376/1189/2188 1361/1171/2189
f 1363/1175/2190 1377/1190/2190 1362/1173/2191
f 1364/1177/2192 1378/1191/2192 1363/1175/2193
f 1365/1179/2194 1379/1192/2194 1364/1177/2195
f 1366/1193/2196 1380/1194/2196 1365/1179/2197
f 1367/1181/2198 1383/1195/2198 1382/1196/2198
f 1368/1180/2199 1384/1197/2199 1383/1195/2199
f 1369/1182/2200 1385/1198/2200 1384/1197/2201
f 1370/1183/2202 1386/1199/2203 1385/1198/2204
f 1371/1184/2205 1387/1200/2206 1386/1199/2207
f 1372/1185/2208 1388/1201/2209 1387/1200/2210
f 1373/1186/2211 1389/1202/2211 1388/1201/2212
f 1375/1188/2213 1389/1202/2213 1374/1187/2214
f 1376/1189/2215 1390/1203/2216 1375/1188/2217
f 1377/1190/2218 1391/1204/2219 1376/1189/2220
f 1378/1191/2221 1392/1205/2222 1377/1190/2223
f 1379/1192/2224 1393/1206/2224 1378/1191/2225
f 1380/1194/2226 1394/1207/2226 1379/1192/2226
f 1381/1208/2227 1395/1209/2227 1380/1194/2227
f 1382/1196/2228 1398/1210/2228 1397/1211/2229
f 1383/1195/2230 1399/1212/2230 1398/1210/2231
f 1384/1197/2232 1400/1213/2233 1399/1212/2234
f 1385/1198/2235 1401/1214/2236 1400/1213/2237
f 1386/1199/2238 1402/1215/2239 1401/1214/2240
f 1387/1200/2241 1403/1216/2241 1402/1215/2242
f 1388/1201/2243 1404/1217/2244 1403/1216/2245
f 1390/1203/2246 1404/1217/2247 1389/1202/2248
f 1391/1204/2249 1405/1218/2249 1390/1203/2250
f 1392/1205/2251 1406/1219/2252 1391/1204/2253
f 1393/1206/2254 1407/1220/2255 1392/1205/2256
f 1394/1207/2257 1408/1221/2258 1393/1206/2259
f 1395/1209/2260 1409/1222/2260 1394/1207/2261
f 1396/1223/2262 1410/1224/2262 1395/1209/2263
f 1397/1211/2264 1413/1225/2264 1412/1226/2265
f 1398/1210/2266 1414/1227/2266 1413/1225/2267
f 1399/1212/2268 1415/1228/2269 1414/1227/2270
f 1400/1213/2271 1416/1229/2272 1415/1228/2273
f 1401/1214/2274 1417/1230/2275 1416/1229/2276
f 1402/1215/2277 1418/1231/2277 1417/1230/2278
f 1403/1216/2279 1419/1232/2279 1418/1231/2280
f 1405/1218/2281 1419/1232/2281 1404/1217/2282
f 1406/1219/2283 1420/1233/2283 1405/1218/2284
f 1407/1220/2285 1421/1234/2286 1406/1219/2287
f 1408/1221/2288 1422/1235/2289 1407/1220/2290
f 1409/1222/2291 1423/1236/2292 1408/1221/2293
f 1410/1224/2294 1424/1237/2294 1409/1222/2295
f 1411/1238/2296 1425/1239/2296 1410/1224/2297
f 1412/1226/2298 1428/1240/2298 1427/1241/2299
f 1413/1225/2300 1429/1242/2301 1428/1240/2302
f 1414/1227/2303 1430/1243/2304 1429/1242/2305
f 1415/1228/2306 1431/1244/2307 1430/1243/2308
f 1416/1229/2309 1432/1245/2309 1431/1244/2310
f 1417/1230/2311 1433/1246/2312 1432/1245/2313
f 1418/1231/2314 1434/1247/2315 1433/1246/2316
f 1420/1233/2317 1434/1247/2318 1419/1232/2319
f 1421/1234/2320 1435/1248/2321 1420/1233/2322
f 1422/1235/2323 1436/1249/2323 1421/1234/2324
f 1423/1236/2325 1437/1250/2326 1422/1235/2327
f 1424/1237/2328 1438/1251/2329 1423/1236/2330
f 1425/1239/2331 1439/1252/2332 1424/1237/2333
f 1426/1253/2334 1440/1254/2334 1425/1239/2335
f 1427/1241/2336 1443/1255/2336 1442/1256/2337
f 1428/1240/2338 1444/1257/2339 1443/1255/2340
f 1429/1242/2341 1445/1258/2341 1444/1257/2342
f 1430/1243/2343 1446/1259/2344 1445/1258/2345
f 1431/1244/2346 1447/1260/2346 1446/1259/2347
f 1432/1245/2348 1448/1261/2348 1447/1260/2349
f 1433/1246/2350 1449/1262/2350 1448/1261/2351
f 1435/1248/2352 1449/1262/2352 1434/1247/2353
f 1436/1249/2354 1450/1263/2354 1435/1248/2355
f 1437/1250/2356 1451/1264/2356 1436/1249/2357
f 1438/1251/2358 1452/1265/2359 1437/1250/2360
f 1439/1252/2361 1453/1266/2361 1438/1251/2362
f 1440/1254/2363 1454/1267/2364 1439/1252/2365
f 1441/1268/2366 1455/1269/2366 1440/1254/2367
f 1442/1256/2368 1458/1270/2368 1457/1271/2369
f 1443/1255/2370 1459/1272/2370 1458/1270/2371
f 1444/1257/2372 1460/1273/2373 1459/1272/2374
f 1445/1258/2375 1461/1274/2375 1460/1273/2376
f 1446/1259/2377 1462/1275/2377 1461/1274/2378
f 1447/1260/2379 1463/1276/2379 1462/1275/2380
f 1448/1261/2381 1464/1277/2381 1463/1276/2382
f 1450/1263/2383 1464/1277/2383 1449/1262/2384
f 1451/1264/2385 1465/1278/2385 1450/1263/2386
f 1452/1265/2387 1466/1279/2388 1451/1264/2389
f 1453/1266/2390 1467/1280/2390 1452/1265/2391
f 1454/1267/2392 1468/1281/2393 1453/1266/2394
f 1455/1269/2395 1469/1282/2395 1454/1267/2396
f 1456/1283/2397 1470/1284/2397 1455/1269/2398
f 1457/1271/2399 1473/1285/2399 1472/1286/2400
f 1458/1270/2401 1474/1287/2401 1473/1285/2402
f 1459/1272/2403 1475/1288/2403 1474/1287/2404
f 1460/1273/2405 1476/1289/2405 1475/1288/2406
f 1461/1274/2407 1477/1290/2407 1476/1289/2408
f 1462/1275/2409 1478/1291/2409 1477/1290/2410
f 1463/1276/2411 1479/1292/2411 1478/1291/2412
f 1465/1278/2413 1479/1292/2413 1464/1277/2414
f 1466/1279/2415 1480/1293/2415 1465/1278/2416
f 1467/1280/2417 1481/1294/2417 1466/1279/2418
f 1468/1281/2419 1482/1295/2419 1467/1280/2420
f 1469/1282/2421 1483/1296/2421 1468/1281/2422
f 1470/1284/2423 1484/1297/2423 1469/1282/2424
f 1471/1298/2425 1485/1299/2425 1470/1284/2426
f 1472/1286/2427 1488/1300/2427 1487/1301/2428
f 1473/1285/2429 1489/1302/2429 1488/1300/2430
f 1474/1287/2431 1490/1303/2431 1489/1302/2432
f 1475/1288/2433 1491/1304/2433 1490/1303/2434
f 1476/1289/2435 1492/1305/2435 1491/1304/2436
f 1477/1290/2437 1493/1306/2437 1492/1305/2438
f 1478/1291/2439 1494/1307/2439 1493/1306/2440
f 1480/1293/2441 1494/1307/2441 1479/1292/2442
f 1481/1294/2443 1495/1308/2443 1480/1293/2444
f 1482/1295/2445 1496/1309/2445 1481/1294/2446
f 1483/1296/2447 1497/1310/2447 1482/1295/2448
f 1484/1297/2449 1498/1311/2449 1483/1296/2450
f 1485/1299/2451 1499/1312/2451 1484/1297/2452
f 1486/1313/2453 1500/1314/2453 1485/1299/2454
f 1487/1301/2455 1503/1315/2455 1502/1316/2456
f 1488/1300/2457 1504/1317/2457 1503/1315/2458
f 1489/1302/2459 1505/1318/2459 1504/1317/2460
f 1490/1303/2461 1506/1319/2461 1505/1318/2462
f 1491/1304/2463 1507/1320/2463 1506/1319/2464
f 1492/1305/2465 1508/1321/2465 1507/1320/2466
f 1493/1306/2467 1509/1322/2467 1508/1321/2468
f 1495/1308/2469 1509/1322/2469 1494/1307/2469
f 1496/1309/2470 1510/1323/2470 1495/1308/2471
f 1497/1310/2472 1511/1324/2472 1496/1309/2473
f 1498/1311/2474 1512/1325/2474 1497/1310/2475
f 1499/1312/2476 1513/1326/2476 1498/1311/2477
f 1500/1314/2478 1514/1327/2478 1499/1312/2479
f 1501/1328/2480 1515/1329/2480 1500/1314/2481
f 1502/1316/2482 1518/1330/2482 1517/1331/2482
f 1503/1315/2483 1519/1332/2483 1518/1330/2483
f 1504/1317/2484 1520/1333/2484 1519/1332/2484
f 1505/1318/2485 1521/1334/2486 1520/1333/2487
f 1506/1319/2488 1522/1335/2488 1521/1334/2489
f 1507/1320/2490 1523/1336/2490 1522/1335/2490
f 1508/1321/2491 1524/1337/2491 1523/1336/2491
f 1510/1323/2492 1524/1337/2492 1509/1322/2492
f 1511/1324/2493 1525/1338/2493 1510/1323/2494
f 1512/1325/2495 1526/1339/2495 1511/1324/2495
f 1513/1326/2496 1527/1340/2497 1512/1325/2497
f 1514/1327/2498 1528/1341/2498 1513/1326/2499
f 1515/1329/2500 1529/1342/2500 1514/1327/2501
f 1516/1343/2502 1530/1344/2502 1515/1329/2503
f 1517/1331/2504 1533/1345/2504 1532/1346/2505
f 1518/1330/2506 1534/1347/2506 1533/1345/2507
f 1519/1332/2508 1535/1348/2508 1534/1347/2508
f 1520/1333/2509 1536/1349/2509 1535/1348/2509
f 1521/1334/2510 1537/1350/2510 1536/1349/2510
f 1522/1335/2511 1538/1351/2512 1537/1350/2513
f 1523/1336/2514 1539/1352/2514 1538/1351/2514
f 1525/1338/2515 1539/1352/2515 1524/1337/2515
f 1526/1339/2516 1540/1353/2517 1525/1338/2517
f 1527/1340/2518 1541/1354/2518 1526/1339/2519
f 1528/1341/2520 1542/1355/2520 1527/1340/2520
f 1529/1342/2521 1543/1356/2521 1528/1341/2521
f 1530/1344/2522 1544/1357/2522 1529/1342/2522
f 1531/1358/2523 1545/1359/2523 1530/1344/2523
f 1533/1345/2524 1547/1360/2525 1532/1346/2526
f 1534/1347/2527 1548/1361/2528 1533/1345/2527
f 1535/1348/2529 1549/1362/2530 1534/1347/2529
f 1536/1349/2531 1550/1363/2532 1535/1348/2531
f 1537/1350/2533 1551/1364/2534 1536/1349/2533
f 1538/1351/2535 1552/1365/2536 1537/1350/2535
f 1539/1352/2537 1553/1366/2538 1538/1351/2537
f 1539/1352/2539 1555/1367/2540 1554/1368/2540
f 1540/1353/2541 1556/1369/2542 1555/1367/2542
f 1541/1354/2543 1557/1370/2544 1556/1369/2544
f 1542/1355/2545 1558/1371/2546 1557/1370/2546
f 1543/1356/2547 1559/1372/2548 1558/1371/2548
f 1544/1357/2549 1560/1373/2550 1559/1372/2550
f 1545/1359/2551 1561/1374/2552 1560/1373/2553
f 6/849/2554 1337/1151/2554 46/1375/2555
f 106/848/2556 1338/1154/2557 1337/1151/2558
f 105/847/2559 1339/1156/2559 1338/1154/2560
f 104/846/2561 1340/1158/2561 1339/1156/2562
f 103/845/2563 1341/1160/2563 1340/1158/2564
f 102/844/2565 1342/1162/2565 1341/1160/2566
f 101/843/2567 1343/1164/2567 1342/1162/2568
f 100/842/2569 1344/1167/2569 1343/1164/2570
f 98/840/2571 1344/1167/2571 99/841/2572
f 97/839/2573 1345/1166/2573 98/840/2574
f 96/838/2575 1346/1168/2575 97/839/2576
f 95/837/2577 1347/1170/2577 96/838/2578
f 94/836/2579 1348/1172/2579 95/837/2580
f 93/835/2581 1349/1174/2581 94/836/2582
f 92/834/2583 1350/1176/2584 93/835/2585
f 5/833/2586 1351/1178/2586 92/834/2587
f 167/1376/2588 1366/1193/2589 1351/1178/2590
f 168/1377/2591 1381/1208/2591 1366/1193/2592
f 169/1378/2593 1396/1223/2593 1381/1208/2594
f 170/1379/2595 1411/1238/2595 1396/1223/2596
f 171/1380/2597 1426/1253/2597 1411/1238/2598
f 172/1381/2599 1441/1268/2600 1426/1253/2601
f 173/1382/2602 1456/1283/2602 1441/1268/2603
f 174/1383/2604 1471/1298/2604 1456/1283/2605
f 175/1384/2606 1486/1313/2606 1471/1298/2607
f 176/1385/2608 1501/1328/2608 1486/1313/2609
f 177/1386/2610 1516/1343/2610 1501/1328/2610
f 178/1387/2611 1531/1358/2611 1516/1343/2612
f 179/1388/2613 1546/1389/2613 1531/1358/2613
f 1546/1389/2614 181/1390/2615 1561/1374/2615
f 1561/1374/2615 1/225/2616 47/1391/2616
f 1560/1373/2553 47/1391/2617 48/1392/2617
f 1559/1372/2550 48/1392/2618 49/1393/2618
f 1558/1371/2548 49/1393/2619 50/1394/2619
f 1557/1370/2546 50/1394/2620 51/1395/2620
f 1556/1369/2544 51/1395/2621 52/1396/2621
f 1555/1367/2542 52/1396/2622 53/1397/2622
f 1554/1368/2540 53/1397/2623 54/1398/2623
f 1554/1368/2538 55/1399/2624 1553/1366/2538
f 1553/1366/2536 56/1400/2625 1552/1365/2536
f 1552/1365/2534 57/1401/2626 1551/1364/2534
f 1551/1364/2532 58/1402/2627 1550/1363/2532
f 1550/1363/2530 59/1403/2628 1549/1362/2530
f 1549/1362/2528 60/1404/2629 1548/1361/2528
f 1548/1361/2630 61/1405/2631 1547/1360/2525
f 1547/1360/2632 2/1105/2633 32/1406/2632
f 1532/1346/2634 32/1406/2632 33/1407/2635
f 34/1408/2636 1532/1346/2636 33/1407/2636
f 35/1409/2637 1517/1331/2637 34/1408/2637
f 36/1410/2638 1502/1316/2638 35/1409/2639
f 37/1411/2640 1487/1301/2640 36/1410/2641
f 38/1412/2642 1472/1286/2642 37/1411/2643
f 39/1413/2644 1457/1271/2644 38/1412/2645
f 40/1414/2646 1442/1256/2646 39/1413/2647
f 41/1415/2648 1427/1241/2649 40/1414/2650
f 42/1416/2651 1412/1226/2651 41/1415/2652
f 43/1417/2653 1397/1211/2653 42/1416/2654
f 44/1418/2655 1382/1196/2655 43/1417/2655
f 45/1419/2656 1367/1181/2656 44/1418/2657
f 46/1375/2658 1352/1153/2659 45/1419/2660
f 1563/1420/2661 1577/1421/2662 1562/1422/2661
f 1564/1423/2663 1578/1424/2664 1563/1420/2663
f 1565/1425/2665 1579/1426/2666 1564/1423/2665
f 1566/1427/2667 1580/1428/2668 1565/1425/2667
f 1567/1429/2669 1581/1430/2670 1566/1427/2669
f 1568/1431/2671 1582/1432/2672 1567/1429/2671
f 1569/1433/2673 1583/1434/2674 1568/1431/2673
f 1569/1433/2675 1585/1435/2676 1584/1436/2676
f 1570/1437/2677 1586/1438/2678 1585/1435/2678
f 1571/1439/2679 1587/1440/2680 1586/1438/2681
f 1572/1441/2682 1588/1442/2683 1587/1440/2683
f 1573/1443/2684 1589/1444/2685 1588/1442/2685
f 1574/1445/2686 1590/1446/2687 1589/1444/2688
f 1575/1447/2689 1591/1448/2690 1590/1446/2691
f 1578/1424/2692 1592/1449/2693 1577/1421/2662
f 1579/1426/2694 1593/1450/2695 1578/1424/2664
f 1580/1428/2666 1594/1451/2696 1579/1426/2666
f 1581/1430/2668 1595/1452/2697 1580/1428/2668
f 1582/1432/2698 1596/1453/2699 1581/1430/2670
f 1583/1434/2672 1597/1454/2700 1582/1432/2672
f 1584/1436/2674 1598/1455/2701 1583/1434/2674
f 1584/1436/2676 1600/1456/2702 1599/1457/2702
f 1585/1435/2678 1601/1458/2703 1600/1456/2704
f 1586/1438/2681 1602/1459/2705 1601/1458/2706
f 1587/1440/2683 1603/1460/2707 1602/1459/2707
f 1588/1442/2685 1604/1461/2708 1603/1460/2709
f 1589/1444/2688 1605/1462/2710 1604/1461/2711
f 1590/1446/2691 1606/1463/2712 1605/1462/2713
f 1593/1450/2714 1607/1464/2715 1592/1449/2693
f 1594/1451/2716 1608/1465/2717 1593/1450/2695
f 1595/1452/2718 1609/1466/2719 1594/1451/2696
f 1596/1453/2697 1610/1467/2720 1595/1452/2697
f 1597/1454/2721 1611/1468/2722 1596/1453/2699
f 1598/1455/2723 1612/1469/2724 1597/1454/2700
f 1599/1457/2701 1613/1470/2725 1598/1455/2701
f 1599/1457/2702 1615/1471/2726 1614/1472/2726
f 1600/1456/2704 1616/1473/2727 1615/1471/2728
f 1601/1458/2706 1617/1474/2729 1616/1473/2730
f 1602/1459/2707 1618/1475/2731 1617/1474/2732
f 1603/1460/2709 1619/1476/2733 1618/1475/2734
f 1604/1461/2711 1620/1477/2735 1619/1476/2736
f 1605/1462/2713 1621/1478/2737 1620/1477/2738
f 1608/1465/2739 1622/1479/2739 1607/1464/2740
f 1609/1466/2741 1623/1480/2741 1608/1465/2742
f 1610/1467/2743 1624/1481/2743 1609/1466/2744
f 1611/1468/2745 1625/1482/2745 1610/1467/2746
f 1612/1469/2747 1626/1483/2748 1611/1468/2749
f 1613/1470/2750 1627/1484/2750 1612/1469/2751
f 1614/1472/2752 1628/1485/2752 1613/1470/2752
f 1614/1472/2753 1630/1486/2753 1629/1487/2754
f 1615/1471/2755 1631/1488/2755 1630/1486/2756
f 1616/1473/2757 1632/1489/2758 1631/1488/2759
f 1617/1474/2760 1633/1490/2760 1632/1489/2761
f 1618/1475/2762 1634/1491/2762 1633/1490/2763
f 1619/1476/2764 1635/1492/2764 1634/1491/2765
f 1620/1477/2766 1636/1493/2766 1635/1492/2767
f 1623/1480/2768 1637/1494/2768 1622/1479/2769
f 1624/1481/2770 1638/1495/2770 1623/1480/2771
f 1625/1482/2772 1639/1496/2772 1624/1481/2773
f 1626/1483/2774 1640/1497/2774 1625/1482/2775
f 1627/1484/2776 1641/1498/2776 1626/1483/2777
f 1628/1485/2778 1642/1499/2778 1627/1484/2779
f 1629/1487/2780 1643/1500/2780 1628/1485/2781
f 1629/1487/2782 1645/1501/2782 1644/1502/2783
f 1630/1486/2784 1646/1503/2784 1645/1501/2785
f 1631/1488/2786 1647/1504/2786 1646/1503/2787
f 1632/1489/2788 1648/1505/2788 1647/1504/2789
f 1633/1490/2790 1649/1506/2790 1648/1505/2791
f 1634/1491/2792 1650/1507/2792 1649/1506/2793
f 1635/1492/2794 1651/1508/2794 1650/1507/2795
f 1638/1495/2796 1652/1509/2796 1637/1494/2797
f 1639/1496/2798 1653/1510/2798 1638/1495/2799
f 1640/1497/2800 1654/1511/2801 1639/1496/2802
f 1641/1498/2803 1655/1512/2803 1640/1497/2804
f 1642/1499/2805 1656/1513/2806 1641/1498/2807
f 1643/1500/2808 1657/1514/2809 1642/1499/2810
f 1644/1502/2811 1658/1515/2811 1643/1500/2812
f 1644/1502/2813 1660/1516/2813 1659/1517/2814
f 1645/1501/2815 1661/1518/2816 1660/1516/2817
f 1646/1503/2818 1662/1519/2819 1661/1518/2820
f 1647/1504/2821 1663/1520/2821 1662/1519/2822
f 1648/1505/2823 1664/1521/2824 1663/1520/2825
f 1649/1506/2826 1665/1522/2826 1664/1521/2827
f 1650/1507/2828 1666/1523/2828 1665/1522/2829
f 1653/1510/2830 1667/1524/2831 1652/1509/2832
f 1654/1511/2833 1668/1525/2834 1653/1510/2835
f 1655/1512/2836 1669/1526/2837 1654/1511/2838
f 1656/1513/2839 1670/1527/2840 1655/1512/2841
f 1657/1514/2842 1671/1528/2843 1656/1513/2844
f 1658/1515/2845 1672/1529/2846 1657/1514/2847
f 1659/1517/2848 1673/1530/2848 1658/1515/2849
f 1659/1517/2850 1675/1531/2850 1674/1532/2851
f 1660/1516/2852 1676/1533/2853 1675/1531/2854
f 1661/1518/2855 1677/1534/2856 1676/1533/2857
f 1662/1519/2858 1678/1535/2859 1677/1534/2860
f 1663/1520/2861 1679/1536/2862 1678/1535/2863
f 1664/1521/2864 1680/1537/2865 1679/1536/2866
f 1665/1522/2867 1681/1538/2868 1680/1537/2869
f 1668/1525/2870 1682/1539/2871 1667/1524/2872
f 1669/1526/2873 1683/1540/2874 1668/1525/2875
f 1670/1527/2876 1684/1541/2876 1669/1526/2877
f 1671/1528/2878 1685/1542/2879 1670/1527/2880
f 1672/1529/2881 1686/1543/2882 1671/1528/2883
f 1673/1530/2884 1687/1544/2885 1672/1529/2886
f 1674/1532/2887 1688/1545/2888 1673/1530/2889
f 1674/1532/2890 1690/1546/2891 1689/1547/2892
f 1675/1531/2893 1691/1548/2894 1690/1546/2895
f 1676/1533/2896 1692/1549/2897 1691/1548/2898
f 1677/1534/2899 1693/1550/2900 1692/1549/2901
f 1678/1535/2902 1694/1551/2902 1693/1550/2903
f 1679/1536/2904 1695/1552/2905 1694/1551/2906
f 1680/1537/2907 1696/1553/2908 1695/1552/2909
f 1683/1540/2910 1697/1554/2911 1682/1539/2912
f 1684/1541/2913 1698/1555/2914 1683/1540/2915
f 1685/1542/2916 1699/1556/2917 1684/1541/2918
f 1686/1543/2919 1700/1557/2920 1685/1542/2921
f 1687/1544/2922 1701/1558/2923 1686/1543/2924
f 1688/1545/2925 1702/1559/2926 1687/1544/2927
f 1689/1547/2928 1703/1560/2929 1688/1545/2930
f 1689/1547/2931 1705/1561/2932 1704/1562/2933
f 1690/1546/2934 1706/1563/2935 1705/1561/2936
f 1691/1548/2937 1707/1564/2938 1706/1563/2939
f 1692/1549/2940 1708/1565/2941 1707/1564/2942
f 1693/1550/2943 1709/1566/2944 1708/1565/2945
f 1694/1551/2946 1710/1567/2947 1709/1566/2948
f 1695/1552/2949 1711/1568/2950 1710/1567/2951
f 1698/1555/2952 1712/1569/2952 1697/1554/2953
f 1699/1556/2954 1713/1570/2955 1698/1555/2956
f 1700/1557/2957 1714/1571/2958 1699/1556/2959
f 1701/1558/2960 1715/1572/2961 1700/1557/2962
f 1702/1559/2963 1716/1573/2964 1701/1558/2965
f 1703/1560/2966 1717/1574/2967 1702/1559/2968
f 1704/1562/2969 1718/1575/2970 1703/1560/2971
f 1704/1562/2972 1720/1576/2973 1719/1577/2974
f 1705/1561/2975 1721/1578/2976 1720/1576/2977
f 1706/1563/2978 1722/1579/2979 1721/1578/2980
f 1707/1564/2981 1723/1580/2982 1722/1579/2983
f 1708/1565/2984 1724/1581/2985 1723/1580/2986
f 1709/1566/2987 1725/1582/2988 1724/1581/2989
f 1710/1567/2990 1726/1583/2990 1725/1582/2991
f 1713/1570/2992 1727/1584/2993 1712/1569/2994
f 1714/1571/2995 1728/1585/2995 1713/1570/2996
f 1715/1572/2997 1729/1586/2998 1714/1571/2999
f 1716/1573/3000 1730/1587/3001 1715/1572/3002
f 1717/1574/3003 1731/1588/3003 1716/1573/3004
f 1718/1575/3005 1732/1589/3006 1717/1574/3007
f 1719/1577/3008 1733/1590/3009 1718/1575/3010
f 1719/1577/3011 1735/1591/3012 1734/1592/3013
f 1720/1576/3014 1736/1593/3015 1735/1591/3016
f 1721/1578/3017 1737/1594/3017 1736/1593/3018
f 1722/1579/3019 1738/1595/3020 1737/1594/3021
f 1723/1580/3022 1739/1596/3023 1738/1595/3024
f 1724/1581/3025 1740/1597/3025 1739/1596/3026
f 1725/1582/3027 1741/1598/3028 1740/1597/3029
f 1728/1585/3030 1742/1599/3030 1727/1584/3031
f 1729/1586/3032 1743/1600/3032 1728/1585/3033
f 1730/1587/3034 1744/1601/3035 1729/1586/3036
f 1731/1588/3037 1745/1602/3038 1730/1587/3039
f 1732/1589/3040 1746/1603/3041 1731/1588/3042
f 1733/1590/3043 1747/1604/3044 1732/1589/3045
f 1734/1592/3046 1748/1605/3047 1733/1590/3048
f 1734/1592/3049 1750/1606/3050 1749/1607/3051
f 1735/1591/3052 1751/1608/3053 1750/1606/3054
f 1736/1593/3055 1752/1609/3056 1751/1608/3057
f 1737/1594/3058 1753/1610/3059 1752/1609/3060
f 1738/1595/3061 1754/1611/3062 1753/1610/3063
f 1739/1596/3064 1755/1612/3064 1754/1611/3064
f 1740/1597/3065 1756/1613/3065 1755/1612/3066
f 1743/1600/3067 1757/1614/3068 1742/1599/3069
f 1744/1601/3070 1758/1615/3070 1743/1600/3071
f 1745/1602/3072 1759/1616/3072 1744/1601/3073
f 1746/1603/3074 1760/1617/3075 1745/1602/3076
f 1747/1604/3077 1761/1618/3078 1746/1603/3079
f 1748/1605/3080 1762/1619/3081 1747/1604/3082
f 1749/1607/3083 1763/1620/3083 1748/1605/3084
f 1749/1607/3085 1765/1621/3085 1764/1622/3086
f 1750/1606/3087 1766/1623/3088 1765/1621/3089
f 1751/1608/3090 1767/1624/3091 1766/1623/3092
f 1752/1609/3093 1768/1625/3094 1767/1624/3095
f 1753/1610/3096 1769/1626/3096 1768/1625/3097
f 1754/1611/3098 1770/1627/3098 1769/1626/3099
f 1755/1612/3100 1771/1628/3101 1770/1627/3102
f 1758/1615/3103 1772/1629/3104 1757/1614/3105
f 1759/1616/3106 1773/1630/3107 1758/1615/3108
f 1760/1617/3109 1774/1631/3109 1759/1616/3110
f 1761/1618/3111 1775/1632/3111 1760/1617/3112
f 1762/1619/3113 1776/1633/3114 1761/1618/3115
f 1763/1620/3116 1777/1634/3117 1762/1619/3118
f 1764/1622/3119 1778/1635/3119 1763/1620/3120
f 1764/1622/3121 1780/1636/3121 1779/1637/3122
f 1765/1621/3123 1781/1638/3124 1780/1636/3125
f 1766/1623/3126 1782/1639/3127 1781/1638/3128
f 1767/1624/3129 1783/1640/3129 1782/1639/3130
f 1768/1625/3131 1784/1641/3131 1783/1640/3132
f 1769/1626/3133 1785/1642/3134 1784/1641/3135
f 1770/1627/3136 1786/1643/3137 1785/1642/3138
f 302/1644/3139 361/227/3140 9/225/3139
f 303/1645/3141 1562/1422/2661 302/1644/3142
f 304/1646/3143 1563/1420/2663 303/1645/3143
f 305/1647/3144 1564/1423/2665 304/1646/3144
f 306/1648/3145 1565/1425/2667 305/1647/3146
f 307/1649/3147 1566/1427/2669 306/1648/3147
f 308/1650/3148 1567/1429/2671 307/1649/3148
f 309/1651/3149 1568/1431/2673 308/1650/3149
f 309/1651/3150 1570/1437/2675 1569/1433/2675
f 310/1652/3151 1571/1439/2677 1570/1437/2677
f 311/1653/3152 1572/1441/2679 1571/1439/2679
f 312/1654/3153 1573/1443/2682 1572/1441/2682
f 313/1655/3154 1574/1445/3155 1573/1443/2684
f 314/1656/3156 1575/1447/2686 1574/1445/2686
f 315/1657/3157 1576/1658/2689 1575/1447/2689
f 316/1659/3158 287/273/3159 1576/1658/3159
f 1576/1658/3159 288/272/3160 1591/1448/3160
f 1591/1448/3160 289/271/3161 1606/1463/3161
f 1606/1463/3161 290/270/3162 1621/1478/3162
f 1621/1478/3163 291/269/3163 1636/1493/3163
f 1636/1493/3164 292/268/3165 1651/1508/3165
f 1651/1508/3166 293/267/3167 1666/1523/3168
f 1666/1523/3169 294/266/3170 1681/1538/3171
f 1681/1538/3172 295/265/3173 1696/1553/3174
f 1696/1553/3175 296/264/3175 1711/1568/3176
f 1711/1568/3177 297/263/3177 1726/1583/3178
f 1726/1583/3179 298/262/3179 1741/1598/3180
f 1741/1598/3181 299/261/3181 1756/1613/3182
f 1756/1613/3183 300/260/3183 1771/1628/3184
f 1771/1628/3185 301/259/3186 1786/1643/3187
f 1786/1643/3188 15/258/3189 332/257/3190
f 1785/1642/3191 332/257/3192 333/256/3193
f 1784/1641/3194 333/256/3194 334/255/3195
f 1783/1640/3196 334/255/3196 335/254/3197
f 1782/1639/3198 335/254/3198 336/253/3199
f 1781/1638/3200 336/253/3200 337/252/3201
f 1780/1636/3202 337/252/3202 338/251/3203
f 1779/1637/3204 338/251/3205 339/1660/3206
f 1779/1637/3207 340/249/3207 1778/1635/3208
f 1778/1635/3209 341/248/3209 1777/1634/3210
f 1777/1634/3211 342/247/3211 1776/1633/3212
f 1776/1633/3213 343/246/3213 1775/1632/3214
f 1775/1632/3215 344/245/3215 1774/1631/3216
f 1774/1631/3217 345/244/3217 1773/1630/3218
f 1773/1630/3219 346/243/3220 1772/1629/3221
f 1772/1629/3222 13/242/3223 347/241/3224
f 1757/1614/3225 347/241/3226 348/240/3227
f 1742/1599/3228 348/240/3228 349/239/3229
f 1727/1584/3230 349/239/3230 350/238/3231
f 1712/1569/3232 350/238/3232 351/237/3233
f 1697/1554/3234 351/237/3234 352/236/3235
f 1682/1539/3236 352/236/3236 353/235/3237
f 1667/1524/3238 353/235/3239 354/234/3240
f 1652/1509/3241 354/234/3242 355/233/3243
f 1637/1494/3244 355/233/3245 356/232/3246
f 1622/1479/3247 356/232/3248 357/231/3249
f 1607/1464/3250 357/231/3250 358/230/3251
f 1592/1449/3252 358/230/3253 359/228/3252
f 1577/1421/3254 359/228/3252 360/229/3254
f 1562/1422/3140 360/229/3254 361/227/3140
f 1788/1661/3255 1802/1662/3256 1787/1663/3256
f 1789/1664/3257 1803/1665/3258 1788/1661/3255
f 1790/1666/3259 1804/1667/3260 1789/1664/3257
f 1791/1668/3261 1805/1669/3261 1790/1666/3262
f 1792/1670/3263 1806/1671/3263 1791/1668/3264
f 1793/1672/3265 1807/1673/3265 1792/1670/3266
f 1794/1674/3267 1808/1675/3268 1793/1672/3269
f 1795/1676/3270 1809/1677/3271 1794/1674/3272
f 1796/1678/3273 1810/1679/3274 1795/1676/3275
f 1797/1680/3276 1811/1681/3276 1796/1678/3277
f 1798/1682/3278 1812/1683/3279 1797/1680/3280
f 1799/1684/3281 1813/1685/3281 1798/1682/3282
f 1800/1686/3283 1814/1687/3284 1799/1684/3285
f 1801/1688/3286 1815/1689/3287 1800/1686/3288
f 1803/1665/3289 1817/1690/3290 1802/1662/3290
f 1804/1667/3291 1818/1691/3292 1803/1665/3289
f 1805/1669/3293 1819/1692/3294 1804/1667/3291
f 1806/1671/3295 1820/1693/3295 1805/1669/3296
f 1807/1673/3297 1821/1694/3297 1806/1671/3298
f 1808/1675/3299 1822/1695/3299 1807/1673/3300
f 1809/1677/3301 1823/1696/3302 1808/1675/3303
f 1810/1679/3304 1824/1697/3305 1809/1677/3306
f 1811/1681/3307 1825/1698/3308 1810/1679/3309
f 1812/1683/3310 1826/1699/3311 1811/1681/3312
f 1813/1685/3313 1827/1700/3313 1812/1683/3314
f 1814/1687/3315 1828/1701/3315 1813/1685/3316
f 1815/1689/3317 1829/1702/3317 1814/1687/3318
f 1816/1703/3319 1830/1704/3320 1815/1689/3321
f 1818/1691/3322 1832/1705/3323 1817/1690/3323
f 1819/1692/3324 1833/1706/3322 1818/1691/3322
f 1820/1693/3325 1834/1707/3326 1819/1692/3324
f 1821/1694/3327 1835/1708/3327 1820/1693/3328
f 1822/1695/3329 1836/1709/3329 1821/1694/3330
f 1823/1696/3331 1837/1710/3332 1822/1695/3333
f 1824/1697/3334 1838/1711/3335 1823/1696/3336
f 1825/1698/3337 1839/1712/3338 1824/1697/3339
f 1826/1699/3340 1840/1713/3341 1825/1698/3342
f 1827/1700/3343 1841/1714/3344 1826/1699/3345
f 1828/1701/3346 1842/1715/3347 1827/1700/3348
f 1829/1702/3349 1843/1716/3350 1828/1701/3351
f 1830/1704/3352 1844/1717/3352 1829/1702/3353
f 1831/1718/3354 1845/1719/3354 1830/1704/3355
f 1833/1706/3356 1847/1720/3357 1832/1705/3357
f 1834/1707/3358 1848/1721/3356 1833/1706/3356
f 1835/1708/3359 1849/1722/3358 1834/1707/3358
f 1836/1709/3360 1850/1723/3360 1835/1708/3361
f 1837/1710/3362 1851/1724/3362 1836/1709/3363
f 1838/1711/3364 1852/1725/3364 1837/1710/3365
f 1839/1712/3366 1853/1726/3367 1838/1711/3368
f 1840/1713/3369 1854/1727/3370 1839/1712/3371
f 1841/1714/3372 1855/1728/3373 1840/1713/3374
f 1842/1715/3375 1856/1729/3376 1841/1714/3377
f 1843/1716/3378 1857/1730/3379 1842/1715/3380
f 1844/1717/3381 1858/1731/3381 1843/1716/3382
f 1845/1719/3383 1859/1732/3384 1844/1717/3385
f 1846/1733/3386 1860/1734/3386 1845/1719/3387
f 1848/1721/3388 1862/1735/3389 1847/1720/3389
f 1849/1722/3390 1863/1736/3391 1848/1721/3388
f 1850/1723/3392 1864/1737/3393 1849/1722/3390
f 1851/1724/3394 1865/1738/3395 1850/1723/3396
f 1852/1725/3397 1866/1739/3397 1851/1724/3398
f 1853/1726/3399 1867/1740/3400 1852/1725/3401
f 1854/1727/3402 1868/1741/3403 1853/1726/3404
f 1855/1728/3405 1869/1742/3406 1854/1727/3407
f 1856/1729/3408 1870/1743/3409 1855/1728/3410
f 1857/1730/3411 1871/1744/3412 1856/1729/3413
f 1858/1731/3414 1872/1745/3414 1857/1730/3415
f 1859/1732/3416 1873/1746/3416 1858/1731/3417
f 1860/1734/3418 1874/1747/3418 1859/1732/3419
f 1861/1748/3420 1875/1749/3421 1860/1734/3422
f 1863/1736/3423 1877/1750/3424 1862/1735/3424
f 1864/1737/3425 1878/1751/3423 1863/1736/3423
f 1865/1738/3426 1879/1752/3427 1864/1737/3425
f 1866/1739/3428 1880/1753/3428 1865/1738/3429
f 1867/1740/3430 1881/1754/3430 1866/1739/3431
f 1868/1741/3432 1882/1755/3433 1867/1740/3434
f 1869/1742/3435 1883/1756/3436 1868/1741/3437
f 1870/1743/3438 1884/1757/3439 1869/1742/3440
f 1871/1744/3441 1885/1758/3442 1870/1743/3443
f 1872/1745/3444 1886/1759/3445 1871/1744/3446
f 1873/1746/3447 1887/1760/3448 1872/1745/3449
f 1874/1747/3450 1888/1761/3451 1873/1746/3452
f 1875/1749/3453 1889/1762/3454 1874/1747/3455
f 1876/1763/3456 1890/1764/3457 1875/1749/3458
f 1878/1751/3459 1892/1765/3460 1877/1750/3460
f 1879/1752/3461 1893/1766/3459 1878/1751/3459
f 1880/1753/3462 1894/1767/3461 1879/1752/3461
f 1881/1754/3463 1895/1768/3463 1880/1753/3463
f 1882/1755/3464 1896/1769/3464 1881/1754/3465
f 1883/1756/3466 1897/1770/3466 1882/1755/3467
f 1884/1757/3468 1898/1771/3468 1883/1756/3469
f 1885/1758/3470 1899/1772/3471 1884/1757/3472
f 1886/1759/3473 1900/1773/3474 1885/1758/3475
f 1887/1760/3476 1901/1774/3477 1886/1759/3478
f 1888/1761/3479 1902/1775/3480 1887/1760/3481
f 1889/1762/3482 1903/1776/3483 1888/1761/3484
f 1890/1764/3485 1904/1777/3485 1889/1762/3486
f 1891/1778/3487 1905/1779/3487 1890/1764/3488
f 1892/1765/3489 1908/1780/3490 1907/1781/3489
f 1893/1766/3490 1909/1782/3491 1908/1780/3490
f 1894/1767/3491 1910/1783/3492 1909/1782/3491
f 1895/1768/3493 1911/1784/3493 1910/1783/3493
f 1896/1769/3494 1912/1785/3494 1911/1784/3495
f 1897/1770/3496 1913/1786/3496 1912/1785/3497
f 1898/1771/3498 1914/1787/3498 1913/1786/3499
f 1899/1772/3500 1915/1788/3501 1914/1787/3502
f 1900/1773/3503 1916/1789/3504 1915/1788/3505
f 1901/1774/3506 1917/1790/3507 1916/1789/3508
f 1902/1775/3509 1918/1791/3510 1917/1790/3511
f 1903/1776/3512 1919/1792/3513 1918/1791/3514
f 1904/1777/3515 1920/1793/3515 1919/1792/3516
f 1905/1779/3517 1921/1794/3517 1920/1793/3518
f 1907/1781/3519 1923/1795/3520 1922/1796/3519
f 1908/1780/3520 1924/1797/3521 1923/1795/3520
f 1909/1782/3522 1925/1798/3523 1924/1797/3521
f 1910/1783/3524 1926/1799/3524 1925/1798/3525
f 1911/1784/3526 1927/1800/3526 1926/1799/3527
f 1912/1785/3528 1928/1801/3529 1927/1800/3530
f 1913/1786/3531 1929/1802/3532 1928/1801/3533
f 1914/1787/3534 1930/1803/3535 1929/1802/3536
f 1915/1788/3537 1931/1804/3538 1930/1803/3539
f 1916/1789/3540 1932/1805/3541 1931/1804/3542
f 1917/1790/3543 1933/1806/3544 1932/1805/3545
f 1918/1791/3546 1934/1807/3547 1933/1806/3548
f 1919/1792/3549 1935/1808/3550 1934/1807/3551
f 1920/1793/3552 1936/1809/3553 1935/1808/3554
f 1922/1796/3555 1938/1810/3556 1937/1811/3555
f 1923/1795/3557 1939/1812/3558 1938/1810/3556
f 1924/1797/3559 1940/1813/3560 1939/1812/3558
f 1925/1798/3561 1941/1814/3561 1940/1813/3562
f 1926/1799/3563 1942/1815/3563 1941/1814/3564
f 1927/1800/3565 1943/1816/3566 1942/1815/3567
f 1928/1801/3568 1944/1817/3569 1943/1816/3570
f 1929/1802/3571 1945/1818/3572 1944/1817/3573
f 1930/1803/3574 1946/1819/3575 1945/1818/3576
f 1931/1804/3577 1947/1820/3578 1946/1819/3579
f 1932/1805/3580 1948/1821/3580 1947/1820/3581
f 1933/1806/3582 1949/1822/3583 1948/1821/3584
f 1934/1807/3585 1950/1823/3586 1949/1822/3587
f 1935/1808/3588 1951/1824/3589 1950/1823/3590
f 1937/1811/3591 1953/1825/3592 1952/1826/3591
f 1938/1810/3592 1954/1827/3593 1953/1825/3592
f 1939/1812/3593 1955/1828/3594 1954/1827/3593
f 1940/1813/3595 1956/1829/3595 1955/1828/3596
f 1941/1814/3597 1957/1830/3597 1956/1829/3598
f 1942/1815/3599 1958/1831/3599 1957/1830/3600
f 1943/1816/3601 1959/1832/3602 1958/1831/3603
f 1944/1817/3604 1960/1833/3605 1959/1832/3606
f 1945/1818/3607 1961/1834/3608 1960/1833/3609
f 1946/1819/3610 1962/1835/3611 1961/1834/3612
f 1947/1820/3613 1963/1836/3614 1962/1835/3615
f 1948/1821/3616 1964/1837/3617 1963/1836/3618
f 1949/1822/3619 1965/1838/3620 1964/1837/3621
f 1950/1823/3622 1966/1839/3622 1965/1838/3623
f 1952/1826/3624 1968/1840/3625 1967/1841/3624
f 1953/1825/3626 1969/1842/3627 1968/1840/3625
f 1954/1827/3628 1970/1843/3629 1969/1842/3627
f 1955/1828/3630 1971/1844/3630 1970/1843/3631
f 1956/1829/3632 1972/1845/3632 1971/1844/3633
f 1957/1830/3634 1973/1846/3635 1972/1845/3636
f 1958/1831/3637 1974/1847/3638 1973/1846/3639
f 1959/1832/3640 1975/1848/3640 1974/1847/3641
f 1960/1833/3642 1976/1849/3643 1975/1848/3644
f 1961/1834/3645 1977/1850/3646 1976/1849/3647
f 1962/1835/3648 1978/1851/3649 1977/1850/3650
f 1963/1836/3651 1979/1852/3652 1978/1851/3653
f 1964/1837/3654 1980/1853/3654 1979/1852/3655
f 1965/1838/3656 1981/1854/3656 1980/1853/3657
f 1967/1841/3658 1983/1855/3659 1982/1856/3658
f 1968/1840/3660 1984/1857/3661 1983/1855/3659
f 1969/1842/3662 1985/1858/3663 1984/1857/3661
f 1970/1843/3664 1986/1859/3664 1985/1858/3665
f 1971/1844/3666 1987/1860/3666 1986/1859/3667
f 1972/1845/3668 1988/1861/3668 1987/1860/3669
f 1973/1846/3670 1989/1862/3671 1988/1861/3672
f 1974/1847/3673 1990/1863/3674 1989/1862/3675
f 1975/1848/3676 1991/1864/3677 1990/1863/3678
f 1976/1849/3679 1992/1865/3680 1991/1864/3681
f 1977/1850/3682 1993/1866/3682 1992/1865/3683
f 1978/1851/3684 1994/1867/3684 1993/1866/3685
f 1979/1852/3686 1995/1868/3686 1994/1867/3687
f 1980/1853/3688 1996/1869/3689 1995/1868/3690
f 1982/1856/3691 1998/1870/3692 1997/1871/3691
f 1983/1855/3693 1999/1872/3694 1998/1870/3692
f 1984/1857/3695 2000/1873/3696 1999/1872/3694
f 1985/1858/3697 2001/1874/3697 2000/1873/3698
f 1986/1859/3699 2002/1875/3699 2001/1874/3700
f 1987/1860/3701 2003/1876/3701 2002/1875/3702
f 1988/1861/3703 2004/1877/3704 2003/1876/3705
f 1989/1862/3706 2005/1878/3706 2004/1877/3707
f 1990/1863/3708 2006/1879/3709 2005/1878/3710
f 1991/1864/3711 2007/1880/3711 2006/1879/3712
f 1992/1865/3713 2008/1881/3714 2007/1880/3715
f 1993/1866/3716 2009/1882/3716 2008/1881/3717
f 1994/1867/3718 2010/1883/3719 2009/1882/3720
f 1995/1868/3721 2011/1884/3722 2010/1883/3723
f 331/514/3724 271/1885/3725 12/513/3725
f 330/575/3726 1787/1663/3724 331/514/3724
f 329/574/3727 1788/1661/3726 330/575/3726
f 328/573/3728 1789/1664/3727 329/574/3727
f 327/572/3729 1790/1666/3729 328/573/3730
f 326/571/3731 1791/1668/3732 327/572/3733
f 325/570/3734 1792/1670/3735 326/571/3736
f 324/569/3737 1793/1672/3738 325/570/3739
f 323/568/3740 1794/1674/3741 324/569/3742
f 322/567/3743 1795/1676/3743 323/568/3744
f 321/566/3745 1796/1678/3745 322/567/3746
f 320/565/3747 1797/1680/3747 321/566/3748
f 319/564/3749 1798/1682/3749 320/565/3750
f 318/563/3751 1799/1684/3751 319/564/3752
f 317/562/3753 1800/1686/3754 318/563/3755
f 16/561/3756 1801/1688/3757 317/562/3758
f 242/560/3759 1816/1703/3760 1801/1688/3761
f 243/559/3762 1831/1718/3762 1816/1703/3763
f 244/558/3764 1846/1733/3764 1831/1718/3765
f 245/557/3766 1861/1748/3766 1846/1733/3767
f 246/556/3768 1876/1763/3768 1861/1748/3769
f 247/555/3770 1891/1778/3770 1876/1763/3771
f 248/554/3772 1906/1886/3773 1891/1778/3773
f 1906/1886/3774 250/552/3774 1921/1794/3775
f 1921/1794/3776 251/551/3776 1936/1809/3777
f 1936/1809/3778 252/550/3778 1951/1824/3779
f 1951/1824/3780 253/549/3780 1966/1839/3781
f 1966/1839/3782 254/548/3782 1981/1854/3783
f 1981/1854/3784 255/547/3784 1996/1869/3785
f 1996/1869/3786 256/546/3787 2011/1884/3788
f 2011/1884/3789 15/545/3790 301/544/3791
f 2010/1883/3792 301/544/3793 300/543/3794
f 2009/1882/3795 300/543/3795 299/542/3796
f 2008/1881/3797 299/542/3797 298/541/3798
f 2007/1880/3799 298/541/3799 297/540/3800
f 2006/1879/3801 297/540/3801 296/539/3802
f 2005/1878/3803 296/539/3803 295/538/3804
f 2004/1877/3805 295/538/3806 294/537/3807
f 2003/1876/3808 294/537/3809 293/536/3810
f 2002/1875/3811 293/536/3812 292/535/3813
f 2001/1874/3814 292/535/3815 291/534/3816
f 2000/1873/3817 291/534/3817 290/533/3818
f 1999/1872/3819 290/533/3820 289/532/3819
f 1998/1870/3821 289/532/3819 288/1887/3821
f 1997/1871/3822 288/1887/3821 287/530/3822
f 257/1888/3823 287/530/3822 11/274/3823
f 258/1889/3824 1997/1871/3691 257/1888/3825
f 259/1890/3826 1982/1856/3658 258/1889/3826
f 260/1891/3827 1967/1841/3624 259/1890/3827
f 261/1892/3828 1952/1826/3591 260/1891/3829
f 262/1893/3830 1937/1811/3555 261/1892/3830
f 263/1894/3831 1922/1796/3519 262/1893/3831
f 264/1895/3832 1907/1781/3489 263/1894/3832
f 1877/1750/3460 264/1895/3833 265/1896/3833
f 1862/1735/3424 265/1896/3834 266/1897/3834
f 1847/1720/3389 266/1897/3835 267/1898/3835
f 1832/1705/3357 267/1898/3836 268/1899/3837
f 1817/1690/3323 268/1899/3838 269/1900/3838
f 1802/1662/3290 269/1900/3839 270/1901/3839
f 1787/1663/3256 270/1901/3840 271/1885/3841
f 2012/576/3842 2028/577/3842 2027/579/3843
f 2013/578/3844 2029/605/3845 2028/577/3846
f 2014/606/3847 2030/620/3847 2029/605/3848
f 2015/621/3849 2031/635/3849 2030/620/3850
f 2016/636/3851 2032/650/3851 2031/635/3852
f 2017/651/3853 2033/665/3853 2032/650/3854
f 2018/666/3855 2034/680/3855 2033/665/3856
f 2020/695/3857 2034/680/3857 2019/681/3858
f 2021/710/3859 2035/696/3859 2020/695/3860
f 2022/725/3861 2036/711/3861 2021/710/3862
f 2023/740/3863 2037/726/3863 2022/725/3864
f 2024/755/3865 2038/741/3866 2023/740/3867
f 2025/770/3868 2039/756/3869 2024/755/3870
f 2026/785/3871 2040/771/3871 2025/770/3872
f 2027/579/3873 2043/580/3874 2042/581/3875
f 2028/577/3876 2044/607/3876 2043/580/3877
f 2029/605/3878 2045/622/3879 2044/607/3880
f 2030/620/3881 2046/637/3881 2045/622/3882
f 2031/635/3883 2047/652/3884 2046/637/3885
f 2032/650/3886 2048/667/3887 2047/652/3888
f 2033/665/3889 2049/682/3889 2048/667/3890
f 2035/696/3891 2049/682/3891 2034/680/3892
f 2036/711/3893 2050/697/3894 2035/696/3895
f 2037/726/3896 2051/712/3897 2036/711/3898
f 2038/741/3899 2052/727/3899 2037/726/3900
f 2039/756/3901 2053/742/3901 2038/741/3902
f 2040/771/3903 2054/757/3903 2039/756/3904
f 2041/786/3905 2055/772/3906 2040/771/3907
f 2042/581/3908 2058/582/3909 2057/583/3910
f 2043/580/3911 2059/608/3911 2058/582/3912
f 2044/607/3913 2060/623/3913 2059/608/3914
f 2045/622/3915 2061/638/3915 2060/623/3916
f 2046/637/3917 2062/653/3917 2061/638/3918
f 2047/652/3919 2063/668/3919 2062/653/3920
f 2048/667/3921 2064/683/3922 2063/668/3923
f 2050/697/3924 2064/683/3925 2049/682/3926
f 2051/712/3927 2065/698/3927 2050/697/3928
f 2052/727/3929 2066/713/3929 2051/712/3930
f 2053/742/3931 2067/728/3931 2052/727/3932
f 2054/757/3933 2068/743/3933 2053/742/3934
f 2055/772/3935 2069/758/3935 2054/757/3936
f 2056/787/3937 2070/773/3938 2055/772/3939
f 2057/583/3940 2073/584/3940 2072/585/3941
f 2058/582/3942 2074/609/3942 2073/584/3943
f 2059/608/3944 2075/624/3944 2074/609/3945
f 2060/623/3946 2076/639/3946 2075/624/3947
f 2061/638/3948 2077/654/3948 2076/639/3949
f 2062/653/3950 2078/669/3950 2077/654/3951
f 2063/668/3952 2079/684/3952 2078/669/3953
f 2065/698/3954 2079/684/3954 2064/683/3955
f 2066/713/3956 2080/699/3956 2065/698/3957
f 2067/728/3958 2081/714/3958 2066/713/3959
f 2068/743/3960 2082/729/3960 2067/728/3961
f 2069/758/3962 2083/744/3962 2068/743/3963
f 2070/773/3964 2084/759/3964 2069/758/3965
f 2071/788/3966 2085/774/3966 2070/773/3967
f 2072/585/3968 2088/586/3968 2087/587/3969
f 2073/584/3970 2089/610/3971 2088/586/3972
f 2074/609/3973 2090/625/3974 2089/610/3975
f 2075/624/3976 2091/640/3976 2090/625/3977
f 2076/639/3978 2092/655/3978 2091/640/3979
f 2077/654/3980 2093/670/3980 2092/655/3981
f 2078/669/3982 2094/685/3982 2093/670/3983
f 2080/699/3984 2094/685/3984 2079/684/3985
f 2081/714/3986 2095/700/3986 2080/699/3987
f 2082/729/3988 2096/715/3988 2081/714/3989
f 2083/744/3990 2097/730/3990 2082/729/3991
f 2084/759/3992 2098/745/3993 2083/744/3994
f 2085/774/3995 2099/760/3996 2084/759/3997
f 2086/789/3998 2100/775/3998 2085/774/3999
f 2087/587/4000 2103/588/4000 2102/589/4001
f 2088/586/4002 2104/611/4003 2103/588/4004
f 2089/610/4005 2105/626/4005 2104/611/4006
f 2090/625/4007 2106/641/4007 2105/626/4008
f 2091/640/4009 2107/656/4009 2106/641/4010
f 2092/655/4011 2108/671/4011 2107/656/4012
f 2093/670/4013 2109/686/4013 2108/671/4014
f 2095/700/4015 2109/686/4015 2094/685/4016
f 2096/715/4017 2110/701/4017 2095/700/4018
f 2097/730/4019 2111/716/4019 2096/715/4020
f 2098/745/4021 2112/731/4021 2097/730/4022
f 2099/760/4023 2113/746/4023 2098/745/4024
f 2100/775/4025 2114/761/4026 2099/760/4027
f 2101/790/4028 2115/776/4028 2100/775/4029
f 2102/589/4030 2118/590/4030 2117/592/4031
f 2103/588/4032 2119/612/4032 2118/590/4033
f 2104/611/4034 2120/627/4035 2119/612/4036
f 2105/626/4037 2121/642/4037 2120/627/4038
f 2106/641/4039 2122/657/4039 2121/642/4040
f 2107/656/4041 2123/672/4041 2122/657/4042
f 2108/671/4043 2124/687/4043 2123/672/4044
f 2110/701/4045 2124/687/4045 2109/686/4046
f 2111/716/4047 2125/703/4047 2110/701/4048
f 2112/731/4049 2126/718/4049 2111/716/4050
f 2113/746/4051 2127/733/4051 2112/731/4052
f 2114/761/4053 2128/748/4054 2113/746/4055
f 2115/776/4056 2129/763/4056 2114/761/4057
f 2116/791/4058 2130/778/4058 2115/776/4059
f 2118/590/4060 2132/591/4060 2117/592/4061
f 2119/612/4062 2133/594/4062 2118/590/4063
f 2120/627/4064 2134/613/4065 2119/612/4066
f 2121/642/4067 2135/628/4067 2120/627/4068
f 2122/657/4069 2136/643/4069 2121/642/4070
f 2123/672/4071 2137/658/4071 2122/657/4072
f 2124/687/4073 2138/673/4073 2123/672/4074
f 2124/687/4075 2140/702/4075 2139/688/4076
f 2125/703/4077 2141/717/4077 2140/702/4078
f 2126/718/4079 2142/732/4079 2141/717/4080
f 2127/733/4081 2143/747/4081 2142/732/4082
f 2128/748/4083 2144/762/4084 2143/747/4085
f 2129/763/4086 2145/777/4086 2144/762/4087
f 2130/778/4088 2146/792/4088 2145/777/4089
f 2133/594/4090 2147/593/4090 2132/591/4091
f 2134/613/4092 2148/596/4093 2133/594/4094
f 2135/628/4095 2149/614/4095 2134/613/4096
f 2136/643/4097 2150/629/4097 2135/628/4098
f 2137/658/4099 2151/644/4099 2136/643/4100
f 2138/673/4101 2152/659/4101 2137/658/4102
f 2139/688/4103 2153/674/4103 2138/673/4104
f 2139/688/4105 2155/704/4105 2154/689/4106
f 2140/702/4107 2156/719/4107 2155/704/4108
f 2141/717/4109 2157/734/4109 2156/719/4110
f 2142/732/4111 2158/749/4112 2157/734/4113
f 2143/747/4114 2159/764/4114 2158/749/4115
f 2144/762/4116 2160/779/4117 2159/764/4118
f 2145/777/4119 2161/794/4119 2160/779/4120
f 2148/596/4121 2162/595/4121 2147/593/4122
f 2149/614/4123 2163/598/4124 2148/596/4125
f 2150/629/4126 2164/615/4127 2149/614/4128
f 2151/644/4129 2165/630/4129 2150/629/4130
f 2152/659/4131 2166/645/4131 2151/644/4132
f 2153/674/4133 2167/660/4133 2152/659/4134
f 2154/689/4135 2168/675/4135 2153/674/4136
f 2154/689/4137 2170/705/4137 2169/690/4138
f 2155/704/4139 2171/720/4139 2170/705/4140
f 2156/719/4141 2172/735/4141 2171/720/4142
f 2157/734/4143 2173/750/4143 2172/735/4144
f 2158/749/4145 2174/765/4146 2173/750/4147
f 2159/764/4148 2175/780/4149 2174/765/4150
f 2160/779/4151 2176/795/4151 2175/780/4152
f 2163/598/4153 2177/597/4153 2162/595/4154
f 2164/615/4155 2178/600/4155 2163/598/4156
f 2165/630/4157 2179/616/4157 2164/615/4158
f 2166/645/4159 2180/631/4159 2165/630/4160
f 2167/660/4161 2181/646/4161 2166/645/4162
f 2168/675/4163 2182/661/4164 2167/660/4165
f 2169/690/4166 2183/676/4166 2168/675/4167
f 2169/690/4168 2185/706/4168 2184/691/4169
f 2170/705/4170 2186/721/4171 2185/706/4172
f 2171/720/4173 2187/736/4173 2186/721/4174
f 2172/735/4175 2188/751/4175 2187/736/4176
f 2173/750/4177 2189/766/4177 2188/751/4178
f 2174/765/4179 2190/781/4179 2189/766/4180
f 2175/780/4181 2191/796/4181 2190/781/4182
f 2178/600/4183 2192/599/4183 2177/597/4184
f 2179/616/4185 2193/602/4186 2178/600/4187
f 2180/631/4188 2194/617/4188 2179/616/4189
f 2181/646/4190 2195/632/4190 2180/631/4191
f 2182/661/4192 2196/647/4193 2181/646/4194
f 2183/676/4195 2197/662/4195 2182/661/4196
f 2184/691/4197 2198/677/4198 2183/676/4199
f 2184/691/4200 2200/707/4201 2199/692/4202
f 2185/706/4203 2201/722/4203 2200/707/4204
f 2186/721/4205 2202/737/4206 2201/722/4207
f 2187/736/4208 2203/752/4208 2202/737/4209
f 2188/751/4210 2204/767/4210 2203/752/4211
f 2189/766/4212 2205/782/4212 2204/767/4213
f 2190/781/4214 2206/797/4214 2205/782/4215
f 2193/602/4216 2207/601/4217 2192/599/4218
f 2194/617/4219 2208/604/4219 2193/602/4220
f 2195/632/4221 2209/619/4222 2194/617/4223
f 2196/647/4224 2210/634/4224 2195/632/4225
f 2197/662/4226 2211/649/4227 2196/647/4228
f 2198/677/4229 2212/664/4230 2197/662/4231
f 2199/692/4232 2213/679/4232 2198/677/4233
f 2199/692/4234 2215/708/4234 2214/694/4235
f 2200/707/4236 2216/723/4237 2215/708/4238
f 2201/722/4239 2217/738/4240 2216/723/4241
f 2202/737/4242 2218/753/4242 2217/738/4243
f 2203/752/4244 2219/768/4245 2218/753/4246
f 2204/767/4247 2220/783/4247 2219/768/4248
f 2205/782/4249 2221/798/4250 2220/783/4251
f 2208/604/4252 2222/603/4252 2207/601/4253
f 2209/619/4254 2223/618/4255 2208/604/4256
f 2210/634/4257 2224/633/4257 2209/619/4258
f 2211/649/4259 2225/648/4259 2210/634/4260
f 2212/664/4261 2226/663/4261 2211/649/4262
f 2213/679/4263 2227/678/4263 2212/664/4264
f 2214/694/4265 2228/693/4265 2213/679/4266
f 2214/694/4267 2230/709/4267 2229/825/4268
f 2215/708/4269 2231/724/4269 2230/709/4270
f 2216/723/4271 2232/739/4271 2231/724/4272
f 2217/738/4273 2233/754/4273 2232/739/4274
f 2218/753/4275 2234/769/4275 2233/754/4276
f 2219/768/4277 2235/784/4278 2234/769/4279
f 2220/783/4280 2236/799/4280 2235/784/4281
f 16/800/4282 2012/576/4282 242/802/4283
f 211/801/4284 2013/578/4285 2012/576/4286
f 210/863/4287 2014/606/4287 2013/578/4288
f 209/862/4289 2015/621/4289 2014/606/4289
f 208/861/4290 2016/636/4290 2015/621/4291
f 207/860/4292 2017/651/4292 2016/636/4293
f 206/859/4294 2018/666/4295 2017/651/4296
f 205/858/4297 2019/681/4297 2018/666/4298
f 203/856/4299 2019/681/4299 204/857/4300
f 202/855/4301 2020/695/4302 203/856/4303
f 201/854/4304 2021/710/4304 202/855/4305
f 200/853/4306 2022/725/4306 201/854/4307
f 199/852/4308 2023/740/4308 200/853/4308
f 198/851/4309 2024/755/4309 199/852/4310
f 197/850/4311 2025/770/4312 198/851/4313
f 14/849/4314 2026/785/4314 197/850/4315
f 286/848/4316 2041/786/4317 2026/785/4318
f 285/847/4319 2056/787/4319 2041/786/4320
f 284/846/4321 2071/788/4321 2056/787/4321
f 283/845/4322 2086/789/4322 2071/788/4323
f 282/844/4324 2101/790/4324 2086/789/4325
f 281/843/4326 2116/791/4327 2101/790/4328
f 280/842/4329 2131/793/4329 2116/791/4330
f 2131/793/4331 278/840/4331 2146/792/4332
f 2146/792/4333 277/839/4333 2161/794/4334
f 2161/794/4335 276/838/4335 2176/795/4336
f 2176/795/4337 275/837/4337 2191/796/4338
f 2191/796/4339 274/836/4339 2206/797/4339
f 2206/797/4340 273/835/4341 2221/798/4342
f 2221/798/4343 272/834/4344 2236/799/4345
f 2236/799/4346 13/833/4346 346/832/4347
f 2235/784/4348 346/832/4349 345/831/4350
f 2234/769/4351 345/831/4351 344/830/4352
f 2233/754/4353 344/830/4353 343/829/4353
f 2232/739/4354 343/829/4354 342/828/4355
f 2231/724/4356 342/828/4356 341/827/4357
f 2230/709/4358 341/827/4359 340/826/4360
f 2229/825/4361 340/826/4361 339/1902/4362
f 2229/825/4363 338/824/4363 2228/693/4364
f 2228/693/4365 337/823/4366 2227/678/4367
f 2227/678/4368 336/822/4368 2226/663/4369
f 2226/663/4370 335/821/4370 2225/648/4371
f 2225/648/4372 334/820/4372 2224/633/4372
f 2224/633/4373 333/819/4373 2223/618/4374
f 2223/618/4375 332/818/4376 2222/603/4377
f 2222/603/4378 15/817/4378 256/816/4379
f 2207/601/4380 256/816/4381 255/815/4382
f 2192/599/4383 255/815/4383 254/814/4384
f 2177/597/4385 254/814/4385 253/813/4385
f 2162/595/4386 253/813/4386 252/812/4387
f 2147/593/4388 252/812/4388 251/811/4389
f 2132/591/4390 251/811/4391 250/809/4392
f 2117/592/4393 250/809/4393 249/810/4394
f 248/808/4395 2117/592/4395 249/810/4396
f 247/807/4397 2102/589/4397 248/808/4398
f 246/806/4399 2087/587/4399 247/807/4400
f 245/805/4401 2072/585/4401 246/806/4402
f 244/804/4403 2057/583/4403 245/805/4403
f 243/803/4404 2042/581/4404 244/804/4405
f 242/802/4406 2027/579/4407 243/803/4408
f 2237/1903/4409 2253/1904/4410 2252/1905/4411
f 2238/1906/4412 2254/1907/4413 2253/1904/4414
f 2239/1908/4415 2255/1909/4415 2254/1907/4416
f 2240/1910/4417 2256/1911/4417 2255/1909/4418
f 2241/1912/4419 2257/1913/4420 2256/1911/4421
f 2242/1914/4422 2258/1915/4423 2257/1913/4424
f 2243/1916/4425 2259/1917/4425 2258/1915/4426
f 2245/1918/4427 2259/1917/4427 2244/1919/4428
f 2246/1920/4429 2260/1921/4430 2245/1918/4431
f 2247/1922/4432 2261/1923/4433 2246/1920/4434
f 2248/1924/4435 2262/1925/4435 2247/1922/4436
f 2249/1926/4437 2263/1927/4437 2248/1924/4438
f 2250/1928/4439 2264/1929/4440 2249/1926/4441
f 2251/1930/4442 2265/1931/4443 2250/1928/4444
f 2252/1905/4445 2268/1932/4446 2267/1933/4447
f 2253/1904/4448 2269/1934/4448 2268/1932/4449
f 2254/1907/4450 2270/1935/4450 2269/1934/4451
f 2255/1909/4452 2271/1936/4453 2270/1935/4454
f 2256/1911/4455 2272/1937/4455 2271/1936/4456
f 2257/1913/4457 2273/1938/4458 2272/1937/4459
f 2258/1915/4460 2274/1939/4460 2273/1938/4461
f 2260/1921/4462 2274/1939/4463 2259/1917/4464
f 2261/1923/4465 2275/1940/4466 2260/1921/4467
f 2262/1925/4468 2276/1941/4468 2261/1923/4469
f 2263/1927/4470 2277/1942/4471 2262/1925/4472
f 2264/1929/4473 2278/1943/4473 2263/1927/4474
f 2265/1931/4475 2279/1944/4475 2264/1929/4476
f 2266/1945/4477 2280/1946/4478 2265/1931/4479
f 2267/1933/4480 2283/1947/4480 2282/1948/4481
f 2268/1932/4482 2284/1949/4482 2283/1947/4483
f 2269/1934/4484 2285/1950/4485 2284/1949/4486
f 2270/1935/4487 2286/1951/4487 2285/1950/4488
f 2271/1936/4489 2287/1952/4489 2286/1951/4490
f 2272/1937/4491 2288/1953/4492 2287/1952/4493
f 2273/1938/4494 2289/1954/4495 2288/1953/4496
f 2275/1940/4497 2289/1954/4498 2274/1939/4499
f 2276/1941/4500 2290/1955/4501 2275/1940/4502
f 2277/1942/4503 2291/1956/4503 2276/1941/4504
f 2278/1943/4505 2292/1957/4505 2277/1942/4506
f 2279/1944/4507 2293/1958/4508 2278/1943/4509
f 2280/1946/4510 2294/1959/4510 2279/1944/4510
f 2281/1960/4511 2295/1961/4511 2280/1946/4512
f 2282/1948/4513 2298/1962/4514 2297/1963/4515
f 2283/1947/4516 2299/1964/4516 2298/1962/4517
f 2284/1949/4518 2300/1965/4519 2299/1964/4520
f 2285/1950/4521 2301/1966/4522 2300/1965/4523
f 2286/1951/4524 2302/1967/4524 2301/1966/4525
f 2287/1952/4526 2303/1968/4527 2302/1967/4528
f 2288/1953/4529 2304/1969/4530 2303/1968/4531
f 2290/1955/4532 2304/1969/4533 2289/1954/4534
f 2291/1956/4535 2305/1970/4536 2290/1955/4537
f 2292/1957/4538 2306/1971/4538 2291/1956/4539
f 2293/1958/4540 2307/1972/4541 2292/1957/4542
f 2294/1959/4543 2308/1973/4544 2293/1958/4545
f 2295/1961/4546 2309/1974/4546 2294/1959/4547
f 2296/1975/4548 2310/1976/4549 2295/1961/4550
f 2297/1963/4551 2313/1977/4551 2312/1978/4552
f 2298/1962/4553 2314/1979/4554 2313/1977/4555
f 2299/1964/4556 2315/1980/4557 2314/1979/4558
f 2300/1965/4559 2316/1981/4560 2315/1980/4561
f 2301/1966/4562 2317/1982/4563 2316/1981/4564
f 2302/1967/4565 2318/1983/4566 2317/1982/4567
f 2303/1968/4568 2319/1984/4569 2318/1983/4570
f 2305/1970/4571 2319/1984/4572 2304/1969/4573
f 2306/1971/4574 2320/1985/4575 2305/1970/4576
f 2307/1972/4577 2321/1986/4578 2306/1971/4579
f 2308/1973/4580 2322/1987/4581 2307/1972/4582
f 2309/1974/4583 2323/1988/4584 2308/1973/4585
f 2310/1976/4586 2324/1989/4587 2309/1974/4588
f 2311/1990/4589 2325/1991/4589 2310/1976/4590
f 2312/1978/4591 2328/1992/4592 2327/1993/4593
f 2313/1977/4594 2329/1994/4595 2328/1992/4596
f 2314/1979/4597 2330/1995/4598 2329/1994/4599
f 2315/1980/4600 2331/1996/4601 2330/1995/4602
f 2316/1981/4603 2332/1997/4604 2331/1996/4605
f 2317/1982/4606 2333/1998/4607 2332/1997/4608
f 2318/1983/4609 2334/1999/4610 2333/1998/4611
f 2320/1985/4612 2334/1999/4613 2319/1984/4614
f 2321/1986/4615 2335/2000/4616 2320/1985/4617
f 2322/1987/4618 2336/2001/4619 2321/1986/4620
f 2323/1988/4621 2337/2002/4622 2322/1987/4623
f 2324/1989/4624 2338/2003/4625 2323/1988/4626
f 2325/1991/4627 2339/2004/4628 2324/1989/4629
f 2326/2005/4630 2340/2006/4631 2325/1991/4632
f 2327/1993/4633 2343/2007/4634 2342/2008/4635
f 2328/1992/4636 2344/2009/4637 2343/2007/4638
f 2329/1994/4639 2345/2010/4640 2344/2009/4641
f 2330/1995/4642 2346/2011/4643 2345/2010/4644
f 2331/1996/4645 2347/2012/4646 2346/2011/4647
f 2332/1997/4648 2348/2013/4649 2347/2012/4650
f 2333/1998/4651 2349/2014/4652 2348/2013/4653
f 2335/2000/4654 2349/2014/4655 2334/1999/4656
f 2336/2001/4657 2350/2015/4658 2335/2000/4659
f 2337/2002/4660 2351/2016/4661 2336/2001/4662
f 2338/2003/4663 2352/2017/4664 2337/2002/4665
f 2339/2004/4666 2353/2018/4666 2338/2003/4667
f 2340/2006/4668 2354/2019/4669 2339/2004/4670
f 2341/2020/4671 2355/2021/4672 2340/2006/4673
f 2342/2008/4674 2358/2022/4675 2357/2023/4676
f 2343/2007/4677 2359/2024/4678 2358/2022/4679
f 2344/2009/4680 2360/2025/4681 2359/2024/4682
f 2345/2010/4683 2361/2026/4684 2360/2025/4685
f 2346/2011/4686 2362/2027/4687 2361/2026/4688
f 2347/2012/4689 2363/2028/4690 2362/2027/4691
f 2348/2013/4692 2364/2029/4692 2363/2028/4693
f 2350/2015/4694 2364/2029/4694 2349/2014/4695
f 2351/2016/4696 2365/2030/4697 2350/2015/4698
f 2352/2017/4699 2366/2031/4700 2351/2016/4701
f 2353/2018/4702 2367/2032/4703 2352/2017/4704
f 2354/2019/4705 2368/2033/4706 2353/2018/4707
f 2355/2021/4708 2369/2034/4709 2354/2019/4710
f 2356/2035/4711 2370/2036/4712 2355/2021/4713
f 2357/2023/4714 2373/2037/4714 2372/2038/4715
f 2358/2022/4716 2374/2039/4716 2373/2037/4717
f 2359/2024/4718 2375/2040/4719 2374/2039/4720
f 2360/2025/4721 2376/2041/4721 2375/2040/4722
f 2361/2026/4723 2377/2042/4724 2376/2041/4725
f 2362/2027/4726 2378/2043/4727 2377/2042/4728
f 2363/2028/4729 2379/2044/4729 2378/2043/4730
f 2365/2030/4731 2379/2044/4731 2364/2029/4732
f 2366/2031/4733 2380/2045/4734 2365/2030/4735
f 2367/2032/4736 2381/2046/4737 2366/2031/4738
f 2368/2033/4739 2382/2047/4739 2367/2032/4740
f 2369/2034/4741 2383/2048/4742 2368/2033/4743
f 2370/2036/4744 2384/2049/4744 2369/2034/4745
f 2371/2050/4746 2385/2051/4746 2370/2036/4747
f 2372/2038/4748 2388/2052/4748 2387/2053/4749
f 2373/2037/4750 2389/2054/4750 2388/2052/4751
f 2374/2039/4752 2390/2055/4752 2389/2054/4753
f 2375/2040/4754 2391/2056/4754 2390/2055/4755
f 2376/2041/4756 2392/2057/4756 2391/2056/4757
f 2377/2042/4758 2393/2058/4758 2392/2057/4759
f 2378/2043/4760 2394/2059/4760 2393/2058/4761
f 2380/2045/4762 2394/2059/4762 2379/2044/4763
f 2381/2046/4764 2395/2060/4764 2380/2045/4765
f 2382/2047/4766 2396/2061/4766 2381/2046/4767
f 2383/2048/4768 2397/2062/4768 2382/2047/4769
f 2384/2049/4770 2398/2063/4770 2383/2048/4771
f 2385/2051/4772 2399/2064/4772 2384/2049/4773
f 2386/2065/4774 2400/2066/4774 2385/2051/4775
f 2387/2053/4776 2403/2067/4776 2402/2068/4777
f 2388/2052/4778 2404/2069/4778 2403/2067/4779
f 2389/2054/4780 2405/2070/4780 2404/2069/4781
f 2390/2055/4782 2406/2071/4782 2405/2070/4783
f 2391/2056/4784 2407/2072/4785 2406/2071/4786
f 2392/2057/4787 2408/2073/4787 2407/2072/4788
f 2393/2058/4789 2409/2074/4789 2408/2073/4789
f 2395/2060/4790 2409/2074/4790 2394/2059/4791
f 2396/2061/4792 2410/2075/4792 2395/2060/4793
f 2397/2062/4794 2411/2076/4794 2396/2061/4795
f 2398/2063/4796 2412/2077/4796 2397/2062/4797
f 2399/2064/4798 2413/2078/4798 2398/2063/4799
f 2400/2066/4800 2414/2079/4800 2399/2064/4801
f 2401/2080/4802 2415/2081/4802 2400/2066/4803
f 2402/2068/4804 2418/2082/4805 2417/2083/4806
f 2403/2067/4807 2419/2084/4808 2418/2082/4809
f 2404/2069/4810 2420/2085/4811 2419/2084/4812
f 2405/2070/4813 2421/2086/4814 2420/2085/4814
f 2406/2071/4815 2422/2087/4816 2421/2086/4817
f 2407/2072/4818 2423/2088/4819 2422/2087/4820
f 2408/2073/4821 2424/2089/4822 2423/2088/4822
f 2410/2075/4823 2424/2089/4824 2409/2074/4823
f 2411/2076/4825 2425/2090/4826 2410/2075/4827
f 2412/2077/4828 2426/2091/4829 2411/2076/4830
f 2413/2078/4831 2427/2092/4832 2412/2077/4833
f 2414/2079/4834 2428/2093/4835 2413/2078/4836
f 2415/2081/4837 2429/2094/4838 2414/2079/4839
f 2416/2095/4840 2430/2096/4841 2415/2081/4842
f 2417/2083/4806 2433/2097/4843 2432/2098/4844
f 2418/2082/4809 2434/2099/4845 2433/2097/4846
f 2419/2084/4812 2435/2100/4847 2434/2099/4847
f 2420/2085/4814 2436/2101/4848 2435/2100/4848
f 2421/2086/4817 2437/2102/4849 2436/2101/4850
f 2422/2087/4820 2438/2103/4851 2437/2102/4851
f 2423/2088/4822 2439/2104/4852 2438/2103/4852
f 2425/2090/4824 2439/2104/4853 2424/2089/4824
f 2426/2091/4854 2440/2105/4855 2425/2090/4826
f 2427/2092/4856 2441/2106/4857 2426/2091/4829
f 2428/2093/4832 2442/2107/4858 2427/2092/4832
f 2429/2094/4859 2443/2108/4860 2428/2093/4835
f 2430/2096/4861 2444/2109/4862 2429/2094/4838
f 2431/2110/4863 2445/2111/4864 2430/2096/4841
f 2432/2098/4844 2448/2112/4865 2447/2113/4865
f 2433/2097/4846 2449/2114/4866 2448/2112/4866
f 2434/2099/4847 2450/2115/4867 2449/2114/4867
f 2435/2100/4848 2451/2116/4868 2450/2115/4868
f 2436/2101/4850 2452/2117/4869 2451/2116/4869
f 2437/2102/4851 2453/2118/4870 2452/2117/4870
f 2438/2103/4852 2454/2119/4871 2453/2118/4871
f 2440/2105/4853 2454/2119/4872 2439/2104/4853
f 2441/2106/4855 2455/2120/4873 2440/2105/4855
f 2442/2107/4874 2456/2121/4875 2441/2106/4857
f 2443/2108/4858 2457/2122/4876 2442/2107/4858
f 2444/2109/4860 2458/2123/4877 2443/2108/4860
f 2445/2111/4878 2459/2124/4879 2444/2109/4862
f 2446/2125/4880 2460/2126/4881 2445/2111/4864
f 14/1088/4882 2237/1903/4883 226/1090/4884
f 197/1089/4885 2238/1906/4886 2237/1903/4887
f 198/1150/4888 2239/1908/4888 2238/1906/4889
f 199/1149/4890 2240/1910/4890 2239/1908/4891
f 200/1148/4892 2241/1912/4892 2240/1910/4893
f 201/1147/4894 2242/1914/4894 2241/1912/4895
f 202/1146/4896 2243/1916/4896 2242/1914/4897
f 203/1145/4898 2244/1919/4898 2243/1916/4899
f 205/1143/4900 2244/1919/4901 204/1144/4902
f 206/1142/4903 2245/1918/4903 205/1143/4904
f 207/1141/4905 2246/1920/4905 206/1142/4906
f 208/1140/4907 2247/1922/4907 207/1141/4908
f 209/1139/4909 2248/1924/4909 208/1140/4910
f 210/1138/4911 2249/1926/4911 209/1139/4912
f 211/1137/4913 2250/1928/4914 210/1138/4915
f 16/1136/4916 2251/1930/4917 211/1137/4918
f 317/1135/4919 2266/1945/4920 2251/1930/4921
f 318/1134/4922 2281/1960/4922 2266/1945/4923
f 319/1133/4924 2296/1975/4924 2281/1960/4925
f 320/1132/4926 2311/1990/4926 2296/1975/4927
f 321/1131/4928 2326/2005/4928 2311/1990/4929
f 322/1130/4930 2341/2020/4930 2326/2005/4931
f 323/1129/4932 2356/2035/4933 2341/2020/4934
f 324/1128/4935 2371/2050/4936 2356/2035/4937
f 325/1127/4938 2386/2065/4939 2371/2050/4940
f 326/1126/4941 2401/2080/4942 2386/2065/4941
f 327/1125/4943 2416/2095/4943 2401/2080/4943
f 328/1124/4944 2431/2110/4945 2416/2095/4944
f 329/1123/4945 2446/2125/4946 2431/2110/4945
f 330/1122/4946 2461/2127/4947 2446/2125/4946
f 331/1121/4947 362/2128/4948 2461/2127/4947
f 2461/2127/4881 363/2129/4949 2460/2126/4881
f 2460/2126/4879 364/2130/4950 2459/2124/4879
f 2459/2124/4877 365/2131/4951 2458/2123/4877
f 2458/2123/4876 366/2132/4952 2457/2122/4876
f 2457/2122/4875 367/2133/4953 2456/2121/4875
f 2456/2121/4873 368/2134/4954 2455/2120/4873
f 2455/2120/4872 369/2135/4955 2454/2119/4872
f 2453/2118/4871 369/2135/4956 370/2136/4956
f 2452/2117/4870 370/2136/4957 371/2137/4957
f 2451/2116/4869 371/2137/4958 372/2138/4958
f 2450/2115/4868 372/2138/4959 373/2139/4960
f 2449/2114/4867 373/2139/4961 374/2140/4961
f 2448/2112/4866 374/2140/4962 375/2141/4962
f 2447/2113/4865 375/2141/4963 376/2142/4964
f 212/1103/4965 376/2142/4966 10/1105/4966
f 213/1104/4967 2447/2113/4965 212/1103/4965
f 214/1102/4968 2432/2098/4967 213/1104/4967
f 215/1101/4969 2417/2083/4968 214/1102/4968
f 216/1100/4970 2402/2068/4970 215/1101/4971
f 217/1099/4972 2387/2053/4972 216/1100/4973
f 218/1098/4974 2372/2038/4975 217/1099/4976
f 219/1097/4977 2357/2023/4978 218/1098/4979
f 220/1096/4980 2342/2008/4981 219/1097/4982
f 221/1095/4983 2327/1993/4983 220/1096/4984
f 222/1094/4985 2312/1978/4985 221/1095/4986
f 223/1093/4987 2297/1963/4987 222/1094/4988
f 224/1092/4989 2282/1948/4989 223/1093/4990
f 225/1091/4991 2267/1933/4991 224/1092/4992
f 226/1090/4993 2252/1905/4994 225/1091/4995
f 2462/2143/4996 2478/2144/4997 2477/2145/4998
f 2463/2146/4999 2479/2147/5000 2478/2144/5001
f 2464/2148/5002 2480/2149/5002 2479/2147/5003
f 2465/2150/5004 2481/2151/5005 2480/2149/5006
f 2466/2152/5007 2482/2153/5007 2481/2151/5008
f 2467/2154/5009 2483/2155/5010 2482/2153/5011
f 2468/2156/5012 2484/2157/5013 2483/2155/5014
f 2469/2158/5015 2485/2159/5016 2484/2157/5017
f 2470/2160/5018 2486/2161/5018 2485/2159/5019
f 2471/2162/5020 2487/2163/5020 2486/2161/5021
f 2472/2164/5022 2488/2165/5022 2487/2163/5023
f 2473/2166/5024 2489/2167/5025 2488/2165/5026
f 2474/2168/5027 2490/2169/5028 2489/2167/5025
f 2475/2170/5029 2491/2171/5030 2490/2169/5028
f 2477/2145/5031 2493/2172/5032 2492/2173/5033
f 2478/2144/5034 2494/2174/5034 2493/2172/5035
f 2479/2147/5036 2495/2175/5036 2494/2174/5036
f 2480/2149/5037 2496/2176/5037 2495/2175/5038
f 2481/2151/5039 2497/2177/5040 2496/2176/5041
f 2482/2153/5042 2498/2178/5043 2497/2177/5044
f 2483/2155/5045 2499/2179/5046 2498/2178/5047
f 2484/2157/5048 2500/2180/5049 2499/2179/5050
f 2485/2159/5051 2501/2181/5051 2500/2180/5052
f 2486/2161/5053 2502/2182/5053 2501/2181/5054
f 2487/2163/5055 2503/2183/5055 2502/2182/5056
f 2488/2165/5057 2504/2184/5058 2503/2183/5059
f 2489/2167/5060 2505/2185/5061 2504/2184/5058
f 2490/2169/5062 2506/2186/5063 2505/2185/5061
f 2492/2173/5064 2508/2187/5064 2507/2188/5065
f 2493/2172/5066 2509/2189/5066 2508/2187/5067
f 2494/2174/5068 2510/2190/5069 2509/2189/5070
f 2495/2175/5071 2511/2191/5072 2510/2190/5073
f 2496/2176/5074 2512/2192/5075 2511/2191/5076
f 2497/2177/5077 2513/2193/5078 2512/2192/5079
f 2498/2178/5080 2514/2194/5081 2513/2193/5082
f 2499/2179/5083 2515/2195/5084 2514/2194/5085
f 2500/2180/5086 2516/2196/5087 2515/2195/5088
f 2501/2181/5089 2517/2197/5089 2516/2196/5090
f 2502/2182/5091 2518/2198/5091 2517/2197/5092
f 2503/2183/5093 2519/2199/5094 2518/2198/5095
f 2504/2184/5096 2520/2200/5097 2519/2199/5094
f 2505/2185/5097 2521/2201/5098 2520/2200/5097
f 2507/2188/5099 2523/2202/5099 2522/2203/5100
f 2508/2187/5101 2524/2204/5102 2523/2202/5103
f 2509/2189/5104 2525/2205/5104 2524/2204/5105
f 2510/2190/5106 2526/2206/5107 2525/2205/5108
f 2511/2191/5109 2527/2207/5110 2526/2206/5111
f 2512/2192/5112 2528/2208/5113 2527/2207/5114
f 2513/2193/5115 2529/2209/5116 2528/2208/5117
f 2514/2194/5118 2530/2210/5119 2529/2209/5120
f 2515/2195/5121 2531/2211/5121 2530/2210/5122
f 2516/2196/5123 2532/2212/5123 2531/2211/5124
f 2517/2197/5125 2533/2213/5125 2532/2212/5126
f 2518/2198/5127 2534/2214/5128 2533/2213/5129
f 2519/2199/5128 2535/2215/5130 2534/2214/5128
f 2520/2200/5130 2536/2216/5131 2535/2215/5130
f 2522/2203/5132 2538/2217/5133 2537/2218/5134
f 2523/2202/5135 2539/2219/5135 2538/2217/5136
f 2524/2204/5137 2540/2220/5137 2539/2219/5138
f 2525/2205/5139 2541/2221/5139 2540/2220/5140
f 2526/2206/5141 2542/2222/5142 2541/2221/5143
f 2527/2207/5144 2543/2223/5145 2542/2222/5146
f 2528/2208/5147 2544/2224/5148 2543/2223/5149
f 2529/2209/5150 2545/2225/5151 2544/2224/5152
f 2530/2210/5153 2546/2226/5154 2545/2225/5155
f 2531/2211/5156 2547/2227/5156 2546/2226/5157
f 2532/2212/5158 2548/2228/5158 2547/2227/5159
f 2533/2213/5160 2549/2229/5161 2548/2228/5162
f 2534/2214/5163 2550/2230/5164 2549/2229/5161
f 2535/2215/5165 2551/2231/5166 2550/2230/5164
f 2537/2218/5167 2553/2232/5168 2552/2233/5169
f 2538/2217/5170 2554/2234/5171 2553/2232/5172
f 2539/2219/5173 2555/2235/5174 2554/2234/5175
f 2540/2220/5176 2556/2236/5177 2555/2235/5178
f 2541/2221/5179 2557/2237/5180 2556/2236/5181
f 2542/2222/5182 2558/2238/5183 2557/2237/5184
f 2543/2223/5185 2559/2239/5186 2558/2238/5187
f 2544/2224/5188 2560/2240/5189 2559/2239/5190
f 2545/2225/5191 2561/2241/5192 2560/2240/5193
f 2546/2226/5194 2562/2242/5194 2561/2241/5195
f 2547/2227/5196 2563/2243/5196 2562/2242/5197
f 2548/2228/5198 2564/2244/5199 2563/2243/5200
f 2549/2229/5201 2565/2245/5202 2564/2244/5199
f 2550/2230/5202 2566/2246/5203 2565/2245/5202
f 2552/2233/5204 2568/2247/5204 2567/2248/5205
f 2553/2232/5206 2569/2249/5207 2568/2247/5208
f 2554/2234/5209 2570/2250/5210 2569/2249/5211
f 2555/2235/5212 2571/2251/5213 2570/2250/5214
f 2556/2236/5215 2572/2252/5216 2571/2251/5217
f 2557/2237/5218 2573/2253/5219 2572/2252/5220
f 2558/2238/5221 2574/2254/5222 2573/2253/5223
f 2559/2239/5224 2575/2255/5224 2574/2254/5225
f 2560/2240/5226 2576/2256/5226 2575/2255/5227
f 2561/2241/5228 2577/2257/5228 2576/2256/5229
f 2562/2242/5230 2578/2258/5230 2577/2257/5231
f 2563/2243/5232 2579/2259/5233 2578/2258/5232
f 2564/2244/5233 2580/2260/5234 2579/2259/5233
f 2565/2245/5234 2581/2261/5235 2580/2260/5234
f 2568/2247/5236 2582/2262/5236 2567/2248/5237
f 2569/2249/5238 2583/2263/5239 2568/2247/5240
f 2570/2250/5241 2584/2264/5242 2569/2249/5243
f 2571/2251/5244 2585/2265/5245 2570/2250/5246
f 2572/2252/5247 2586/2266/5248 2571/2251/5249
f 2573/2253/5250 2587/2267/5251 2572/2252/5252
f 2574/2254/5253 2588/2268/5254 2573/2253/5255
f 2575/2255/5256 2589/2269/5256 2574/2254/5257
f 2576/2256/5258 2590/2270/5258 2575/2255/5259
f 2577/2257/5260 2591/2271/5260 2576/2256/5261
f 2578/2258/5262 2592/2272/5262 2577/2257/5263
f 2579/2259/5264 2593/2273/5265 2578/2258/5265
f 2580/2260/5266 2594/2274/5264 2579/2259/5264
f 2581/2261/5267 2595/2275/5266 2580/2260/5266
f 2583/2263/5268 2597/2276/5269 2582/2262/5270
f 2584/2264/5271 2598/2277/5272 2583/2263/5273
f 2585/2265/5274 2599/2278/5275 2584/2264/5276
f 2586/2266/5277 2600/2279/5278 2585/2265/5279
f 2587/2267/5280 2601/2280/5281 2586/2266/5282
f 2588/2268/5283 2602/2281/5284 2587/2267/5285
f 2589/2269/5286 2603/2282/5287 2588/2268/5288
f 2590/2270/5289 2604/2283/5290 2589/2269/5291
f 2591/2271/5292 2605/2284/5293 2590/2270/5294
f 2592/2272/5295 2606/2285/5295 2591/2271/5296
f 2593/2273/5297 2607/2286/5297 2592/2272/5298
f 2594/2274/5299 2608/2287/5300 2593/2273/5301
f 2595/2275/5302 2609/2288/5303 2594/2274/5299
f 2596/2289/5304 2610/2290/5302 2595/2275/5302
f 2598/2277/5305 2612/2291/5306 2597/2276/5307
f 2599/2278/5308 2613/2292/5308 2598/2277/5309
f 2600/2279/5310 2614/2293/5310 2599/2278/5311
f 2601/2280/5312 2615/2294/5312 2600/2279/5313
f 2602/2281/5314 2616/2295/5315 2601/2280/5316
f 2603/2282/5317 2617/2296/5318 2602/2281/5319
f 2604/2283/5320 2618/2297/5321 2603/2282/5322
f 2605/2284/5323 2619/2298/5324 2604/2283/5325
f 2606/2285/5326 2620/2299/5327 2605/2284/5328
f 2607/2286/5329 2621/2300/5329 2606/2285/5330
f 2608/2287/5331 2622/2301/5331 2607/2286/5332
f 2609/2288/5333 2623/2302/5334 2608/2287/5335
f 2610/2290/5336 2624/2303/5337 2609/2288/5333
f 2611/2304/5338 2625/2305/5339 2610/2290/5336
f 2613/2292/5340 2627/2306/5340 2612/2291/5341
f 2614/2293/5342 2628/2307/5343 2613/2292/5344
f 2615/2294/5345 2629/2308/5345 2614/2293/5346
f 2616/2295/5347 2630/2309/5348 2615/2294/5349
f 2617/2296/5350 2631/2310/5351 2616/2295/5352
f 2618/2297/5353 2632/2311/5354 2617/2296/5355
f 2619/2298/5356 2633/2312/5357 2618/2297/5358
f 2620/2299/5359 2634/2313/5360 2619/2298/5361
f 2621/2300/5362 2635/2314/5362 2620/2299/5363
f 2622/2301/5364 2636/2315/5364 2621/2300/5365
f 2623/2302/5366 2637/2316/5366 2622/2301/5367
f 2624/2303/5368 2638/2317/5369 2623/2302/5370
f 2625/2305/5371 2639/2318/5368 2624/2303/5368
f 2626/2319/5372 2640/2320/5371 2625/2305/5371
f 2628/2307/5373 2642/2321/5373 2627/2306/5374
f 2629/2308/5375 2643/2322/5375 2628/2307/5376
f 2630/2309/5377 2644/2323/5378 2629/2308/5379
f 2631/2310/5380 2645/2324/5381 2630/2309/5382
f 2632/2311/5383 2646/2325/5384 2631/2310/5385
f 2633/2312/5386 2647/2326/5387 2632/2311/5388
f 2634/2313/5389 2648/2327/5389 2633/2312/5390
f 2635/2314/5391 2649/2328/5392 2634/2313/5393
f 2636/2315/5394 2650/2329/5395 2635/2314/5396
f 2637/2316/5397 2651/2330/5397 2636/2315/5398
f 2638/2317/5399 2652/2331/5399 2637/2316/5400
f 2639/2318/5401 2653/2332/5402 2638/2317/5403
f 2640/2320/5404 2654/2333/5405 2639/2318/5401
f 2641/2334/5406 2655/2335/5407 2640/2320/5404
f 2643/2322/5408 2657/2336/5409 2642/2321/5410
f 2644/2323/5411 2658/2337/5411 2643/2322/5412
f 2645/2324/5413 2659/2338/5413 2644/2323/5414
f 2646/2325/5415 2660/2339/5415 2645/2324/5416
f 2647/2326/5417 2661/2340/5418 2646/2325/5419
f 2648/2327/5420 2662/2341/5421 2647/2326/5422
f 2649/2328/5423 2663/2342/5424 2648/2327/5425
f 2650/2329/5426 2664/2343/5427 2649/2328/5428
f 2651/2330/5429 2665/2344/5429 2650/2329/5430
f 2652/2331/5431 2666/2345/5431 2651/2330/5432
f 2653/2332/5433 2667/2346/5433 2652/2331/5434
f 2654/2333/5435 2668/2347/5436 2653/2332/5437
f 2655/2335/5438 2669/2348/5439 2654/2333/5435
f 2656/2349/5440 2670/2350/5441 2655/2335/5438
f 2658/2337/5442 2672/2351/5443 2657/2336/5444
f 2659/2338/5445 2673/2352/5446 2658/2337/5447
f 2660/2339/5448 2674/2353/5448 2659/2338/5449
f 2661/2340/5450 2675/2354/5451 2660/2339/5452
f 2662/2341/5453 2676/2355/5453 2661/2340/5454
f 2663/2342/5455 2677/2356/5456 2662/2341/5457
f 2664/2343/5458 2678/2357/5459 2663/2342/5460
f 2665/2344/5461 2679/2358/5462 2664/2343/5463
f 2666/2345/5464 2680/2359/5464 2665/2344/5465
f 2667/2346/5466 2681/2360/5466 2666/2345/5467
f 2668/2347/5468 2682/2361/5468 2667/2346/5469
f 2669/2348/5470 2683/2362/5471 2668/2347/5472
f 2670/2350/5473 2684/2363/5474 2669/2348/5470
f 2671/2364/5475 2685/2365/5476 2670/2350/5473
f 14/849/5477 2462/2143/5478 286/848/5479
f 226/1375/5480 2463/2146/5481 2462/2143/5482
f 225/1419/5483 2464/2148/5483 2463/2146/5484
f 224/1418/5485 2465/2150/5485 2464/2148/5486
f 223/1417/5487 2466/2152/5487 2465/2150/5488
f 222/1416/5489 2467/2154/5489 2466/2152/5490
f 221/1415/5491 2468/2156/5491 2467/2154/5492
f 220/1414/5493 2469/2158/5494 2468/2156/5495
f 219/1413/5496 2470/2160/5497 2469/2158/5498
f 218/1412/5499 2471/2162/5500 2470/2160/5501
f 217/1411/5502 2472/2164/5502 2471/2162/5503
f 216/1410/5504 2473/2166/5504 2472/2164/5504
f 215/1409/5505 2474/2168/5506 2473/2166/5505
f 214/1408/5506 2475/2170/5507 2474/2168/5506
f 213/1407/5507 2476/2366/5508 2475/2170/5507
f 212/1406/5508 241/2367/5509 2476/2366/5508
f 2476/2366/5030 240/2368/5510 2491/2171/5030
f 2491/2171/5063 239/2369/5511 2506/2186/5063
f 2506/2186/5512 238/2370/5513 2521/2201/5098
f 2521/2201/5131 237/2371/5514 2536/2216/5131
f 2536/2216/5166 236/2372/5515 2551/2231/5166
f 2551/2231/5203 235/2373/5516 2566/2246/5203
f 2566/2246/5235 234/2374/5517 2581/2261/5235
f 234/2374/5518 2596/2289/5267 2581/2261/5267
f 233/2375/5519 2611/2304/5304 2596/2289/5304
f 232/2376/5520 2626/2319/5338 2611/2304/5338
f 231/2377/5521 2641/2334/5372 2626/2319/5372
f 230/2378/5522 2656/2349/5406 2641/2334/5406
f 229/2379/5523 2671/2364/5440 2656/2349/5440
f 228/2380/5524 2686/2381/5475 2671/2364/5475
f 227/2382/5525 361/1390/5526 2686/2381/5526
f 2686/2381/5526 360/2383/5527 2685/2365/5527
f 2685/2365/5527 359/1388/5528 2684/2363/5528
f 2684/2363/5528 358/1387/5529 2683/2362/5529
f 2683/2362/5530 357/1386/5530 2682/2361/5530
f 2682/2361/5531 356/1385/5532 2681/2360/5532
f 2681/2360/5533 355/1384/5534 2680/2359/5535
f 2680/2359/5536 354/1383/5537 2679/2358/5538
f 2679/2358/5539 353/1382/5540 2678/2357/5541
f 2678/2357/5542 352/1381/5542 2677/2356/5543
f 2677/2356/5544 351/1380/5544 2676/2355/5545
f 2676/2355/5546 350/1379/5546 2675/2354/5547
f 2675/2354/5548 349/1378/5548 2674/2353/5549
f 2674/2353/5550 348/1377/5550 2673/2352/5551
f 2673/2352/5552 347/1376/5553 2672/2351/5554
f 2672/2351/5555 13/833/5556 272/834/5557
f 2657/2336/5558 272/834/5559 273/835/5560
f 2642/2321/5561 273/835/5561 274/836/5562
f 2627/2306/5563 274/836/5563 275/837/5564
f 2612/2291/5565 275/837/5565 276/838/5566
f 2597/2276/5567 276/838/5567 277/839/5568
f 2582/2262/5569 277/839/5569 278/840/5570
f 2567/2248/5571 278/840/5571 279/841/5572
f 280/842/5573 2567/2248/5574 279/841/5575
f 281/843/5576 2552/2233/5576 280/842/5577
f 282/844/5578 2537/2218/5578 281/843/5579
f 283/845/5580 2522/2203/5580 282/844/5581
f 284/846/5582 2507/2188/5582 283/845/5583
f 285/847/5584 2492/2173/5584 284/846/5585
f 286/848/5586 2477/2145/5587 285/847/5588
f 2688/2384/5589 2702/2385/5590 2687/2386/5589
f 2689/2387/5591 2703/2388/5592 2688/2384/5593
f 2690/2389/5594 2704/2390/5595 2689/2387/5594
f 2691/2391/5596 2705/2392/5597 2690/2389/5596
f 2692/2393/5598 2706/2394/5599 2691/2391/5598
f 2693/2395/5600 2707/2396/5601 2692/2393/5600
f 2694/2397/5602 2708/2398/5603 2693/2395/5602
f 2694/2397/5604 2710/2399/5605 2709/2400/5605
f 2695/2401/5606 2711/2402/5607 2710/2399/5607
f 2696/2403/5608 2712/2404/5609 2711/2402/5609
f 2697/2405/5610 2713/2406/5611 2712/2404/5611
f 2698/2407/5612 2714/2408/5613 2713/2406/5614
f 2699/2409/5615 2715/2410/5616 2714/2408/5617
f 2700/2411/5618 2716/2412/5619 2715/2410/5619
f 2703/2388/5620 2717/2413/5620 2702/2385/5620
f 2704/2390/5621 2718/2414/5622 2703/2388/5592
f 2705/2392/5623 2719/2415/5624 2704/2390/5595
f 2706/2394/5625 2720/2416/5626 2705/2392/5597
f 2707/2396/5599 2721/2417/5627 2706/2394/5599
f 2708/2398/5601 2722/2418/5628 2707/2396/5601
f 2709/2400/5603 2723/2419/5629 2708/2398/5603
f 2709/2400/5605 2725/2420/5630 2724/2421/5630
f 2710/2399/5607 2726/2422/5631 2725/2420/5631
f 2711/2402/5609 2727/2423/5632 2726/2422/5632
f 2712/2404/5611 2728/2424/5633 2727/2423/5633
f 2713/2406/5614 2729/2425/5634 2728/2424/5634
f 2714/2408/5617 2730/2426/5635 2729/2425/5636
f 2715/2410/5637 2731/2427/5637 2730/2426/5637
f 2718/2414/5638 2732/2428/5638 2717/2413/5638
f 2719/2415/5639 2733/2429/5639 2718/2414/5640
f 2720/2416/5641 2734/2430/5641 2719/2415/5641
f 2721/2417/5642 2735/2431/5642 2720/2416/5642
f 2722/2418/5643 2736/2432/5643 2721/2417/5643
f 2723/2419/5644 2737/2433/5644 2722/2418/5644
f 2724/2421/5645 2738/2434/5646 2723/2419/5646
f 2724/2421/5647 2740/2435/5648 2739/2436/5647
f 2725/2420/5649 2741/2437/5649 2740/2435/5649
f 2726/2422/5650 2742/2438/5650 2741/2437/5650
f 2727/2423/5651 2743/2439/5651 2742/2438/5651
f 2728/2424/5652 2744/2440/5652 2743/2439/5652
f 2729/2425/5653 2745/2441/5653 2744/2440/5653
f 2730/2426/5654 2746/2442/5654 2745/2441/5654
f 2733/2429/5655 2747/2443/5655 2732/2428/5655
f 2734/2430/5656 2748/2444/5656 2733/2429/5656
f 2735/2431/5657 2749/2445/5657 2734/2430/5657
f 2736/2432/5658 2750/2446/5658 2735/2431/5658
f 2737/2433/5659 2751/2447/5659 2736/2432/5659
f 2738/2434/5660 2752/2448/5660 2737/2433/5660
f 2739/2436/5661 2753/2449/5661 2738/2434/5661
f 2739/2436/5662 2755/2450/5662 2754/2451/5662
f 2740/2435/5663 2756/2452/5663 2755/2450/5663
f 2741/2437/5664 2757/2453/5664 2756/2452/5664
f 2742/2438/5665 2758/2454/5665 2757/2453/5665
f 2743/2439/5666 2759/2455/5666 2758/2454/5666
f 2744/2440/5667 2760/2456/5667 2759/2455/5667
f 2745/2441/5668 2761/2457/5668 2760/2456/5668
f 2748/2444/5669 2762/2458/5670 2747/2443/5670
f 2749/2445/5671 2763/2459/5671 2748/2444/5671
f 2750/2446/5672 2764/2460/5672 2749/2445/5672
f 2751/2447/5673 2765/2461/5673 2750/2446/5673
f 2752/2448/5674 2766/2462/5674 2751/2447/5674
f 2753/2449/5675 2767/2463/5675 2752/2448/5675
f 2754/2451/5676 2768/2464/5677 2753/2449/5677
f 2754/2451/5678 2770/2465/5679 2769/2466/5678
f 2755/2450/5680 2771/2467/5680 2770/2465/5680
f 2756/2452/5681 2772/2468/5681 2771/2467/5681
f 2757/2453/5682 2773/2469/5682 2772/2468/5682
f 2758/2454/5683 2774/2470/5683 2773/2469/5683
f 2759/2455/5684 2775/2471/5684 2774/2470/5684
f 2760/2456/5685 2776/2472/5686 2775/2471/5685
f 2763/2459/5687 2777/2473/5688 2762/2458/5688
f 2764/2460/5689 2778/2474/5690 2763/2459/5690
f 2765/2461/5691 2779/2475/5692 2764/2460/5692
f 2766/2462/5693 2780/2476/5693 2765/2461/5693
f 2767/2463/5694 2781/2477/5694 2766/2462/5694
f 2768/2464/5695 2782/2478/5696 2767/2463/5696
f 2769/2466/5697 2783/2479/5697 2768/2464/5697
f 2769/2466/5698 2785/2480/5699 2784/2481/5698
f 2770/2465/5700 2786/2482/5701 2785/2480/5700
f 2771/2467/5702 2787/2483/5702 2786/2482/5702
f 2772/2468/5703 2788/2484/5703 2787/2483/5703
f 2773/2469/5704 2789/2485/5704 2788/2484/5704
f 2774/2470/5705 2790/2486/5705 2789/2485/5705
f 2775/2471/5706 2791/2487/5707 2790/2486/5706
f 2778/2474/5708 2792/2488/5709 2777/2473/5709
f 2779/2475/5710 2793/2489/5711 2778/2474/5712
f 2780/2476/5713 2794/2490/5714 2779/2475/5714
f 2781/2477/5715 2795/2491/5716 2780/2476/5716
f 2782/2478/5717 2796/2492/5717 2781/2477/5717
f 2783/2479/5718 2797/2493/5719 2782/2478/5719
f 2784/2481/5720 2798/2494/5721 2783/2479/5721
f 2784/2481/5722 2800/2495/5723 2799/2496/5722
f 2785/2480/5724 2801/2497/5724 2800/2495/5724
f 2786/2482/5725 2802/2498/5725 2801/2497/5725
f 2787/2483/5726 2803/2499/5726 2802/2498/5726
f 2788/2484/5727 2804/2500/5727 2803/2499/5727
f 2789/2485/5728 2805/2501/5729 2804/2500/5728
f 2790/2486/5730 2806/2502/5731 2805/2501/5730
f 2793/2489/5732 2807/2503/5733 2792/2488/5733
f 2794/2490/5734 2808/2504/5734 2793/2489/5734
f 2795/2491/5735 2809/2505/5736 2794/2490/5736
f 2796/2492/5737 2810/2506/5738 2795/2491/5738
f 2797/2493/5739 2811/2507/5740 2796/2492/5740
f 2798/2494/5741 2812/2508/5742 2797/2493/5742
f 2799/2496/5743 2813/2509/5744 2798/2494/5744
f 2799/2496/5745 2815/2510/5746 2814/2511/5745
f 2800/2495/5747 2816/2512/5748 2815/2510/5747
f 2801/2497/5749 2817/2513/5750 2816/2512/5749
f 2802/2498/5751 2818/2514/5751 2817/2513/5751
f 2803/2499/5752 2819/2515/5752 2818/2514/5752
f 2804/2500/5753 2820/2516/5753 2819/2515/5753
f 2805/2501/5754 2821/2517/5755 2820/2516/5754
f 2808/2504/5756 2822/2518/5756 2807/2503/5756
f 2809/2505/5757 2823/2519/5757 2808/2504/5757
f 2810/2506/5758 2824/2520/5758 2809/2505/5758
f 2811/2507/5759 2825/2521/5760 2810/2506/5760
f 2812/2508/5761 2826/2522/5762 2811/2507/5762
f 2813/2509/5763 2827/2523/5764 2812/2508/5764
f 2814/2511/5765 2828/2524/5765 2813/2509/5765
f 2814/2511/5766 2830/2525/5766 2829/2526/5766
f 2815/2510/5767 2831/2527/5768 2830/2525/5767
f 2816/2512/5769 2832/2528/5770 2831/2527/5769
f 2817/2513/5771 2833/2529/5772 2832/2528/5771
f 2818/2514/5773 2834/2530/5773 2833/2529/5773
f 2819/2515/5774 2835/2531/5774 2834/2530/5774
f 2820/2516/5775 2836/2532/5776 2835/2531/5775
f 2823/2519/5777 2837/2533/5777 2822/2518/5777
f 2824/2520/5778 2838/2534/5778 2823/2519/5778
f 2825/2521/5779 2839/2535/5779 2824/2520/5779
f 2826/2522/5780 2840/2536/5780 2825/2521/5780
f 2827/2523/5781 2841/2537/5782 2826/2522/5782
f 2828/2524/5783 2842/2538/5783 2827/2523/5783
f 2829/2526/5784 2843/2539/5784 2828/2524/5784
f 2829/2526/5785 2845/2540/5785 2844/2541/5785
f 2830/2525/5786 2846/2542/5786 2845/2540/5786
f 2831/2527/5787 2847/2543/5788 2846/2542/5787
f 2832/2528/5789 2848/2544/5789 2847/2543/5789
f 2833/2529/5790 2849/2545/5790 2848/2544/5790
f 2834/2530/5791 2850/2546/5791 2849/2545/5791
f 2835/2531/5792 2851/2547/5793 2850/2546/5792
f 2838/2534/5794 2852/2548/5794 2837/2533/5794
f 2839/2535/5795 2853/2549/5795 2838/2534/5795
f 2840/2536/5796 2854/2550/5797 2839/2535/5797
f 2841/2537/5798 2855/2551/5798 2840/2536/5798
f 2842/2538/5799 2856/2552/5799 2841/2537/5799
f 2843/2539/5800 2857/2553/5800 2842/2538/5800
f 2844/2541/5801 2858/2554/5802 2843/2539/5802
f 2844/2541/5803 2860/2555/5804 2859/2556/5803
f 2845/2540/5805 2861/2557/5805 2860/2555/5805
f 2846/2542/5806 2862/2558/5806 2861/2557/5806
f 2847/2543/5807 2863/2559/5807 2862/2558/5807
f 2848/2544/5808 2864/2560/5808 2863/2559/5808
f 2849/2545/5809 2865/2561/5809 2864/2560/5810
f 2850/2546/5811 2866/2562/5811 2865/2561/5811
f 2853/2549/5812 2867/2563/5812 2852/2548/5812
f 2854/2550/5813 2868/2564/5813 2853/2549/5813
f 2855/2551/5814 2869/2565/5814 2854/2550/5814
f 2856/2552/5815 2870/2566/5815 2855/2551/5815
f 2857/2553/5816 2871/2567/5816 2856/2552/5816
f 2858/2554/5817 2872/2568/5817 2857/2553/5817
f 2859/2556/5818 2873/2569/5818 2858/2554/5819
f 2859/2556/5820 2875/2570/5820 2874/2571/5820
f 2860/2555/5821 2876/2572/5821 2875/2570/5821
f 2861/2557/5822 2877/2573/5822 2876/2572/5822
f 2862/2558/5823 2878/2574/5824 2877/2573/5823
f 2863/2559/5825 2879/2575/5826 2878/2574/5825
f 2864/2560/5827 2880/2576/5827 2879/2575/5827
f 2865/2561/5828 2881/2577/5828 2880/2576/5828
f 2868/2564/5829 2882/2578/5829 2867/2563/5829
f 2869/2565/5830 2883/2579/5830 2868/2564/5830
f 2870/2566/5831 2884/2580/5831 2869/2565/5831
f 2871/2567/5832 2885/2581/5832 2870/2566/5832
f 2872/2568/5833 2886/2582/5833 2871/2567/5833
f 2873/2569/5834 2887/2583/5834 2872/2568/5834
f 2874/2571/5835 2888/2584/5835 2873/2569/5835
f 2874/2571/5836 2890/2585/5836 2889/2586/5836
f 2875/2570/5837 2891/2587/5838 2890/2585/5837
f 2876/2572/5839 2892/2588/5839 2891/2587/5839
f 2877/2573/5840 2893/2589/5840 2892/2588/5840
f 2878/2574/5841 2894/2590/5841 2893/2589/5841
f 2879/2575/5842 2895/2591/5842 2894/2590/5842
f 2880/2576/5843 2896/2592/5843 2895/2591/5843
f 2883/2579/5844 2897/2593/5845 2882/2578/5844
f 2884/2580/5846 2898/2594/5847 2883/2579/5846
f 2885/2581/5848 2899/2595/5849 2884/2580/5848
f 2886/2582/5850 2900/2596/5851 2885/2581/5850
f 2887/2583/5852 2901/2597/5853 2886/2582/5852
f 2888/2584/5854 2902/2598/5855 2887/2583/5854
f 2889/2586/5856 2903/2599/5857 2888/2584/5856
f 2889/2586/5858 2905/2600/5859 2904/2601/5859
f 2890/2585/5860 2906/2602/5861 2905/2600/5861
f 2891/2587/5862 2907/2603/5863 2906/2602/5863
f 2892/2588/5864 2908/2604/5865 2907/2603/5865
f 2893/2589/5866 2909/2605/5867 2908/2604/5867
f 2894/2590/5868 2910/2606/5869 2909/2605/5870
f 2895/2591/5871 2911/2607/5872 2910/2606/5872
f 61/1405/2633 392/2608/5873 2/1105/2633
f 60/1404/2631 2687/2386/5589 61/1405/2631
f 59/1403/2629 2688/2384/5593 60/1404/2629
f 58/1402/2628 2689/2387/5594 59/1403/2628
f 57/1401/2627 2690/2389/5596 58/1402/2627
f 56/1400/2626 2691/2391/5598 57/1401/2626
f 55/1399/2625 2692/2393/5600 56/1400/2625
f 54/1398/2624 2693/2395/5602 55/1399/2624
f 54/1398/2623 2695/2401/5604 2694/2397/5604
f 53/1397/2622 2696/2403/5606 2695/2401/5606
f 52/1396/2621 2697/2405/5608 2696/2403/5608
f 51/1395/2620 2698/2407/5874 2697/2405/5610
f 50/1394/2619 2699/2409/5612 2698/2407/5612
f 49/1393/2618 2700/2411/5875 2699/2409/5615
f 48/1392/2617 2701/2609/5618 2700/2411/5618
f 47/1391/2616 377/2610/5876 2701/2609/5876
f 2701/2609/5876 378/2611/5877 2716/2412/5877
f 2716/2412/5878 379/2612/5878 2731/2427/5878
f 2731/2427/5879 380/2613/5879 2746/2442/5879
f 2746/2442/5880 381/2614/5880 2761/2457/5880
f 2761/2457/5881 382/2615/5882 2776/2472/5881
f 2776/2472/5883 383/2616/5884 2791/2487/5883
f 2791/2487/5885 384/2617/5885 2806/2502/5885
f 2806/2502/5886 385/2618/5887 2821/2517/5886
f 2821/2517/5888 386/2619/5888 2836/2532/5888
f 2836/2532/5889 387/2620/5890 2851/2547/5889
f 2851/2547/5891 388/2621/5891 2866/2562/5891
f 2866/2562/5892 389/2622/5893 2881/2577/5892
f 2881/2577/5894 390/2623/5894 2896/2592/5894
f 2896/2592/5895 391/2624/5896 2911/2607/5896
f 2911/2607/5896 9/225/5525 227/2382/5525
f 2910/2606/5872 227/2382/5897 228/2380/5524
f 2909/2605/5870 228/2380/5523 229/2379/5523
f 2908/2604/5867 229/2379/5522 230/2378/5522
f 2907/2603/5865 230/2378/5898 231/2377/5521
f 2906/2602/5863 231/2377/5520 232/2376/5520
f 2905/2600/5861 232/2376/5519 233/2375/5519
f 2904/2601/5859 233/2375/5518 234/2374/5518
f 2904/2601/5857 235/2373/5517 2903/2599/5857
f 2903/2599/5855 236/2372/5516 2902/2598/5855
f 2902/2598/5853 237/2371/5515 2901/2597/5853
f 2901/2597/5851 238/2370/5899 2900/2596/5851
f 2900/2596/5849 239/2369/5513 2899/2595/5849
f 2899/2595/5900 240/2368/5511 2898/2594/5847
f 2898/2594/5845 241/2367/5901 2897/2593/5845
f 2897/2593/5902 10/1105/5509 406/2625/5902
f 2882/2578/5903 406/2625/5902 405/2626/5903
f 2867/2563/5904 405/2626/5904 404/2627/5904
f 2852/2548/5905 404/2627/5906 403/2628/5906
f 2837/2533/5907 403/2628/5907 402/2629/5907
f 2822/2518/5908 402/2629/5908 401/2630/5908
f 2807/2503/5909 401/2630/5909 400/2631/5909
f 2792/2488/5910 400/2631/5911 399/2632/5911
f 2777/2473/5912 399/2632/5912 398/2633/5912
f 2762/2458/5913 398/2633/5914 397/2634/5914
f 2747/2443/5915 397/2634/5915 396/2635/5915
f 2732/2428/5916 396/2635/5916 395/2636/5916
f 2717/2413/5917 395/2636/5917 394/2637/5917
f 2702/2385/5918 394/2637/5918 393/2638/5918
f 2687/2386/5873 393/2638/5919 392/2608/5873
f 2913/2639/5920 2927/2640/5921 2912/2641/5920
f 2914/2642/5922 2928/2643/5923 2913/2639/5924
f 2915/2644/5925 2929/2645/5926 2914/2642/5925
f 2916/2646/5927 2930/2647/5928 2915/2644/5927
f 2917/2648/5929 2931/2649/5930 2916/2646/5929
f 2918/2650/5931 2932/2651/5932 2917/2648/5931
f 2919/2652/5933 2933/2653/5934 2918/2650/5933
f 2919/2652/5935 2935/2654/5936 2934/2655/5936
f 2920/2656/5937 2936/2657/5938 2935/2654/5938
f 2921/2658/5939 2937/2659/5940 2936/2657/5940
f 2922/2660/5941 2938/2661/5942 2937/2659/5942
f 2923/2662/5943 2939/2663/5944 2938/2661/5945
f 2924/2664/5946 2940/2665/5947 2939/2663/5947
f 2925/2666/5948 2941/2667/5949 2940/2665/5949
f 2928/2643/5950 2942/2668/5950 2927/2640/5950
f 2929/2645/5951 2943/2669/5952 2928/2643/5952
f 2930/2647/5953 2944/2670/5954 2929/2645/5926
f 2931/2649/5955 2945/2671/5956 2930/2647/5928
f 2932/2651/5930 2946/2672/5957 2931/2649/5930
f 2933/2653/5932 2947/2673/5958 2932/2651/5932
f 2934/2655/5934 2948/2674/5959 2933/2653/5934
f 2934/2655/5936 2950/2675/5960 2949/2676/5960
f 2935/2654/5938 2951/2677/5961 2950/2675/5961
f 2936/2657/5940 2952/2678/5962 2951/2677/5962
f 2937/2659/5942 2953/2679/5963 2952/2678/5963
f 2938/2661/5945 2954/2680/5964 2953/2679/5964
f 2939/2663/5965 2955/2681/5966 2954/2680/5965
f 2940/2665/5967 2956/2682/5967 2955/2681/5967
f 2943/2669/5968 2957/2683/5968 2942/2668/5968
f 2944/2670/5969 2958/2684/5969 2943/2669/5970
f 2945/2671/5971 2959/2685/5971 2944/2670/5971
f 2946/2672/5972 2960/2686/5972 2945/2671/5972
f 2947/2673/5973 2961/2687/5973 2946/2672/5973
f 2948/2674/5974 2962/2688/5974 2947/2673/5974
f 2949/2676/5975 2963/2689/5976 2948/2674/5976
f 2949/2676/5977 2965/2690/5978 2964/2691/5977
f 2950/2675/5979 2966/2692/5979 2965/2690/5979
f 2951/2677/5980 2967/2693/5980 2966/2692/5980
f 2952/2678/5981 2968/2694/5981 2967/2693/5981
f 2953/2679/5982 2969/2695/5982 2968/2694/5982
f 2954/2680/5983 2970/2696/5983 2969/2695/5983
f 2955/2681/5984 2971/2697/5984 2970/2696/5984
f 2958/2684/5985 2972/2698/5985 2957/2683/5985
f 2959/2685/5986 2973/2699/5986 2958/2684/5986
f 2960/2686/5987 2974/2700/5987 2959/2685/5987
f 2961/2687/5988 2975/2701/5988 2960/2686/5988
f 2962/2688/5989 2976/2702/5989 2961/2687/5989
f 2963/2689/5990 2977/2703/5990 2962/2688/5990
f 2964/2691/5991 2978/2704/5991 2963/2689/5991
f 2964/2691/5992 2980/2705/5992 2979/2706/5992
f 2965/2690/5993 2981/2707/5993 2980/2705/5993
f 2966/2692/5994 2982/2708/5994 2981/2707/5994
f 2967/2693/5995 2983/2709/5995 2982/2708/5995
f 2968/2694/5996 2984/2710/5996 2983/2709/5996
f 2969/2695/5997 2985/2711/5997 2984/2710/5997
f 2970/2696/5998 2986/2712/5998 2985/2711/5998
f 2973/2699/5999 2987/2713/6000 2972/2698/6000
f 2974/2700/6001 2988/2714/6001 2973/2699/6001
f 2975/2701/6002 2989/2715/6002 2974/2700/6002
f 2976/2702/6003 2990/2716/6003 2975/2701/6003
f 2977/2703/6004 2991/2717/6004 2976/2702/6004
f 2978/2704/6005 2992/2718/6005 2977/2703/6005
f 2979/2706/6006 2993/2719/6007 2978/2704/6007
f 2979/2706/6008 2995/2720/6009 2994/2721/6008
f 2980/2705/6010 2996/2722/6010 2995/2720/6010
f 2981/2707/6011 2997/2723/6011 2996/2722/6011
f 2982/2708/6012 2998/2724/6012 2997/2723/6012
f 2983/2709/6013 2999/2725/6013 2998/2724/6013
f 2984/2710/6014 3000/2726/6014 2999/2725/6014
f 2985/2711/6015 3001/2727/6016 3000/2726/6015
f 2988/2714/6017 3002/2728/6018 2987/2713/6018
f 2989/2715/6019 3003/2729/6020 2988/2714/6020
f 2990/2716/6021 3004/2730/6022 2989/2715/6022
f 2991/2717/6023 3005/2731/6023 2990/2716/6023
f 2992/2718/6024 3006/2732/6024 2991/2717/6024
f 2993/2719/6025 3007/2733/6026 2992/2718/6026
f 2994/2721/6027 3008/2734/6027 2993/2719/6027
f 2994/2721/6028 3010/2735/6029 3009/2736/6028
f 2995/2720/6030 3011/2737/6031 3010/2735/6030
f 2996/2722/6032 3012/2738/6032 3011/2737/6032
f 2997/2723/6033 3013/2739/6033 3012/2738/6033
f 2998/2724/6034 3014/2740/6034 3013/2739/6034
f 2999/2725/6035 3015/2741/6035 3014/2740/6035
f 3000/2726/6036 3016/2742/6037 3015/2741/6036
f 3003/2729/6038 3017/2743/6039 3002/2728/6039
f 3004/2730/6040 3018/2744/6041 3003/2729/6042
f 3005/2731/6043 3019/2745/6044 3004/2730/6044
f 3006/2732/6045 3020/2746/6046 3005/2731/6046
f 3007/2733/6047 3021/2747/6047 3006/2732/6047
f 3008/2734/6048 3022/2748/6049 3007/2733/6049
f 3009/2736/6050 3023/2749/6051 3008/2734/6051
f 3009/2736/6052 3025/2750/6053 3024/2751/6052
f 3010/2735/6054 3026/2752/6054 3025/2750/6054
f 3011/2737/6055 3027/2753/6055 3026/2752/6055
f 3012/2738/6056 3028/2754/6056 3027/2753/6056
f 3013/2739/6057 3029/2755/6057 3028/2754/6057
f 3014/2740/6058 3030/2756/6059 3029/2755/6058
f 3015/2741/6060 3031/2757/6061 3030/2756/6060
f 3018/2744/6062 3032/2758/6063 3017/2743/6063
f 3019/2745/6064 3033/2759/6064 3018/2744/6064
f 3020/2746/6065 3034/2760/6066 3019/2745/6066
f 3021/2747/6067 3035/2761/6068 3020/2746/6068
f 3022/2748/6069 3036/2762/6070 3021/2747/6070
f 3023/2749/6071 3037/2763/6072 3022/2748/6072
f 3024/2751/6073 3038/2764/6074 3023/2749/6074
f 3024/2751/6075 3040/2765/6076 3039/2766/6075
f 3025/2750/6077 3041/2767/6078 3040/2765/6077
f 3026/2752/6079 3042/2768/6080 3041/2767/6079
f 3027/2753/6081 3043/2769/6081 3042/2768/6081
f 3028/2754/6082 3044/2770/6082 3043/2769/6082
f 3029/2755/6083 3045/2771/6083 3044/2770/6083
f 3030/2756/6084 3046/2772/6085 3045/2771/6084
f 3033/2759/6086 3047/2773/6087 3032/2758/6087
f 3034/2760/6088 3048/2774/6088 3033/2759/6088
f 3035/2761/6089 3049/2775/6089 3034/2760/6089
f 3036/2762/6090 3050/2776/6091 3035/2761/6091
f 3037/2763/6092 3051/2777/6093 3036/2762/6093
f 3038/2764/6094 3052/2778/6095 3037/2763/6095
f 3039/2766/6096 3053/2779/6096 3038/2764/6096
f 3039/2766/6097 3055/2780/6097 3054/2781/6097
f 3040/2765/6098 3056/2782/6099 3055/2780/6098
f 3041/2767/6100 3057/2783/6101 3056/2782/6100
f 3042/2768/6102 3058/2784/6103 3057/2783/6102
f 3043/2769/6104 3059/2785/6104 3058/2784/6104
f 3044/2770/6105 3060/2786/6105 3059/2785/6105
f 3045/2771/6106 3061/2787/6106 3060/2786/6106
f 3048/2774/6107 3062/2788/6108 3047/2773/6108
f 3049/2775/6109 3063/2789/6109 3048/2774/6109
f 3050/2776/6110 3064/2790/6110 3049/2775/6110
f 3051/2777/6111 3065/2791/6111 3050/2776/6111
f 3052/2778/6112 3066/2792/6113 3051/2777/6113
f 3053/2779/6114 3067/2793/6114 3052/2778/6114
f 3054/2781/6115 3068/2794/6115 3053/2779/6115
f 3054/2781/6116 3070/2795/6116 3069/2796/6116
f 3055/2780/6117 3071/2797/6117 3070/2795/6117
f 3056/2782/6118 3072/2798/6119 3071/2797/6118
f 3057/2783/6120 3073/2799/6120 3072/2798/6120
f 3058/2784/6121 3074/2800/6121 3073/2799/6121
f 3059/2785/6122 3075/2801/6122 3074/2800/6122
f 3060/2786/6123 3076/2802/6123 3075/2801/6123
f 3063/2789/6124 3077/2803/6124 3062/2788/6124
f 3064/2790/6125 3078/2804/6125 3063/2789/6125
f 3065/2791/6126 3079/2805/6127 3064/2790/6127
f 3066/2792/6128 3080/2806/6128 3065/2791/6128
f 3067/2793/6129 3081/2807/6129 3066/2792/6129
f 3068/2794/6130 3082/2808/6130 3067/2793/6130
f 3069/2796/6131 3083/2809/6132 3068/2794/6132
f 3069/2796/6133 3085/2810/6134 3084/2811/6133
f 3070/2795/6135 3086/2812/6135 3085/2810/6135
f 3071/2797/6136 3087/2813/6136 3086/2812/6136
f 3072/2798/6137 3088/2814/6137 3087/2813/6137
f 3073/2799/6138 3089/2815/6138 3088/2814/6138
f 3074/2800/6139 3090/2816/6139 3089/2815/6140
f 3075/2801/6141 3091/2817/6141 3090/2816/6141
f 3078/2804/6142 3092/2818/6142 3077/2803/6142
f 3079/2805/6143 3093/2819/6143 3078/2804/6143
f 3080/2806/6144 3094/2820/6144 3079/2805/6144
f 3081/2807/6145 3095/2821/6145 3080/2806/6145
f 3082/2808/6146 3096/2822/6146 3081/2807/6146
f 3083/2809/6147 3097/2823/6147 3082/2808/6147
f 3084/2811/6148 3098/2824/6148 3083/2809/6148
f 3084/2811/6149 3100/2825/6149 3099/2826/6149
f 3085/2810/6150 3101/2827/6150 3100/2825/6150
f 3086/2812/6151 3102/2828/6151 3101/2827/6151
f 3087/2813/6152 3103/2829/6153 3102/2828/6152
f 3088/2814/6154 3104/2830/6155 3103/2829/6154
f 3089/2815/6156 3105/2831/6156 3104/2830/6156
f 3090/2816/6157 3106/2832/6157 3105/2831/6157
f 3093/2819/6158 3107/2833/6158 3092/2818/6158
f 3094/2820/6159 3108/2834/6159 3093/2819/6159
f 3095/2821/6160 3109/2835/6160 3094/2820/6160
f 3096/2822/6161 3110/2836/6161 3095/2821/6161
f 3097/2823/6162 3111/2837/6162 3096/2822/6162
f 3098/2824/6163 3112/2838/6163 3097/2823/6163
f 3099/2826/6164 3113/2839/6164 3098/2824/6164
f 3099/2826/6165 3115/2840/6165 3114/2841/6165
f 3100/2825/6166 3116/2842/6167 3115/2840/6166
f 3101/2827/6168 3117/2843/6168 3116/2842/6168
f 3102/2828/6169 3118/2844/6169 3117/2843/6169
f 3103/2829/6170 3119/2845/6170 3118/2844/6170
f 3104/2830/6171 3120/2846/6171 3119/2845/6171
f 3105/2831/6172 3121/2847/6172 3120/2846/6172
f 3108/2834/6173 3122/2848/6174 3107/2833/6173
f 3109/2835/6175 3123/2849/6176 3108/2834/6175
f 3110/2836/6177 3124/2850/6178 3109/2835/6177
f 3111/2837/6179 3125/2851/6180 3110/2836/6179
f 3112/2838/6181 3126/2852/6182 3111/2837/6181
f 3113/2839/6183 3127/2853/6184 3112/2838/6183
f 3114/2841/6185 3128/2854/6186 3113/2839/6185
f 3114/2841/6187 3130/2855/6188 3129/2856/6188
f 3115/2840/6189 3131/2857/6190 3130/2855/6190
f 3116/2842/6191 3132/2858/6192 3131/2857/6192
f 3117/2843/6193 3133/2859/6194 3132/2858/6194
f 3118/2844/6195 3134/2860/6196 3133/2859/6196
f 3119/2845/6197 3135/2861/6198 3134/2860/6199
f 3120/2846/6200 3136/2862/6201 3135/2861/6201
f 77/529/957 407/2863/6202 3/274/957
f 78/528/956 2912/2641/5920 77/529/956
f 79/527/955 2913/2639/5924 78/528/955
f 80/526/954 2914/2642/5925 79/527/954
f 81/525/953 2915/2644/5927 80/526/953
f 82/524/952 2916/2646/5929 81/525/952
f 83/522/951 2917/2648/5931 82/524/951
f 84/523/950 2918/2650/5933 83/522/950
f 84/523/949 2920/2656/5935 2919/2652/5935
f 85/2864/948 2921/2658/5937 2920/2656/5937
f 86/520/947 2922/2660/5939 2921/2658/5939
f 87/519/946 2923/2662/6203 2922/2660/5941
f 88/2865/945 2924/2664/5943 2923/2662/5943
f 89/517/944 2925/2666/6204 2924/2664/5946
f 90/516/943 2926/2866/5948 2925/2666/5948
f 91/515/941 422/2867/6205 2926/2866/6205
f 2926/2866/6205 423/2868/6206 2941/2667/6206
f 2941/2667/6207 424/2869/6207 2956/2682/6207
f 2956/2682/6208 425/2870/6208 2971/2697/6208
f 2971/2697/6209 426/2871/6209 2986/2712/6209
f 2986/2712/6210 427/2872/6210 3001/2727/6211
f 3001/2727/6212 428/2873/6213 3016/2742/6212
f 3016/2742/6214 429/2874/6214 3031/2757/6214
f 3031/2757/6215 430/2875/6216 3046/2772/6215
f 3046/2772/6217 431/2876/6217 3061/2787/6217
f 3061/2787/6218 432/2877/6218 3076/2802/6218
f 3076/2802/6219 433/2878/6219 3091/2817/6219
f 3091/2817/6220 434/2879/6221 3106/2832/6220
f 3106/2832/6222 435/2880/6222 3121/2847/6222
f 3121/2847/6223 436/2881/6224 3136/2862/6224
f 3136/2862/6224 12/513/3725 271/1885/3725
f 3135/2861/6201 271/1885/3841 270/1901/3840
f 3134/2860/6199 270/1901/3839 269/1900/3839
f 3133/2859/6196 269/1900/3838 268/1899/3838
f 3132/2858/6194 268/1899/3837 267/1898/3836
f 3131/2857/6192 267/1898/3835 266/1897/3835
f 3130/2855/6190 266/1897/3834 265/1896/3834
f 3129/2856/6188 265/1896/3833 264/1895/3833
f 3129/2856/6186 263/1894/3832 3128/2854/6186
f 3128/2854/6184 262/1893/3831 3127/2853/6184
f 3127/2853/6182 261/1892/3830 3126/2852/6182
f 3126/2852/6180 260/1891/3829 3125/2851/6180
f 3125/2851/6178 259/1890/3827 3124/2850/6178
f 3124/2850/6225 258/1889/3826 3123/2849/6176
f 3123/2849/6174 257/1888/3825 3122/2848/6174
f 3122/2848/6226 11/274/3823 421/2882/6226
f 3107/2833/6227 421/2882/6226 420/2883/6227
f 3092/2818/6228 420/2883/6228 419/2884/6228
f 3077/2803/6229 419/2884/6230 418/2885/6230
f 3062/2788/6231 418/2885/6231 417/2886/6231
f 3047/2773/6232 417/2886/6232 416/2887/6232
f 3032/2758/6233 416/2887/6233 415/2888/6233
f 3017/2743/6234 415/2888/6235 414/2889/6235
f 3002/2728/6236 414/2889/6236 413/2890/6236
f 2987/2713/6237 413/2890/6238 412/2891/6238
f 2972/2698/6239 412/2891/6239 411/2892/6239
f 2957/2683/6240 411/2892/6240 410/2893/6240
f 2942/2668/6241 410/2893/6241 409/2894/6241
f 2927/2640/6242 409/2894/6242 408/2895/6242
f 2912/2641/6202 408/2895/6243 407/2863/6202
f 3138/2896/6244 3152/2897/6245 3137/2898/6244
f 3139/2899/6246 3153/2900/6247 3138/2896/6248
f 3140/2901/6249 3154/2902/6250 3139/2899/6249
f 3141/2903/6251 3155/2904/6252 3140/2901/6251
f 3142/2905/6253 3156/2906/6254 3141/2903/6253
f 3143/2907/6255 3157/2908/6256 3142/2905/6255
f 3144/2909/6257 3158/2910/6258 3143/2907/6257
f 3144/2909/6259 3160/2911/6260 3159/2912/6260
f 3145/2913/6261 3161/2914/6262 3160/2911/6262
f 3146/2915/6263 3162/2916/6264 3161/2914/6264
f 3147/2917/6265 3163/2918/6266 3162/2916/6267
f 3148/2919/6268 3164/2920/6269 3163/2918/6270
f 3149/2921/6271 3165/2922/6272 3164/2920/6272
f 3150/2923/6273 3166/2924/6274 3165/2922/6274
f 3153/2900/6275 3167/2925/6275 3152/2897/6275
f 3154/2902/6276 3168/2926/6277 3153/2900/6277
f 3155/2904/6278 3169/2927/6279 3154/2902/6250
f 3156/2906/6280 3170/2928/6281 3155/2904/6252
f 3157/2908/6254 3171/2929/6282 3156/2906/6254
f 3158/2910/6256 3172/2930/6283 3157/2908/6256
f 3159/2912/6258 3173/2931/6284 3158/2910/6258
f 3159/2912/6260 3175/2932/6285 3174/2933/6285
f 3160/2911/6262 3176/2934/6286 3175/2932/6286
f 3161/2914/6264 3177/2935/6287 3176/2934/6287
f 3162/2916/6267 3178/2936/6288 3177/2935/6288
f 3163/2918/6270 3179/2937/6289 3178/2936/6289
f 3164/2920/6272 3180/2938/6290 3179/2937/6291
f 3165/2922/6292 3181/2939/6292 3180/2938/6292
f 3168/2926/6293 3182/2940/6293 3167/2925/6293
f 3169/2927/6294 3183/2941/6295 3168/2926/6295
f 3170/2928/6296 3184/2942/6296 3169/2927/6296
f 3171/2929/6297 3185/2943/6297 3170/2928/6297
f 3172/2930/6298 3186/2944/6298 3171/2929/6298
f 3173/2931/6299 3187/2945/6299 3172/2930/6299
f 3174/2933/6300 3188/2946/6301 3173/2931/6301
f 3174/2933/6302 3190/2947/6303 3189/2948/6302
f 3175/2932/6304 3191/2949/6304 3190/2947/6304
f 3176/2934/6305 3192/2950/6305 3191/2949/6305
f 3177/2935/6306 3193/2951/6306 3192/2950/6306
f 3178/2936/6307 3194/2952/6307 3193/2951/6307
f 3179/2937/6308 3195/2953/6308 3194/2952/6309
f 3180/2938/6310 3196/2954/6311 3195/2953/6310
f 3183/2941/6312 3197/2955/6312 3182/2940/6312
f 3184/2942/6313 3198/2956/6313 3183/2941/6313
f 3185/2943/6314 3199/2957/6314 3184/2942/6314
f 3186/2944/6315 3200/2958/6315 3185/2943/6315
f 3187/2945/6316 3201/2959/6316 3186/2944/6316
f 3188/2946/6317 3202/2960/6317 3187/2945/6317
f 3189/2948/6318 3203/2961/6318 3188/2946/6318
f 3189/2948/6319 3205/2962/6319 3204/2963/6319
f 3190/2947/6320 3206/2964/6320 3205/2962/6320
f 3191/2949/6321 3207/2965/6322 3206/2964/6321
f 3192/2950/6323 3208/2966/6323 3207/2965/6323
f 3193/2951/6324 3209/2967/6324 3208/2966/6324
f 3194/2952/6325 3210/2968/6325 3209/2967/6325
f 3195/2953/6326 3211/2969/6326 3210/2968/6326
f 3198/2956/6327 3212/2970/6328 3197/2955/6328
f 3199/2957/6329 3213/2971/6329 3198/2956/6329
f 3200/2958/6330 3214/2972/6330 3199/2957/6330
f 3201/2959/6331 3215/2973/6331 3200/2958/6331
f 3202/2960/6332 3216/2974/6332 3201/2959/6333
f 3203/2961/6334 3217/2975/6335 3202/2960/6335
f 3204/2963/6336 3218/2976/6336 3203/2961/6336
f 3204/2963/6337 3220/2977/6337 3219/2978/6337
f 3205/2962/6338 3221/2979/6338 3220/2977/6338
f 3206/2964/6339 3222/2980/6339 3221/2979/6339
f 3207/2965/6340 3223/2981/6340 3222/2980/6340
f 3208/2966/6341 3224/2982/6341 3223/2981/6341
f 3209/2967/6342 3225/2983/6342 3224/2982/6342
f 3210/2968/6343 3226/2984/6344 3225/2983/6343
f 3213/2971/6345 3227/2985/6346 3212/2970/6346
f 3214/2972/6347 3228/2986/6347 3213/2971/6347
f 3215/2973/6348 3229/2987/6349 3214/2972/6349
f 3216/2974/6350 3230/2988/6350 3215/2973/6350
f 3217/2975/6351 3231/2989/6351 3216/2974/6351
f 3218/2976/6352 3232/2990/6353 3217/2975/6353
f 3219/2978/6354 3233/2991/6354 3218/2976/6354
f 3219/2978/6355 3235/2992/6355 3234/2993/6355
f 3220/2977/6356 3236/2994/6357 3235/2992/6356
f 3221/2979/6358 3237/2995/6358 3236/2994/6358
f 3222/2980/6359 3238/2996/6359 3237/2995/6359
f 3223/2981/6360 3239/2997/6361 3238/2996/6360
f 3224/2982/6362 3240/2998/6362 3239/2997/6362
f 3225/2983/6363 3241/2999/6364 3240/2998/6363
f 3228/2986/6365 3242/3000/6366 3227/2985/6366
f 3229/2987/6367 3243/3001/6368 3228/2986/6368
f 3230/2988/6369 3244/3002/6369 3229/2987/6369
f 3231/2989/6370 3245/3003/6371 3230/2988/6371
f 3232/2990/6372 3246/3004/6372 3231/2989/6372
f 3233/2991/6373 3247/3005/6374 3232/2990/6374
f 3234/2993/6375 3248/3006/6376 3233/2991/6376
f 3234/2993/6377 3250/3007/6378 3249/3008/6377
f 3235/2992/6379 3251/3009/6380 3250/3007/6379
f 3236/2994/6381 3252/3010/6381 3251/3009/6381
f 3237/2995/6382 3253/3011/6383 3252/3010/6382
f 3238/2996/6384 3254/3012/6384 3253/3011/6384
f 3239/2997/6385 3255/3013/6385 3254/3012/6385
f 3240/2998/6386 3256/3014/6386 3255/3013/6386
f 3243/3001/6387 3257/3015/6387 3242/3000/6387
f 3244/3002/6388 3258/3016/6388 3243/3001/6388
f 3245/3003/6389 3259/3017/6389 3244/3002/6389
f 3246/3004/6390 3260/3018/6391 3245/3003/6391
f 3247/3005/6392 3261/3019/6393 3246/3004/6393
f 3248/3006/6394 3262/3020/6395 3247/3005/6395
f 3249/3008/6396 3263/3021/6397 3248/3006/6397
f 3249/3008/6398 3265/3022/6399 3264/3023/6398
f 3250/3007/6400 3266/3024/6401 3265/3022/6400
f 3251/3009/6402 3267/3025/6403 3266/3024/6402
f 3252/3010/6404 3268/3026/6405 3267/3025/6404
f 3253/3011/6406 3269/3027/6406 3268/3026/6406
f 3254/3012/6407 3270/3028/6407 3269/3027/6408
f 3255/3013/6409 3271/3029/6409 3270/3028/6409
f 3258/3016/6410 3272/3030/6410 3257/3015/6410
f 3259/3017/6411 3273/3031/6411 3258/3016/6411
f 3260/3018/6412 3274/3032/6412 3259/3017/6412
f 3261/3019/6413 3275/3033/6413 3260/3018/6413
f 3262/3020/6414 3276/3034/6414 3261/3019/6414
f 3263/3021/6415 3277/3035/6416 3262/3020/6416
f 3264/3023/6417 3278/3036/6418 3263/3021/6418
f 3264/3023/6419 3280/3037/6420 3279/3038/6419
f 3265/3022/6421 3281/3039/6422 3280/3037/6421
f 3266/3024/6423 3282/3040/6423 3281/3039/6423
f 3267/3025/6424 3283/3041/6424 3282/3040/6424
f 3268/3026/6425 3284/3042/6425 3283/3041/6425
f 3269/3027/6426 3285/3043/6426 3284/3042/6426
f 3270/3028/6427 3286/3044/6427 3285/3043/6427
f 3273/3031/6428 3287/3045/6428 3272/3030/6428
f 3274/3032/6429 3288/3046/6429 3273/3031/6429
f 3275/3033/6430 3289/3047/6430 3274/3032/6430
f 3276/3034/6431 3290/3048/6431 3275/3033/6431
f 3277/3035/6432 3291/3049/6433 3276/3034/6433
f 3278/3036/6434 3292/3050/6435 3277/3035/6435
f 3279/3038/6436 3293/3051/6436 3278/3036/6436
f 3279/3038/6437 3295/3052/6437 3294/3053/6437
f 3280/3037/6438 3296/3054/6439 3295/3052/6438
f 3281/3039/6440 3297/3055/6441 3296/3054/6440
f 3282/3040/6442 3298/3056/6442 3297/3055/6442
f 3283/3041/6443 3299/3057/6443 3298/3056/6443
f 3284/3042/6444 3300/3058/6444 3299/3057/6444
f 3285/3043/6445 3301/3059/6445 3300/3058/6445
f 3288/3046/6446 3302/3060/6446 3287/3045/6446
f 3289/3047/6447 3303/3061/6448 3288/3046/6448
f 3290/3048/6449 3304/3062/6449 3289/3047/6450
f 3291/3049/6451 3305/3063/6451 3290/3048/6451
f 3292/3050/6452 3306/3064/6452 3291/3049/6452
f 3293/3051/6453 3307/3065/6453 3292/3050/6453
f 3294/3053/6454 3308/3066/6454 3293/3051/6454
f 3294/3053/6455 3310/3067/6455 3309/3068/6456
f 3295/3052/6457 3311/3069/6457 3310/3067/6457
f 3296/3054/6458 3312/3070/6458 3311/3069/6458
f 3297/3055/6459 3313/3071/6459 3312/3070/6459
f 3298/3056/6460 3314/3072/6460 3313/3071/6460
f 3299/3057/6461 3315/3073/6462 3314/3072/6461
f 3300/3058/6463 3316/3074/6463 3315/3073/6463
f 3303/3061/6464 3317/3075/6464 3302/3060/6464
f 3304/3062/6465 3318/3076/6465 3303/3061/6465
f 3305/3063/6466 3319/3077/6466 3304/3062/6466
f 3306/3064/6467 3320/3078/6468 3305/3063/6468
f 3307/3065/6469 3321/3079/6469 3306/3064/6469
f 3308/3066/6470 3322/3080/6471 3307/3065/6471
f 3309/3068/6472 3323/3081/6472 3308/3066/6472
f 3309/3068/6473 3325/3082/6473 3324/3083/6473
f 3310/3067/6474 3326/3084/6475 3325/3082/6474
f 3311/3069/6476 3327/3085/6476 3326/3084/6476
f 3312/3070/6477 3328/3086/6477 3327/3085/6477
f 3313/3071/6478 3329/3087/6479 3328/3086/6478
f 3314/3072/6480 3330/3088/6480 3329/3087/6480
f 3315/3073/6481 3331/3089/6481 3330/3088/6481
f 3318/3076/6482 3332/3090/6482 3317/3075/6482
f 3319/3077/6483 3333/3091/6483 3318/3076/6483
f 3320/3078/6484 3334/3092/6484 3319/3077/6484
f 3321/3079/6485 3335/3093/6485 3320/3078/6485
f 3322/3080/6486 3336/3094/6486 3321/3079/6486
f 3323/3081/6487 3337/3095/6488 3322/3080/6488
f 3324/3083/6489 3338/3096/6489 3323/3081/6489
f 3324/3083/6490 3340/3097/6490 3339/3098/6490
f 3325/3082/6491 3341/3099/6492 3340/3097/6491
f 3326/3084/6493 3342/3100/6493 3341/3099/6493
f 3327/3085/6494 3343/3101/6494 3342/3100/6494
f 3328/3086/6495 3344/3102/6495 3343/3101/6495
f 3329/3087/6496 3345/3103/6496 3344/3102/6496
f 3330/3088/6497 3346/3104/6497 3345/3103/6497
f 3333/3091/6498 3347/3105/6499 3332/3090/6498
f 3334/3092/6500 3348/3106/6501 3333/3091/6500
f 3335/3093/6502 3349/3107/6503 3334/3092/6502
f 3336/3094/6504 3350/3108/6505 3335/3093/6504
f 3337/3095/6506 3351/3109/6507 3336/3094/6506
f 3338/3096/6508 3352/3110/6509 3337/3095/6510
f 3339/3098/6511 3353/3111/6512 3338/3096/6511
f 3339/3098/6513 3355/3112/6514 3354/3113/6514
f 3340/3097/6515 3356/3114/6516 3355/3112/6516
f 3341/3099/6517 3357/3115/6518 3356/3114/6519
f 3342/3100/6520 3358/3116/6521 3357/3115/6521
f 3343/3101/6522 3359/3117/6523 3358/3116/6523
f 3344/3102/6524 3360/3118/6525 3359/3117/6526
f 3345/3103/6527 3361/3119/6528 3360/3118/6529
f 122/226/420 377/2610/6530 1/225/420
f 123/288/523 3137/2898/6244 122/226/523
f 124/287/522 3138/2896/6248 123/288/522
f 125/3120/521 3139/2899/6249 124/287/521
f 126/3121/520 3140/2901/6251 125/3120/520
f 127/284/519 3141/2903/6253 126/3121/519
f 128/3122/518 3142/2905/6255 127/284/518
f 129/282/517 3143/2907/6257 128/3122/517
f 129/282/516 3145/2913/6259 3144/2909/6259
f 130/281/515 3146/2915/6261 3145/2913/6261
f 131/280/514 3147/2917/6263 3146/2915/6263
f 132/279/513 3148/2919/6265 3147/2917/6265
f 133/278/512 3149/2921/6268 3148/2919/6268
f 134/277/511 3150/2923/6531 3149/2921/6271
f 135/276/510 3151/3123/6273 3150/2923/6273
f 136/275/509 407/2863/6532 3151/3123/6532
f 3151/3123/6532 408/2895/6533 3166/2924/6533
f 3166/2924/6534 409/2894/6534 3181/2939/6535
f 3181/2939/6536 410/2893/6536 3196/2954/6536
f 3196/2954/6537 411/2892/6537 3211/2969/6537
f 3211/2969/6538 412/2891/6539 3226/2984/6540
f 3226/2984/6541 413/2890/6542 3241/2999/6541
f 3241/2999/6543 414/2889/6543 3256/3014/6543
f 3256/3014/6544 415/2888/6545 3271/3029/6544
f 3271/3029/6546 416/2887/6546 3286/3044/6546
f 3286/3044/6547 417/2886/6547 3301/3059/6547
f 3301/3059/6548 418/2885/6548 3316/3074/6548
f 3316/3074/6549 419/2884/6549 3331/3089/6549
f 3331/3089/6550 420/2883/6550 3346/3104/6550
f 3346/3104/6551 421/2882/6552 3361/3119/6552
f 3361/3119/6552 11/274/3158 316/1659/3158
f 3360/3118/6529 316/1659/6553 315/1657/3157
f 3359/3117/6526 315/1657/3156 314/1656/3156
f 3358/3116/6523 314/1656/3154 313/1655/3154
f 3357/3115/6521 313/1655/6554 312/1654/3153
f 3356/3114/6519 312/1654/3152 311/1653/3152
f 3355/3112/6516 311/1653/3151 310/1652/3151
f 3354/3113/6514 310/1652/3150 309/1651/3150
f 3354/3113/6512 308/1650/3149 3353/3111/6512
f 3353/3111/6509 307/1649/3148 3352/3110/6509
f 3352/3110/6555 306/1648/3147 3351/3109/6507
f 3351/3109/6505 305/1647/3146 3350/3108/6505
f 3350/3108/6503 304/1646/3144 3349/3107/6503
f 3349/3107/6556 303/1645/3143 3348/3106/6501
f 3348/3106/6557 302/1644/3142 3347/3105/6499
f 3347/3105/6558 9/225/3139 391/2624/6558
f 3332/3090/6559 391/2624/6558 390/2623/6559
f 3317/3075/6560 390/2623/6560 389/2622/6560
f 3302/3060/6561 389/2622/6561 388/2621/6562
f 3287/3045/6563 388/2621/6563 387/2620/6563
f 3272/3030/6564 387/2620/6564 386/2619/6564
f 3257/3015/6565 386/2619/6565 385/2618/6565
f 3242/3000/6566 385/2618/6567 384/2617/6567
f 3227/2985/6568 384/2617/6568 383/2616/6568
f 3212/2970/6569 383/2616/6570 382/2615/6570
f 3197/2955/6571 382/2615/6571 381/2614/6571
f 3182/2940/6572 381/2614/6572 380/2613/6572
f 3167/2925/6573 380/2613/6573 379/2612/6573
f 3152/2897/6574 379/2612/6574 378/2611/6574
f 3137/2898/6530 378/2611/6575 377/2610/6530
f 3363/3124/6576 3377/3125/6577 3362/3126/6576
f 3364/3127/6578 3378/3128/6579 3363/3124/6580
f 3365/3129/6581 3379/3130/6582 3364/3127/6581
f 3366/3131/6583 3380/3132/6584 3365/3129/6583
f 3367/3133/6585 3381/3134/6586 3366/3131/6585
f 3368/3135/6587 3382/3136/6588 3367/3133/6587
f 3369/3137/6589 3383/3138/6590 3368/3135/6589
f 3369/3137/6591 3385/3139/6592 3384/3140/6592
f 3370/3141/6593 3386/3142/6594 3385/3139/6594
f 3371/3143/6595 3387/3144/6596 3386/3142/6596
f 3372/3145/6597 3388/3146/6598 3387/3144/6599
f 3373/3147/6600 3389/3148/6601 3388/3146/6602
f 3374/3149/6603 3390/3150/6604 3389/3148/6604
f 3375/3151/6605 3391/3152/6606 3390/3150/6606
f 3378/3128/6607 3392/3153/6607 3377/3125/6607
f 3379/3130/6608 3393/3154/6609 3378/3128/6609
f 3380/3132/6610 3394/3155/6611 3379/3130/6582
f 3381/3134/6612 3395/3156/6613 3380/3132/6584
f 3382/3136/6586 3396/3157/6614 3381/3134/6586
f 3383/3138/6588 3397/3158/6615 3382/3136/6588
f 3384/3140/6590 3398/3159/6616 3383/3138/6590
f 3384/3140/6592 3400/3160/6617 3399/3161/6617
f 3385/3139/6594 3401/3162/6618 3400/3160/6618
f 3386/3142/6596 3402/3163/6619 3401/3162/6619
f 3387/3144/6599 3403/3164/6620 3402/3163/6621
f 3388/3146/6602 3404/3165/6622 3403/3164/6622
f 3389/3148/6623 3405/3166/6624 3404/3165/6623
f 3390/3150/6625 3406/3167/6625 3405/3166/6625
f 3393/3154/6626 3407/3168/6626 3392/3153/6626
f 3394/3155/6627 3408/3169/6627 3393/3154/6627
f 3395/3156/6628 3409/3170/6628 3394/3155/6628
f 3396/3157/6629 3410/3171/6629 3395/3156/6629
f 3397/3158/6630 3411/3172/6630 3396/3157/6630
f 3398/3159/6631 3412/3173/6631 3397/3158/6631
f 3399/3161/6632 3413/3174/6633 3398/3159/6633
f 3399/3161/6634 3415/3175/6635 3414/3176/6634
f 3400/3160/6636 3416/3177/6636 3415/3175/6636
f 3401/3162/6637 3417/3178/6637 3416/3177/6637
f 3402/3163/6638 3418/3179/6638 3417/3178/6638
f 3403/3164/6639 3419/3180/6639 3418/3179/6639
f 3404/3165/6640 3420/3181/6641 3419/3180/6640
f 3405/3166/6642 3421/3182/6642 3420/3181/6642
f 3408/3169/6643 3422/3183/6643 3407/3168/6643
f 3409/3170/6644 3423/3184/6644 3408/3169/6644
f 3410/3171/6645 3424/3185/6645 3409/3170/6645
f 3411/3172/6646 3425/3186/6646 3410/3171/6646
f 3412/3173/6647 3426/3187/6647 3411/3172/6647
f 3413/3174/6648 3427/3188/6648 3412/3173/6648
f 3414/3176/6649 3428/3189/6649 3413/3174/6649
f 3414/3176/6650 3430/3190/6650 3429/3191/6650
f 3415/3175/6651 3431/3192/6651 3430/3190/6651
f 3416/3177/6652 3432/3193/6652 3431/3192/6652
f 3417/3178/6653 3433/3194/6653 3432/3193/6653
f 3418/3179/6654 3434/3195/6654 3433/3194/6654
f 3419/3180/6655 3435/3196/6655 3434/3195/6655
f 3420/3181/6656 3436/3197/6656 3435/3196/6656
f 3423/3184/6657 3437/3198/6658 3422/3183/6658
f 3424/3185/6659 3438/3199/6659 3423/3184/6659
f 3425/3186/6660 3439/3200/6660 3424/3185/6660
f 3426/3187/6661 3440/3201/6661 3425/3186/6661
f 3427/3188/6662 3441/3202/6662 3426/3187/6663
f 3428/3189/6664 3442/3203/6664 3427/3188/6665
f 3429/3191/6666 3443/3204/6667 3428/3189/6667
f 3429/3191/6668 3445/3205/6669 3444/3206/6668
f 3430/3190/6670 3446/3207/6670 3445/3205/6670
f 3431/3192/6671 3447/3208/6671 3446/3207/6671
f 3432/3193/6672 3448/3209/6672 3447/3208/6672
f 3433/3194/6673 3449/3210/6673 3448/3209/6673
f 3434/3195/6674 3450/3211/6674 3449/3210/6674
f 3435/3196/6675 3451/3212/6676 3450/3211/6675
f 3438/3199/6677 3452/3213/6678 3437/3198/6678
f 3439/3200/6679 3453/3214/6680 3438/3199/6680
f 3440/3201/6681 3454/3215/6682 3439/3200/6682
f 3441/3202/6683 3455/3216/6683 3440/3201/6683
f 3442/3203/6684 3456/3217/6684 3441/3202/6684
f 3443/3204/6685 3457/3218/6686 3442/3203/6686
f 3444/3206/6687 3458/3219/6687 3443/3204/6687
f 3444/3206/6688 3460/3220/6689 3459/3221/6688
f 3445/3205/6690 3461/3222/6690 3460/3220/6690
f 3446/3207/6691 3462/3223/6691 3461/3222/6691
f 3447/3208/6692 3463/3224/6692 3462/3223/6692
f 3448/3209/6693 3464/3225/6694 3463/3224/6693
f 3449/3210/6695 3465/3226/6695 3464/3225/6695
f 3450/3211/6696 3466/3227/6697 3465/3226/6696
f 3453/3214/6698 3467/3228/6699 3452/3213/6699
f 3454/3215/6700 3468/3229/6701 3453/3214/6701
f 3455/3216/6702 3469/3230/6703 3454/3215/6703
f 3456/3217/6704 3470/3231/6705 3455/3216/6705
f 3457/3218/6706 3471/3232/6706 3456/3217/6706
f 3458/3219/6707 3472/3233/6708 3457/3218/6708
f 3459/3221/6709 3473/3234/6710 3458/3219/6710
f 3459/3221/6711 3475/3235/6712 3474/3236/6711
f 3460/3220/6713 3476/3237/6713 3475/3235/6713
f 3461/3222/6714 3477/3238/6714 3476/3237/6714
f 3462/3223/6715 3478/3239/6716 3477/3238/6715
f 3463/3224/6717 3479/3240/6717 3478/3239/6717
f 3464/3225/6718 3480/3241/6719 3479/3240/6718
f 3465/3226/6720 3481/3242/6721 3480/3241/6720
f 3468/3229/6722 3482/3243/6722 3467/3228/6722
f 3469/3230/6723 3483/3244/6723 3468/3229/6723
f 3470/3231/6724 3484/3245/6725 3469/3230/6725
f 3471/3232/6726 3485/3246/6727 3470/3231/6727
f 3472/3233/6728 3486/3247/6728 3471/3232/6728
f 3473/3234/6729 3487/3248/6730 3472/3233/6730
f 3474/3236/6731 3488/3249/6732 3473/3234/6732
f 3474/3236/6733 3490/3250/6734 3489/3251/6733
f 3475/3235/6735 3491/3252/6736 3490/3250/6737
f 3476/3237/6738 3492/3253/6738 3491/3252/6738
f 3477/3238/6739 3493/3254/6739 3492/3253/6739
f 3478/3239/6740 3494/3255/6740 3493/3254/6740
f 3479/3240/6741 3495/3256/6741 3494/3255/6741
f 3480/3241/6742 3496/3257/6742 3495/3256/6742
f 3483/3244/6743 3497/3258/6743 3482/3243/6743
f 3484/3245/6744 3498/3259/6744 3483/3244/6744
f 3485/3246/6745 3499/3260/6745 3484/3245/6745
f 3486/3247/6746 3500/3261/6747 3485/3246/6747
f 3487/3248/6748 3501/3262/6749 3486/3247/6749
f 3488/3249/6750 3502/3263/6751 3487/3248/6751
f 3489/3251/6752 3503/3264/6752 3488/3249/6752
f 3489/3251/6753 3505/3265/6753 3504/3266/6753
f 3490/3250/6754 3506/3267/6755 3505/3265/6754
f 3491/3252/6756 3507/3268/6757 3506/3267/6756
f 3492/3253/6758 3508/3269/6759 3507/3268/6758
f 3493/3254/6760 3509/3270/6760 3508/3269/6760
f 3494/3255/6761 3510/3271/6761 3509/3270/6761
f 3495/3256/6762 3511/3272/6762 3510/3271/6762
f 3498/3259/6763 3512/3273/6763 3497/3258/6763
f 3499/3260/6764 3513/3274/6764 3498/3259/6764
f 3500/3261/6765 3514/3275/6765 3499/3260/6765
f 3501/3262/6766 3515/3276/6766 3500/3261/6766
f 3502/3263/6767 3516/3277/6768 3501/3262/6768
f 3503/3264/6769 3517/3278/6770 3502/3263/6770
f 3504/3266/6771 3518/3279/6771 3503/3264/6771
f 3504/3266/6772 3520/3280/6772 3519/3281/6772
f 3505/3265/6773 3521/3282/6774 3520/3280/6773
f 3506/3267/6775 3522/3283/6776 3521/3282/6775
f 3507/3268/6777 3523/3284/6777 3522/3283/6777
f 3508/3269/6778 3524/3285/6778 3523/3284/6778
f 3509/3270/6779 3525/3286/6779 3524/3285/6779
f 3510/3271/6780 3526/3287/6780 3525/3286/6780
f 3513/3274/6781 3527/3288/6781 3512/3273/6781
f 3514/3275/6782 3528/3289/6783 3513/3274/6783
f 3515/3276/6784 3529/3290/6784 3514/3275/6784
f 3516/3277/6785 3530/3291/6785 3515/3276/6785
f 3517/3278/6786 3531/3292/6786 3516/3277/6786
f 3518/3279/6787 3532/3293/6787 3517/3278/6787
f 3519/3281/6788 3533/3294/6789 3518/3279/6789
f 3519/3281/6790 3535/3295/6791 3534/3296/6790
f 3520/3280/6792 3536/3297/6792 3535/3295/6792
f 3521/3282/6793 3537/3298/6793 3536/3297/6793
f 3522/3283/6794 3538/3299/6794 3537/3298/6794
f 3523/3284/6795 3539/3300/6795 3538/3299/6795
f 3524/3285/6796 3540/3301/6797 3539/3300/6796
f 3525/3286/6798 3541/3302/6798 3540/3301/6798
f 3528/3289/6799 3542/3303/6799 3527/3288/6799
f 3529/3290/6800 3543/3304/6800 3528/3289/6800
f 3530/3291/6801 3544/3305/6801 3529/3290/6801
f 3531/3292/6802 3545/3306/6802 3530/3291/6802
f 3532/3293/6803 3546/3307/6803 3531/3292/6803
f 3533/3294/6804 3547/3308/6804 3532/3293/6804
f 3534/3296/6805 3548/3309/6805 3533/3294/6806
f 3534/3296/6807 3550/3310/6807 3549/3311/6807
f 3535/3295/6808 3551/3312/6808 3550/3310/6808
f 3536/3297/6809 3552/3313/6809 3551/3312/6809
f 3537/3298/6810 3553/3314/6811 3552/3313/6810
f 3538/3299/6812 3554/3315/6813 3553/3314/6812
f 3539/3300/6814 3555/3316/6814 3554/3315/6814
f 3540/3301/6815 3556/3317/6815 3555/3316/6815
f 3543/3304/6816 3557/3318/6816 3542/3303/6816
f 3544/3305/6817 3558/3319/6817 3543/3304/6817
f 3545/3306/6818 3559/3320/6818 3544/3305/6818
f 3546/3307/6819 3560/3321/6819 3545/3306/6819
f 3547/3308/6820 3561/3322/6820 3546/3307/6820
f 3548/3309/6821 3562/3323/6821 3547/3308/6821
f 3549/3311/6822 3563/3324/6822 3548/3309/6823
f 3549/3311/6824 3565/3325/6824 3564/3326/6824
f 3550/3310/6825 3566/3327/6826 3565/3325/6825
f 3551/3312/6827 3567/3328/6827 3566/3327/6827
f 3552/3313/6828 3568/3329/6828 3567/3328/6828
f 3553/3314/6829 3569/3330/6829 3568/3329/6829
f 3554/3315/6830 3570/3331/6830 3569/3330/6830
f 3555/3316/6831 3571/3332/6831 3570/3331/6831
f 3558/3319/6832 3572/3333/6833 3557/3318/6832
f 3559/3320/6834 3573/3334/6835 3558/3319/6834
f 3560/3321/6836 3574/3335/6837 3559/3320/6836
f 3561/3322/6838 3575/3336/6839 3560/3321/6840
f 3562/3323/6841 3576/3337/6842 3561/3322/6841
f 3563/3324/6843 3577/3338/6844 3562/3323/6843
f 3564/3326/6845 3578/3339/6846 3563/3324/6845
f 3564/3326/6847 3580/3340/6848 3579/3341/6848
f 3565/3325/6849 3581/3342/6850 3580/3340/6850
f 3566/3327/6851 3582/3343/6852 3581/3342/6852
f 3567/3328/6853 3583/3344/6854 3582/3343/6854
f 3568/3329/6855 3584/3345/6856 3583/3344/6856
f 3569/3330/6857 3585/3346/6858 3584/3345/6859
f 3570/3331/6860 3586/3347/6861 3585/3346/6862
f 182/1120/2071 422/2867/6863 4/513/2071
f 183/1119/2069 3362/3126/6576 182/1120/2069
f 184/1118/2067 3363/3124/6580 183/1119/2067
f 185/1117/2066 3364/3127/6581 184/1118/2066
f 186/1116/2065 3365/3129/6583 185/1117/2065
f 187/1115/2064 3366/3131/6585 186/1116/2064
f 188/3348/2063 3367/3133/6587 187/1115/2063
f 189/3349/2062 3368/3135/6589 188/3348/2062
f 189/3349/2061 3370/3141/6591 3369/3137/6591
f 190/3350/2060 3371/3143/6593 3370/3141/6593
f 191/1111/2059 3372/3145/6595 3371/3143/6595
f 192/3351/2058 3373/3147/6597 3372/3145/6597
f 193/1109/2057 3374/3149/6600 3373/3147/6600
f 194/1108/2056 3375/3151/6864 3374/3149/6603
f 195/1107/2054 3376/3352/6605 3375/3151/6605
f 196/1106/2053 392/2608/6865 3376/3352/6865
f 3376/3352/6865 393/2638/6866 3391/3152/6866
f 3391/3152/6867 394/2637/6867 3406/3167/6867
f 3406/3167/6868 395/2636/6868 3421/3182/6868
f 3421/3182/6869 396/2635/6869 3436/3197/6869
f 3436/3197/6870 397/2634/6870 3451/3212/6871
f 3451/3212/6872 398/2633/6873 3466/3227/6872
f 3466/3227/6874 399/2632/6874 3481/3242/6874
f 3481/3242/6875 400/2631/6876 3496/3257/6875
f 3496/3257/6877 401/2630/6877 3511/3272/6877
f 3511/3272/6878 402/2629/6878 3526/3287/6878
f 3526/3287/6879 403/2628/6879 3541/3302/6879
f 3541/3302/6880 404/2627/6880 3556/3317/6880
f 3556/3317/6881 405/2626/6881 3571/3332/6881
f 3571/3332/6882 406/2625/6883 3586/3347/6883
f 3586/3347/6883 10/1105/4966 376/2142/4966
f 3585/3346/6862 376/2142/4964 375/2141/4963
f 3584/3345/6859 375/2141/4962 374/2140/4962
f 3583/3344/6856 374/2140/4961 373/2139/4961
f 3582/3343/6854 373/2139/4960 372/2138/4959
f 3581/3342/6852 372/2138/4958 371/2137/4958
f 3580/3340/6850 371/2137/4957 370/2136/4957
f 3579/3341/6848 370/2136/4956 369/2135/4956
f 3579/3341/6846 368/2134/4955 3578/3339/6846
f 3578/3339/6844 367/2133/4954 3577/3338/6844
f 3577/3338/6842 366/2132/4953 3576/3337/6842
f 3576/3337/6839 365/2131/6884 3575/3336/6839
f 3575/3336/6837 364/2130/4951 3574/3335/6837
f 3574/3335/6885 363/2129/4950 3573/3334/6835
f 3573/3334/6886 362/2128/6887 3572/3333/6833
f 3572/3333/6888 12/513/4948 436/2881/6888
f 3557/3318/6889 436/2881/6888 435/2880/6889
f 3542/3303/6890 435/2880/6890 434/2879/6890
f 3527/3288/6891 434/2879/6891 433/2878/6892
f 3512/3273/6893 433/2878/6893 432/2877/6893
f 3497/3258/6894 432/2877/6894 431/2876/6894
f 3482/3243/6895 431/2876/6895 430/2875/6895
f 3467/3228/6896 430/2875/6897 429/2874/6897
f 3452/3213/6898 429/2874/6898 428/2873/6898
f 3437/3198/6899 428/2873/6900 427/2872/6900
f 3422/3183/6901 427/2872/6901 426/2871/6901
f 3407/3168/6902 426/2871/6902 425/2870/6902
f 3392/3153/6903 425/2870/6903 424/2869/6903
f 3377/3125/6904 424/2869/6904 423/2868/6904
f 3362/3126/6863 423/2868/6905 422/2867/6863
f 437/1/1 438/5/2 453/2/2
f 439/4/3 454/7/3 453/2/3
f 440/6/5 455/9/6906 454/7/5
f 441/8/6 456/11/6907 455/9/6
f 442/10/8 457/13/6908 456/11/8
f 443/12/10 458/15/6909 457/13/10
f 444/14/12 459/17/6910 458/15/12
f 445/16/14 460/19/6911 459/17/14
f 446/18/16 461/21/6912 460/19/16
f 447/20/18 462/23/6913 461/21/18
f 448/22/20 463/25/6914 462/23/20
f 449/24/22 464/27/22 463/25/22
f 450/26/23 465/29/6915 464/27/23
f 451/28/25 466/43/6916 465/29/25
f 452/3/27 453/2/28 468/30/28
f 454/7/29 469/32/29 468/30/29
f 455/9/31 470/33/6917 469/32/31
f 456/11/32 471/34/6918 470/33/32
f 457/13/34 472/35/6919 471/34/34
f 458/15/36 473/36/6920 472/35/36
f 459/17/38 474/37/6921 473/36/38
f 460/19/40 475/38/6922 474/37/41
f 461/21/43 476/39/6923 475/38/44
f 462/23/46 477/40/6924 476/39/46
f 463/25/48 478/41/6925 477/40/48
f 464/27/50 479/42/50 478/41/50
f 465/29/51 480/44/6926 479/42/51
f 466/43/53 481/58/6927 480/44/54
f 467/31/56 468/30/57 483/45/57
f 469/32/58 484/47/58 483/45/58
f 470/33/59 485/48/6928 484/47/59
f 471/34/60 486/49/6929 485/48/60
f 472/35/62 487/50/6930 486/49/62
f 473/36/64 488/51/6931 487/50/64
f 474/37/66 489/52/6932 488/51/67
f 475/38/69 490/53/6933 489/52/69
f 476/39/71 491/54/6934 490/53/72
f 477/40/74 492/55/6935 491/54/75
f 478/41/77 493/56/6936 492/55/78
f 479/42/80 494/57/6937 493/56/80
f 480/44/82 495/59/6938 494/57/82
f 481/58/84 496/73/6939 495/59/85
f 482/46/87 483/45/88 498/60/88
f 484/47/89 499/62/89 498/60/89
f 485/48/90 500/63/91 499/62/91
f 486/49/93 501/64/6940 500/63/93
f 487/50/95 502/65/6941 501/64/95
f 488/51/97 503/66/6942 502/65/97
f 489/52/99 504/67/6943 503/66/99
f 490/53/101 505/68/6944 504/67/102
f 491/54/104 506/69/6945 505/68/105
f 492/55/107 507/70/6946 506/69/108
f 493/56/110 508/71/6947 507/70/111
f 494/57/113 509/72/6948 508/71/114
f 495/59/116 510/74/6949 509/72/116
f 496/73/118 511/88/6950 510/74/118
f 497/61/120 498/60/121 513/75/121
f 499/62/122 514/77/6951 513/75/122
f 500/63/123 515/78/123 514/77/123
f 501/64/125 516/79/6952 515/78/125
f 502/65/127 517/80/6953 516/79/127
f 503/66/129 518/81/6954 517/80/129
f 504/67/131 519/82/6955 518/81/132
f 505/68/134 520/83/6956 519/82/134
f 506/69/136 521/84/6957 520/83/136
f 507/70/138 522/85/6958 521/84/139
f 508/71/141 523/86/6959 522/85/142
f 509/72/144 524/87/6960 523/86/145
f 510/74/147 525/89/6961 524/87/147
f 511/88/149 526/103/6962 525/89/150
f 512/76/152 513/75/153 528/90/153
f 514/77/154 529/92/155 528/90/155
f 515/78/157 530/93/6963 529/92/157
f 516/79/158 531/94/6964 530/93/158
f 517/80/160 532/95/6965 531/94/160
f 518/81/162 533/96/6966 532/95/162
f 519/82/164 534/97/6967 533/96/164
f 520/83/166 535/98/6968 534/97/166
f 521/84/168 536/99/6969 535/98/169
f 522/85/171 537/100/6970 536/99/171
f 523/86/173 538/101/6971 537/100/173
f 524/87/175 539/102/6972 538/101/176
f 525/89/178 540/104/6973 539/102/179
f 526/103/181 541/118/6974 540/104/182
f 527/91/184 528/90/185 543/105/185
f 529/92/186 544/107/186 543/105/186
f 530/93/187 545/108/187 544/107/187
f 531/94/188 546/109/188 545/108/188
f 532/95/190 547/110/6975 546/109/190
f 533/96/192 548/111/6976 547/110/192
f 534/97/194 549/112/6977 548/111/194
f 535/98/196 550/113/6978 549/112/196
f 536/99/198 551/114/6979 550/113/199
f 537/100/201 552/115/6980 551/114/201
f 538/101/203 553/116/6981 552/115/204
f 539/102/206 554/117/6982 553/116/206
f 540/104/208 555/119/6983 554/117/208
f 541/118/210 556/250/6984 555/119/210
f 543/105/212 558/122/212 557/120/213
f 543/105/214 544/107/214 559/121/214
f 544/107/215 545/108/215 560/123/215
f 545/108/216 546/109/216 561/124/216
f 546/109/218 547/110/6985 562/125/218
f 547/110/220 548/111/6986 563/126/220
f 548/111/222 549/112/6987 564/127/222
f 549/112/224 550/113/6988 565/128/224
f 550/113/226 551/114/6989 566/129/227
f 551/114/229 552/115/6990 567/130/229
f 552/115/231 553/116/6991 568/131/232
f 553/116/234 554/117/6992 569/132/234
f 554/117/236 555/119/6993 570/133/236
f 555/119/238 556/250/6994 571/134/238
f 558/122/240 573/137/240 572/135/241
f 558/122/242 559/121/242 574/136/243
f 559/121/245 560/123/6995 575/138/245
f 560/123/246 561/124/6996 576/139/246
f 561/124/248 562/125/6997 577/140/248
f 562/125/250 563/126/6998 578/141/250
f 563/126/252 564/127/6999 579/142/252
f 564/127/254 565/128/7000 580/143/254
f 565/128/256 566/129/7001 581/144/257
f 566/129/259 567/130/7002 582/145/259
f 567/130/261 568/131/7003 583/146/261
f 568/131/263 569/132/7004 584/147/264
f 569/132/266 570/133/7005 585/148/266
f 570/133/268 571/134/7006 586/149/269
f 573/137/271 588/152/271 587/150/272
f 573/137/273 574/136/7007 589/151/273
f 574/136/274 575/138/274 590/153/274
f 575/138/276 576/139/7008 591/154/276
f 576/139/278 577/140/7009 592/155/278
f 577/140/280 578/141/7010 593/156/280
f 578/141/282 579/142/7011 594/157/282
f 579/142/284 580/143/7012 595/158/284
f 580/143/286 581/144/7013 596/159/286
f 581/144/288 582/145/7014 597/160/289
f 582/145/291 583/146/7015 598/161/292
f 583/146/294 584/147/7016 599/162/295
f 584/147/297 585/148/7017 600/163/297
f 585/148/299 586/149/7018 601/164/299
f 588/152/301 603/167/301 602/165/302
f 588/152/303 589/151/303 604/166/303
f 589/151/304 590/153/304 605/168/305
f 590/153/307 591/154/7019 606/169/307
f 591/154/309 592/155/7020 607/170/309
f 592/155/311 593/156/7021 608/171/311
f 593/156/313 594/157/7022 609/172/313
f 594/157/315 595/158/7023 610/173/316
f 595/158/318 596/159/7024 611/174/319
f 596/159/321 597/160/7025 612/175/322
f 597/160/324 598/161/7026 613/176/325
f 598/161/327 599/162/7027 614/177/328
f 599/162/330 600/163/7028 615/178/330
f 600/163/332 601/164/7029 616/179/332
f 603/167/334 618/182/334 617/180/335
f 603/167/336 604/166/336 619/181/336
f 604/166/337 605/168/7030 620/183/337
f 605/168/338 606/169/7031 621/184/338
f 606/169/340 607/170/7032 622/185/340
f 607/170/342 608/171/7033 623/186/342
f 608/171/344 609/172/7034 624/187/345
f 609/172/347 610/173/7035 625/188/347
f 610/173/349 611/174/7036 626/189/350
f 611/174/352 612/175/7037 627/190/353
f 612/175/355 613/176/7038 628/191/356
f 613/176/358 614/177/7039 629/192/358
f 614/177/360 615/178/7040 630/193/360
f 615/178/362 616/179/7041 631/194/363
f 618/182/365 633/197/365 632/195/366
f 618/182/367 619/181/367 634/196/367
f 619/181/369 620/183/7042 635/198/369
f 620/183/370 621/184/7043 636/199/370
f 621/184/372 622/185/7044 637/200/372
f 622/185/374 623/186/7045 638/201/374
f 623/186/376 624/187/7046 639/202/376
f 624/187/378 625/188/7047 640/203/378
f 625/188/380 626/189/7048 641/204/380
f 626/189/382 627/190/7049 642/205/382
f 627/190/384 628/191/7050 643/206/384
f 628/191/386 629/192/7051 644/207/386
f 629/192/387 630/193/7052 645/208/387
f 630/193/389 631/194/7053 646/209/390
f 633/197/392 648/212/7054 647/210/393
f 633/197/395 634/196/395 649/211/395
f 634/196/397 635/198/7055 650/213/397
f 635/198/398 636/199/7056 651/214/398
f 636/199/400 637/200/7057 652/215/400
f 637/200/402 638/201/7058 653/216/402
f 638/201/404 639/202/7059 654/217/404
f 639/202/406 640/203/7060 655/218/406
f 640/203/408 641/204/7061 656/219/409
f 641/204/411 642/205/7062 657/220/411
f 642/205/413 643/206/7063 658/221/413
f 643/206/415 644/207/415 659/222/415
f 644/207/416 645/208/7064 660/223/416
f 645/208/418 646/209/7065 661/224/418
f 1/225/420 181/227/421 437/1/421
f 181/227/421 180/229/7066 438/5/422
f 179/228/423 439/4/423 438/5/423
f 178/230/424 440/6/7067 439/4/424
f 177/231/425 441/8/425 440/6/425
f 176/232/427 442/10/7068 441/8/427
f 175/233/429 443/12/7069 442/10/429
f 174/234/431 444/14/7070 443/12/431
f 173/235/433 445/16/7071 444/14/433
f 172/236/435 446/18/7072 445/16/436
f 171/237/438 447/20/7073 446/18/438
f 170/238/440 448/22/7074 447/20/440
f 169/239/442 449/24/7075 448/22/442
f 168/240/443 450/26/7076 449/24/443
f 167/241/445 451/28/7077 450/26/446
f 5/242/448 166/243/7078 451/28/448
f 166/243/450 165/244/7079 466/43/451
f 165/244/453 164/245/7080 481/58/453
f 164/245/455 163/246/7081 496/73/455
f 163/246/457 162/247/7082 511/88/457
f 162/247/459 161/248/7083 526/103/459
f 161/248/461 160/249/7084 541/118/461
f 160/249/463 159/1660/7085 556/250/463
f 556/250/465 159/1660/7086 158/251/465
f 571/134/467 158/251/7087 157/252/467
f 586/149/469 157/252/7088 156/253/469
f 601/164/471 156/253/7089 155/254/471
f 616/179/473 155/254/7090 154/255/473
f 631/194/475 154/255/7091 153/256/475
f 646/209/477 153/256/7092 152/257/478
f 661/224/480 152/257/7093 7/258/480
f 660/223/482 661/224/7094 121/259/483
f 659/222/485 660/223/7095 120/260/485
f 658/221/487 659/222/7096 119/261/487
f 657/220/488 658/221/7097 118/262/488
f 656/219/490 657/220/7098 117/263/490
f 655/218/492 656/219/7099 116/264/493
f 654/217/495 655/218/7100 115/265/495
f 653/216/497 654/217/7101 114/266/497
f 652/215/499 653/216/7102 113/267/499
f 651/214/501 652/215/7103 112/268/501
f 650/213/503 651/214/503 111/269/503
f 649/211/505 650/213/7104 110/270/505
f 648/212/506 649/211/506 109/271/506
f 648/212/507 108/272/7105 107/273/508
f 647/210/508 107/273/508 3/274/509
f 632/195/394 647/210/393 136/275/510
f 617/180/366 632/195/366 135/276/511
f 602/165/335 617/180/335 134/277/512
f 587/150/302 602/165/302 133/278/513
f 572/135/272 587/150/272 132/279/514
f 557/120/241 572/135/241 131/280/515
f 542/106/213 557/120/213 130/281/516
f 128/283/517 527/91/184 542/106/184
f 127/284/518 512/76/152 527/91/152
f 126/285/519 497/61/120 512/76/120
f 125/286/520 482/46/87 497/61/87
f 124/287/521 467/31/56 482/46/56
f 123/288/522 452/3/27 467/31/27
f 122/226/523 437/1/1 452/3/1
f 662/289/524 663/292/524 678/290/525
f 663/292/527 664/294/527 679/293/528
f 664/294/529 665/296/529 680/295/530
f 665/296/531 666/298/531 681/297/532
f 666/298/533 667/300/533 682/299/534
f 667/300/535 668/302/535 683/301/536
f 668/302/537 669/305/537 684/303/538
f 670/304/539 685/307/540 684/303/540
f 671/306/541 686/309/542 685/307/542
f 672/308/543 687/311/544 686/309/544
f 673/310/545 688/313/546 687/311/546
f 674/312/547 689/315/7106 688/313/548
f 675/314/549 690/317/550 689/315/550
f 676/316/551 691/531/7107 690/317/552
f 678/290/553 693/319/553 692/318/553
f 679/293/555 694/320/555 693/319/555
f 680/295/557 695/321/557 694/320/557
f 681/297/558 696/322/558 695/321/558
f 682/299/559 697/323/7108 696/322/559
f 683/301/560 698/324/560 697/323/561
f 684/303/563 699/326/563 698/324/563
f 684/303/564 685/307/564 700/325/564
f 685/307/565 686/309/7109 701/327/566
f 686/309/567 687/311/567 702/328/567
f 687/311/569 688/313/7110 703/329/569
f 688/313/570 689/315/570 704/330/570
f 689/315/571 690/317/7111 705/331/571
f 690/317/572 691/531/7112 706/332/572
f 693/319/573 708/334/7113 707/333/573
f 694/320/574 709/335/7114 708/334/574
f 695/321/575 710/336/7115 709/335/575
f 696/322/576 711/337/576 710/336/577
f 697/323/579 712/338/579 711/337/579
f 698/324/581 713/339/7116 712/338/581
f 699/326/582 714/341/582 713/339/582
f 699/326/583 700/325/583 715/340/583
f 700/325/584 701/327/584 716/342/584
f 701/327/586 702/328/7117 717/343/586
f 702/328/587 703/329/7118 718/344/588
f 703/329/589 704/330/589 719/345/589
f 704/330/591 705/331/591 720/346/591
f 705/331/593 706/332/593 721/347/593
f 708/334/595 723/349/7119 722/348/595
f 709/335/597 724/350/7120 723/349/597
f 710/336/599 725/351/7121 724/350/599
f 711/337/601 726/352/7122 725/351/601
f 712/338/603 727/353/7123 726/352/603
f 713/339/605 728/354/7124 727/353/605
f 714/341/607 729/356/607 728/354/607
f 714/341/609 715/340/7125 730/355/609
f 715/340/610 716/342/7126 731/357/610
f 716/342/612 717/343/7127 732/358/612
f 717/343/614 718/344/7128 733/359/614
f 718/344/616 719/345/7129 734/360/616
f 719/345/618 720/346/7130 735/361/618
f 720/346/620 721/347/7131 736/362/620
f 723/349/622 738/364/7132 737/363/622
f 724/350/624 739/365/7133 738/364/624
f 725/351/626 740/366/7134 739/365/626
f 726/352/628 741/367/7135 740/366/628
f 727/353/630 742/368/7136 741/367/630
f 728/354/632 743/369/7137 742/368/632
f 729/356/634 744/371/7138 743/369/634
f 729/356/636 730/355/7139 745/370/636
f 730/355/638 731/357/7140 746/372/638
f 731/357/640 732/358/7141 747/373/640
f 732/358/642 733/359/7142 748/374/642
f 733/359/644 734/360/7143 749/375/644
f 734/360/646 735/361/7144 750/376/646
f 735/361/648 736/362/7145 751/377/648
f 738/364/650 753/379/7146 752/378/650
f 739/365/652 754/380/7147 753/379/652
f 740/366/654 755/381/7148 754/380/654
f 741/367/656 756/382/7149 755/381/656
f 742/368/658 757/383/7150 756/382/658
f 743/369/660 758/384/7151 757/383/660
f 744/371/662 759/386/7152 758/384/662
f 744/371/664 745/370/7153 760/385/664
f 745/370/666 746/372/7154 761/387/666
f 746/372/668 747/373/7155 762/388/668
f 747/373/670 748/374/7156 763/389/670
f 748/374/672 749/375/7157 764/390/672
f 749/375/674 750/376/7158 765/391/674
f 750/376/676 751/377/7159 766/392/676
f 753/379/678 768/394/7160 767/393/678
f 754/380/680 769/395/7161 768/394/680
f 755/381/682 770/396/7162 769/395/683
f 756/382/685 771/397/7163 770/396/685
f 757/383/687 772/398/7164 771/397/687
f 758/384/689 773/399/7165 772/398/689
f 759/386/691 774/401/7166 773/399/691
f 759/386/693 760/385/7167 775/400/693
f 760/385/695 761/387/7168 776/402/695
f 761/387/697 762/388/7169 777/403/697
f 762/388/699 763/389/7170 778/404/699
f 763/389/701 764/390/7171 779/405/702
f 764/390/704 765/391/7172 780/406/704
f 765/391/706 766/392/7173 781/407/706
f 768/394/708 783/409/7174 782/408/708
f 769/395/710 784/410/7175 783/409/710
f 770/396/712 785/411/7176 784/410/712
f 771/397/714 786/412/7177 785/411/715
f 772/398/717 787/413/7178 786/412/717
f 773/399/719 788/414/7179 787/413/719
f 774/401/721 789/416/7180 788/414/721
f 774/401/723 775/400/7181 790/415/723
f 775/400/725 776/402/7182 791/417/725
f 776/402/727 777/403/7183 792/418/727
f 777/403/729 778/404/7184 793/419/730
f 778/404/732 779/405/7185 794/420/732
f 779/405/734 780/406/7186 795/421/734
f 780/406/736 781/407/7187 796/422/736
f 783/409/738 798/424/7188 797/423/739
f 784/410/741 799/425/7189 798/424/741
f 785/411/743 800/426/7190 799/425/744
f 786/412/746 801/427/7191 800/426/747
f 787/413/749 802/428/7192 801/427/749
f 788/414/751 803/429/7193 802/428/752
f 789/416/754 804/431/7194 803/429/755
f 789/416/757 790/415/7195 805/430/758
f 790/415/760 791/417/7196 806/432/761
f 791/417/763 792/418/7197 807/433/763
f 792/418/765 793/419/7198 808/434/766
f 793/419/768 794/420/7199 809/435/769
f 794/420/771 795/421/7200 810/436/771
f 795/421/773 796/422/7201 811/437/774
f 798/424/776 813/439/7202 812/438/776
f 799/425/778 814/440/7203 813/439/778
f 800/426/780 815/441/7204 814/440/781
f 801/427/783 816/442/7205 815/441/784
f 802/428/786 817/443/7206 816/442/787
f 803/429/789 818/444/7207 817/443/789
f 804/431/791 819/446/7208 818/444/791
f 804/431/793 805/430/7209 820/445/793
f 805/430/795 806/432/7210 821/447/795
f 806/432/797 807/433/7211 822/448/798
f 807/433/800 808/434/7212 823/449/801
f 808/434/803 809/435/7213 824/450/804
f 809/435/806 810/436/7214 825/451/806
f 810/436/808 811/437/7215 826/452/808
f 813/439/810 828/454/7216 827/453/810
f 814/440/812 829/455/7217 828/454/812
f 815/441/814 830/456/7218 829/455/815
f 816/442/817 831/457/7219 830/456/818
f 817/443/820 832/458/7220 831/457/820
f 818/444/822 833/459/7221 832/458/822
f 819/446/824 834/461/7222 833/459/825
f 819/446/827 820/445/7223 835/460/828
f 820/445/830 821/447/7224 836/462/830
f 821/447/832 822/448/7225 837/463/833
f 822/448/835 823/449/7226 838/464/836
f 823/449/838 824/450/7227 839/465/839
f 824/450/841 825/451/7228 840/466/841
f 825/451/843 826/452/7229 841/467/843
f 828/454/845 843/469/845 842/468/845
f 829/455/846 844/470/846 843/469/846
f 830/456/847 845/471/7230 844/470/847
f 831/457/849 846/472/7231 845/471/850
f 832/458/852 847/473/7232 846/472/852
f 833/459/854 848/474/7233 847/473/855
f 834/461/857 849/476/7234 848/474/857
f 834/461/859 835/460/7235 850/475/859
f 835/460/861 836/462/7236 851/477/862
f 836/462/864 837/463/7237 852/478/865
f 837/463/867 838/464/7238 853/479/868
f 838/464/870 839/465/7239 854/480/870
f 839/465/872 840/466/872 855/481/872
f 840/466/874 841/467/874 856/482/874
f 843/469/875 858/484/7240 857/483/875
f 844/470/877 859/485/7241 858/484/877
f 845/471/879 860/486/7242 859/485/879
f 846/472/881 861/487/7243 860/486/881
f 847/473/883 862/488/7244 861/487/883
f 848/474/885 863/489/7245 862/488/886
f 849/476/888 864/491/7246 863/489/888
f 849/476/890 850/475/7247 865/490/890
f 850/475/892 851/477/7248 866/492/893
f 851/477/895 852/478/7249 867/493/895
f 852/478/897 853/479/7250 868/494/897
f 853/479/899 854/480/7251 869/495/899
f 854/480/901 855/481/7252 870/496/901
f 855/481/903 856/482/7253 871/497/903
f 858/484/905 873/499/7254 872/498/905
f 859/485/907 874/500/7255 873/499/908
f 860/486/910 875/501/7256 874/500/911
f 861/487/913 876/502/7257 875/501/913
f 862/488/915 877/503/7258 876/502/916
f 863/489/918 878/504/7259 877/503/919
f 864/491/921 879/506/7260 878/504/921
f 864/491/923 865/490/7261 880/505/923
f 865/490/925 866/492/7262 881/507/926
f 866/492/928 867/493/7263 882/508/929
f 867/493/931 868/494/7264 883/509/931
f 868/494/933 869/495/7265 884/510/934
f 869/495/936 870/496/7266 885/511/937
f 870/496/939 871/497/7267 886/512/939
f 4/513/941 91/515/941 662/289/942
f 91/515/943 90/516/943 663/292/524
f 90/516/944 89/517/944 664/294/527
f 89/517/945 88/518/945 665/296/529
f 88/518/946 87/519/946 666/298/531
f 87/519/947 86/520/947 667/300/533
f 86/520/948 85/521/948 668/302/535
f 85/521/949 84/523/949 669/305/537
f 83/522/950 670/304/539 669/305/539
f 82/524/951 671/306/541 670/304/541
f 81/525/952 672/308/543 671/306/543
f 80/526/953 673/310/545 672/308/545
f 79/527/954 674/312/547 673/310/547
f 78/528/955 675/314/549 674/312/549
f 77/529/956 676/316/551 675/314/551
f 3/274/957 107/530/958 676/316/958
f 107/530/958 108/1887/7268 691/531/959
f 691/531/960 108/1887/960 109/532/960
f 706/332/961 109/532/961 110/533/961
f 721/347/963 110/533/7269 111/534/963
f 736/362/964 111/534/7270 112/535/964
f 751/377/966 112/535/7271 113/536/966
f 766/392/968 113/536/7272 114/537/968
f 781/407/970 114/537/7273 115/538/970
f 796/422/972 115/538/7274 116/539/973
f 811/437/975 116/539/7275 117/540/975
f 826/452/977 117/540/7276 118/541/977
f 841/467/979 118/541/979 119/542/979
f 856/482/981 119/542/7277 120/543/981
f 871/497/983 120/543/7278 121/544/984
f 886/512/986 121/544/7279 7/545/986
f 885/511/988 886/512/7280 76/546/989
f 884/510/991 885/511/7281 75/547/991
f 883/509/993 884/510/7282 74/548/993
f 882/508/995 883/509/7283 73/549/995
f 881/507/997 882/508/7284 72/550/997
f 880/505/999 881/507/7285 71/551/999
f 879/506/1001 880/505/7286 70/552/1001
f 879/506/1003 69/553/7287 68/554/1003
f 878/504/1005 68/554/7288 67/555/1005
f 877/503/1007 67/555/7289 66/556/1007
f 876/502/1009 66/556/7290 65/557/1009
f 875/501/1011 65/557/7291 64/558/1011
f 874/500/1013 64/558/7292 63/559/1013
f 873/499/1015 63/559/7293 62/560/1016
f 872/498/1018 62/560/7294 8/561/1018
f 857/483/1020 872/498/7295 137/562/1021
f 842/468/1023 857/483/7296 138/563/1023
f 827/453/1025 842/468/7297 139/564/1025
f 812/438/1026 827/453/7298 140/565/1026
f 797/423/1028 812/438/7299 141/566/1028
f 782/408/1030 797/423/7300 142/567/1031
f 767/393/1033 782/408/7301 143/568/1034
f 752/378/1036 767/393/7302 144/569/1036
f 737/363/1038 752/378/7303 145/570/1038
f 722/348/1040 737/363/7304 146/571/1040
f 707/333/1042 722/348/1042 147/572/1042
f 692/318/1044 707/333/7305 148/573/1044
f 677/291/1045 692/318/1045 149/574/1045
f 151/514/942 662/289/942 677/291/1046
f 887/576/1048 888/579/7306 903/577/1048
f 888/579/1050 889/581/7307 904/580/1051
f 889/581/1053 890/583/7308 905/582/1053
f 890/583/1055 891/585/7309 906/584/1055
f 891/585/1057 892/587/7310 907/586/1057
f 892/587/1059 893/589/7311 908/588/1060
f 893/589/1062 894/592/7312 909/590/1062
f 895/591/1064 910/594/7313 909/590/1064
f 896/593/1066 911/596/7314 910/594/1067
f 897/595/1069 912/598/7315 911/596/1069
f 898/597/1071 913/600/7316 912/598/1071
f 899/599/1073 914/602/7317 913/600/1073
f 900/601/1075 915/604/7318 914/602/1076
f 901/603/1078 916/618/7319 915/604/1078
f 902/578/1080 903/577/7320 918/605/1081
f 903/577/1083 904/580/7321 919/607/1083
f 904/580/1085 905/582/7322 920/608/1085
f 905/582/1087 906/584/7323 921/609/1087
f 906/584/1089 907/586/7324 922/610/1089
f 907/586/1091 908/588/7325 923/611/1091
f 908/588/1093 909/590/7326 924/612/1093
f 910/594/1095 925/613/7327 924/612/1095
f 911/596/1097 926/614/7328 925/613/1097
f 912/598/1099 927/615/7329 926/614/1099
f 913/600/1101 928/616/7330 927/615/1101
f 914/602/1103 929/617/7331 928/616/1103
f 915/604/1105 930/619/7332 929/617/1105
f 916/618/1107 931/633/7333 930/619/1108
f 917/606/1110 918/605/7334 933/620/1110
f 918/605/1112 919/607/7335 934/622/1112
f 919/607/1114 920/608/7336 935/623/1114
f 920/608/1116 921/609/7337 936/624/1116
f 921/609/1118 922/610/7338 937/625/1118
f 922/610/1120 923/611/7339 938/626/1120
f 923/611/1122 924/612/7340 939/627/1122
f 925/613/1124 940/628/7341 939/627/1124
f 926/614/1126 941/629/7342 940/628/1126
f 927/615/1128 942/630/7343 941/629/1128
f 928/616/1130 943/631/7344 942/630/1130
f 929/617/1132 944/632/7345 943/631/1132
f 930/619/1134 945/634/7346 944/632/1134
f 931/633/1136 946/648/7347 945/634/1136
f 932/621/1138 933/620/7348 948/635/1138
f 933/620/1140 934/622/7349 949/637/1140
f 934/622/1142 935/623/7350 950/638/1142
f 935/623/1144 936/624/7351 951/639/1144
f 936/624/1146 937/625/7352 952/640/1146
f 937/625/1148 938/626/7353 953/641/1148
f 938/626/1150 939/627/7354 954/642/1151
f 940/628/1153 955/643/7355 954/642/1154
f 941/629/1156 956/644/7356 955/643/1156
f 942/630/1158 957/645/7357 956/644/1158
f 943/631/1160 958/646/7358 957/645/1160
f 944/632/1162 959/647/7359 958/646/1162
f 945/634/1164 960/649/7360 959/647/1164
f 946/648/1166 961/663/7361 960/649/1166
f 947/636/1168 948/635/7362 963/650/1168
f 948/635/1170 949/637/7363 964/652/1170
f 949/637/1172 950/638/7364 965/653/1172
f 950/638/1174 951/639/7365 966/654/1174
f 951/639/1176 952/640/7366 967/655/1176
f 952/640/1178 953/641/7367 968/656/1178
f 953/641/1180 954/642/7368 969/657/1180
f 955/643/1182 970/658/7369 969/657/1182
f 956/644/1184 971/659/7370 970/658/1184
f 957/645/1186 972/660/7371 971/659/1186
f 958/646/1188 973/661/7372 972/660/1188
f 959/647/1190 974/662/7373 973/661/1190
f 960/649/1192 975/664/7374 974/662/1192
f 961/663/1194 976/678/7375 975/664/1194
f 962/651/1196 963/650/7376 978/665/1197
f 963/650/1199 964/652/7377 979/667/1199
f 964/652/1201 965/653/7378 980/668/1201
f 965/653/1203 966/654/7379 981/669/1203
f 966/654/1205 967/655/7380 982/670/1205
f 967/655/1207 968/656/7381 983/671/1207
f 968/656/1209 969/657/7382 984/672/1209
f 970/658/1211 985/673/7383 984/672/1211
f 971/659/1213 986/674/7384 985/673/1213
f 972/660/1215 987/675/7385 986/674/1215
f 973/661/1217 988/676/7386 987/675/1217
f 974/662/1219 989/677/7387 988/676/1219
f 975/664/1221 990/679/7388 989/677/1221
f 976/678/1223 991/693/7389 990/679/1224
f 977/666/1226 978/665/7390 993/680/1226
f 978/665/1228 979/667/7391 994/682/1228
f 979/667/1230 980/668/7392 995/683/1230
f 980/668/1232 981/669/7393 996/684/1233
f 981/669/1235 982/670/7394 997/685/1235
f 982/670/1237 983/671/7395 998/686/1237
f 983/671/1239 984/672/7396 999/687/1239
f 985/673/1241 1000/688/7397 999/687/1241
f 986/674/1243 1001/689/7398 1000/688/1243
f 987/675/1245 1002/690/7399 1001/689/1245
f 988/676/1247 1003/691/7400 1002/690/1248
f 989/677/1250 1004/692/7401 1003/691/1250
f 990/679/1252 1005/694/7402 1004/692/1252
f 991/693/1254 1006/825/7403 1005/694/1254
f 993/680/1256 1008/696/7404 1007/695/1256
f 994/682/1258 1009/697/7405 1008/696/1258
f 995/683/1260 1010/698/7406 1009/697/1260
f 996/684/1262 1011/699/7407 1010/698/1263
f 997/685/1265 1012/700/7408 1011/699/1265
f 998/686/1267 1013/701/7409 1012/700/1267
f 999/687/1269 1014/703/7410 1013/701/1269
f 999/687/1271 1000/688/7411 1015/702/1271
f 1000/688/1273 1001/689/7412 1016/704/1273
f 1001/689/1275 1002/690/7413 1017/705/1275
f 1002/690/1277 1003/691/7414 1018/706/1278
f 1003/691/1280 1004/692/7415 1019/707/1280
f 1004/692/1282 1005/694/7416 1020/708/1282
f 1005/694/1284 1006/825/7417 1021/709/1284
f 1008/696/1286 1023/711/7418 1022/710/1287
f 1009/697/1289 1024/712/7419 1023/711/1289
f 1010/698/1291 1025/713/7420 1024/712/1291
f 1011/699/1293 1026/714/7421 1025/713/1293
f 1012/700/1295 1027/715/7422 1026/714/1295
f 1013/701/1297 1028/716/7423 1027/715/1297
f 1014/703/1299 1029/718/7424 1028/716/1299
f 1014/703/1301 1015/702/7425 1030/717/1301
f 1015/702/1303 1016/704/7426 1031/719/1303
f 1016/704/1305 1017/705/7427 1032/720/1305
f 1017/705/1307 1018/706/7428 1033/721/1307
f 1018/706/1309 1019/707/7429 1034/722/1309
f 1019/707/1311 1020/708/7430 1035/723/1311
f 1020/708/1313 1021/709/7431 1036/724/1314
f 1023/711/1316 1038/726/7432 1037/725/1316
f 1024/712/1318 1039/727/7433 1038/726/1318
f 1025/713/1320 1040/728/7434 1039/727/1320
f 1026/714/1322 1041/729/7435 1040/728/1322
f 1027/715/1324 1042/730/7436 1041/729/1324
f 1028/716/1326 1043/731/7437 1042/730/1326
f 1029/718/1328 1044/733/7438 1043/731/1329
f 1029/718/1331 1030/717/7439 1045/732/1332
f 1030/717/1334 1031/719/7440 1046/734/1334
f 1031/719/1336 1032/720/7441 1047/735/1336
f 1032/720/1338 1033/721/7442 1048/736/1338
f 1033/721/1340 1034/722/7443 1049/737/1340
f 1034/722/1342 1035/723/7444 1050/738/1342
f 1035/723/1344 1036/724/7445 1051/739/1344
f 1038/726/1346 1053/741/7446 1052/740/1346
f 1039/727/1348 1054/742/7447 1053/741/1348
f 1040/728/1350 1055/743/7448 1054/742/1350
f 1041/729/1352 1056/744/7449 1055/743/1352
f 1042/730/1354 1057/745/7450 1056/744/1354
f 1043/731/1356 1058/746/7451 1057/745/1356
f 1044/733/1358 1059/748/7452 1058/746/1358
f 1044/733/1360 1045/732/7453 1060/747/1360
f 1045/732/1362 1046/734/7454 1061/749/1362
f 1046/734/1364 1047/735/7455 1062/750/1364
f 1047/735/1366 1048/736/7456 1063/751/1366
f 1048/736/1368 1049/737/7457 1064/752/1368
f 1049/737/1370 1050/738/7458 1065/753/1370
f 1050/738/1372 1051/739/7459 1066/754/1372
f 1053/741/1374 1068/756/7460 1067/755/1374
f 1054/742/1376 1069/757/7461 1068/756/1376
f 1055/743/1378 1070/758/7462 1069/757/1378
f 1056/744/1380 1071/759/7463 1070/758/1380
f 1057/745/1382 1072/760/7464 1071/759/1382
f 1058/746/1384 1073/761/7465 1072/760/1384
f 1059/748/1386 1074/763/7466 1073/761/1386
f 1059/748/1388 1060/747/7467 1075/762/1388
f 1060/747/1390 1061/749/7468 1076/764/1390
f 1061/749/1392 1062/750/7469 1077/765/1392
f 1062/750/1394 1063/751/7470 1078/766/1394
f 1063/751/1396 1064/752/7471 1079/767/1396
f 1064/752/1398 1065/753/7472 1080/768/1398
f 1065/753/1400 1066/754/7473 1081/769/1400
f 1068/756/1402 1083/771/7474 1082/770/1403
f 1069/757/1405 1084/772/7475 1083/771/1405
f 1070/758/1407 1085/773/7476 1084/772/1407
f 1071/759/1409 1086/774/7477 1085/773/1409
f 1072/760/1411 1087/775/7478 1086/774/1411
f 1073/761/1413 1088/776/7479 1087/775/1413
f 1074/763/1415 1089/778/7480 1088/776/1415
f 1074/763/1417 1075/762/7481 1090/777/1417
f 1075/762/1419 1076/764/7482 1091/779/1419
f 1076/764/1421 1077/765/7483 1092/780/1421
f 1077/765/1423 1078/766/7484 1093/781/1423
f 1078/766/1425 1079/767/7485 1094/782/1425
f 1079/767/1427 1080/768/7486 1095/783/1427
f 1080/768/1429 1081/769/7487 1096/784/1430
f 1083/771/1432 1098/786/7488 1097/785/1432
f 1084/772/1434 1099/787/7489 1098/786/1435
f 1085/773/1437 1100/788/7490 1099/787/1437
f 1086/774/1439 1101/789/7491 1100/788/1439
f 1087/775/1441 1102/790/7492 1101/789/1441
f 1088/776/1443 1103/791/7493 1102/790/1444
f 1089/778/1446 1104/793/7494 1103/791/1446
f 1089/778/1448 1090/777/7495 1105/792/1448
f 1090/777/1450 1091/779/7496 1106/794/1451
f 1091/779/1453 1092/780/7497 1107/795/1453
f 1092/780/1455 1093/781/7498 1108/796/1455
f 1093/781/1457 1094/782/7499 1109/797/1457
f 1094/782/1459 1095/783/7500 1110/798/1460
f 1095/783/1462 1096/784/7501 1111/799/1462
f 8/800/1464 62/802/7502 887/576/1464
f 62/802/1466 63/803/7503 888/579/1467
f 63/803/1469 64/804/7504 889/581/1469
f 64/804/1471 65/805/1471 890/583/1471
f 65/805/1473 66/806/7505 891/585/1473
f 66/806/1475 67/807/7506 892/587/1476
f 67/807/1478 68/808/7507 893/589/1478
f 68/808/1480 69/810/7508 894/592/1481
f 70/809/1483 895/591/7509 894/592/1484
f 71/811/1486 896/593/7510 895/591/1486
f 72/812/1488 897/595/7511 896/593/1489
f 73/813/1491 898/597/7512 897/595/1491
f 74/814/1493 899/599/7513 898/597/1493
f 75/815/1494 900/601/7514 899/599/1494
f 76/816/1496 901/603/7515 900/601/1497
f 7/817/1499 152/818/7516 901/603/1499
f 152/818/1501 153/819/7517 916/618/1502
f 153/819/1504 154/820/7518 931/633/1504
f 154/820/1506 155/821/1506 946/648/1506
f 155/821/1508 156/822/7519 961/663/1508
f 156/822/1510 157/823/7520 976/678/1510
f 157/823/1512 158/824/7521 991/693/1512
f 158/824/1514 159/1902/7522 1006/825/1515
f 1006/825/1517 159/1902/7523 160/826/1518
f 1021/709/1520 160/826/7524 161/827/1520
f 1036/724/1522 161/827/7525 162/828/1523
f 1051/739/1525 162/828/7526 163/829/1525
f 1066/754/1527 163/829/1527 164/830/1527
f 1081/769/1529 164/830/7527 165/831/1529
f 1096/784/1531 165/831/7528 166/832/1532
f 1111/799/1534 166/832/7529 5/833/1534
f 1110/798/1536 1111/799/7530 92/834/1537
f 1109/797/1539 1110/798/7531 93/835/1539
f 1108/796/1541 1109/797/7532 94/836/1541
f 1107/795/1542 1108/796/7533 95/837/1542
f 1106/794/1544 1107/795/7534 96/838/1545
f 1105/792/1547 1106/794/7535 97/839/1547
f 1104/793/1549 1105/792/7536 98/840/1550
f 1104/793/1552 99/841/7537 100/842/1553
f 1103/791/1555 100/842/7538 101/843/1555
f 1102/790/1557 101/843/7539 102/844/1558
f 1101/789/1560 102/844/7540 103/845/1560
f 1100/788/1562 103/845/1562 104/846/1562
f 1099/787/1564 104/846/7541 105/847/1564
f 1098/786/1566 105/847/7542 106/848/1567
f 1097/785/1569 106/848/7543 6/849/1569
f 1082/770/1571 1097/785/7544 17/850/1572
f 1067/755/1574 1082/770/7545 18/851/1574
f 1052/740/1576 1067/755/7546 19/852/1576
f 1037/725/1577 1052/740/7547 20/853/1577
f 1022/710/1579 1037/725/7548 21/854/1580
f 1007/695/1582 1022/710/7549 22/855/1582
f 992/681/1584 1007/695/7550 23/856/1585
f 25/858/1587 977/666/7551 992/681/1588
f 26/859/1590 962/651/7552 977/666/1590
f 27/860/1592 947/636/7553 962/651/1593
f 28/861/1595 932/621/7554 947/636/1595
f 29/862/1597 917/606/7555 932/621/1597
f 30/863/1598 902/578/7556 917/606/1598
f 31/801/1600 887/576/7557 902/578/1601
f 1112/864/1603 1113/867/7558 1128/865/1603
f 1113/867/1605 1114/869/7559 1129/868/1605
f 1114/869/1607 1115/871/1607 1130/870/1607
f 1115/871/1608 1116/873/7560 1131/872/1608
f 1116/873/1610 1117/875/7561 1132/874/1610
f 1117/875/1612 1118/877/7562 1133/876/1612
f 1118/877/1614 1119/879/7563 1134/878/1614
f 1119/879/1616 1120/881/7564 1135/880/1616
f 1120/881/1618 1121/883/7565 1136/882/1618
f 1121/883/1620 1122/885/7566 1137/884/1620
f 1122/885/1622 1123/887/7567 1138/886/1622
f 1123/887/1624 1124/889/1624 1139/888/1624
f 1124/889/1626 1125/892/7568 1140/890/1626
f 1126/891/1627 1141/907/2055 1140/890/1628
f 1127/866/1629 1128/865/7569 1143/893/1630
f 1128/865/1632 1129/868/7570 1144/895/1632
f 1129/868/1634 1130/870/1634 1145/896/1634
f 1130/870/1636 1131/872/7571 1146/897/1636
f 1131/872/1638 1132/874/7572 1147/898/1638
f 1132/874/1640 1133/876/7573 1148/899/1641
f 1133/876/1643 1134/878/7574 1149/900/1644
f 1134/878/1646 1135/880/7575 1150/901/1646
f 1135/880/1648 1136/882/7576 1151/902/1648
f 1136/882/1650 1137/884/7577 1152/903/1650
f 1137/884/1652 1138/886/7578 1153/904/1652
f 1138/886/1654 1139/888/1654 1154/905/1654
f 1139/888/1656 1140/890/7579 1155/906/1656
f 1141/907/1657 1156/922/1657 1155/906/1658
f 1142/894/1659 1143/893/7580 1158/908/1660
f 1143/893/1662 1144/895/7581 1159/910/1662
f 1144/895/1664 1145/896/7582 1160/911/1664
f 1145/896/1666 1146/897/7583 1161/912/1667
f 1146/897/1669 1147/898/7584 1162/913/1670
f 1147/898/1672 1148/899/7585 1163/914/1673
f 1148/899/1675 1149/900/7586 1164/915/1675
f 1149/900/1677 1150/901/7587 1165/916/1678
f 1150/901/1680 1151/902/7588 1166/917/1680
f 1151/902/1682 1152/903/7589 1167/918/1682
f 1152/903/1684 1153/904/7590 1168/919/1684
f 1153/904/1686 1154/905/1686 1169/920/1686
f 1154/905/1688 1155/906/1688 1170/921/1688
f 1156/922/1689 1171/937/1689 1170/921/1690
f 1157/909/1691 1158/908/7591 1173/923/1691
f 1158/908/1693 1159/910/7592 1174/925/1693
f 1159/910/1695 1160/911/7593 1175/926/1696
f 1160/911/1698 1161/912/7594 1176/927/1699
f 1161/912/1701 1162/913/7595 1177/928/1702
f 1162/913/1704 1163/914/7596 1178/929/1705
f 1163/914/1707 1164/915/7597 1179/930/1708
f 1164/915/1710 1165/916/7598 1180/931/1710
f 1165/916/1712 1166/917/7599 1181/932/1712
f 1166/917/1714 1167/918/7600 1182/933/1714
f 1167/918/1716 1168/919/7601 1183/934/1716
f 1168/919/1718 1169/920/7602 1184/935/1719
f 1169/920/1720 1170/921/1720 1185/936/1720
f 1171/937/1721 1186/952/1721 1185/936/1722
f 1172/924/1723 1173/923/7603 1188/938/1724
f 1173/923/1726 1174/925/7604 1189/940/1726
f 1174/925/1728 1175/926/7605 1190/941/1729
f 1175/926/1731 1176/927/7606 1191/942/1732
f 1176/927/1734 1177/928/7607 1192/943/1735
f 1177/928/1737 1178/929/7608 1193/944/1737
f 1178/929/1739 1179/930/7609 1194/945/1739
f 1179/930/1741 1180/931/7610 1195/946/1742
f 1180/931/1744 1181/932/7611 1196/947/1744
f 1181/932/1746 1182/933/7612 1197/948/1746
f 1182/933/1748 1183/934/7613 1198/949/1748
f 1183/934/1750 1184/935/7614 1199/950/1750
f 1184/935/1751 1185/936/1751 1200/951/1751
f 1186/952/1753 1201/967/1753 1200/951/1754
f 1187/939/1755 1188/938/7615 1203/953/1756
f 1188/938/1758 1189/940/7616 1204/955/1759
f 1189/940/1761 1190/941/7617 1205/956/1762
f 1190/941/1764 1191/942/7618 1206/957/1764
f 1191/942/1766 1192/943/7619 1207/958/1766
f 1192/943/1768 1193/944/7620 1208/959/1769
f 1193/944/1771 1194/945/7621 1209/960/1771
f 1194/945/1773 1195/946/7622 1210/961/1773
f 1195/946/1775 1196/947/7623 1211/962/1775
f 1196/947/1777 1197/948/7624 1212/963/1777
f 1197/948/1779 1198/949/7625 1213/964/1779
f 1198/949/1781 1199/950/1781 1214/965/1781
f 1199/950/1783 1200/951/7626 1215/966/1784
f 1201/967/1785 1216/982/1785 1215/966/1786
f 1202/954/1787 1203/953/7627 1218/968/1787
f 1203/953/1789 1204/955/7628 1219/970/1789
f 1204/955/1791 1205/956/7629 1220/971/1791
f 1205/956/1793 1206/957/7630 1221/972/1794
f 1206/957/1796 1207/958/7631 1222/973/1796
f 1207/958/1798 1208/959/7632 1223/974/1799
f 1208/959/1801 1209/960/7633 1224/975/1801
f 1209/960/1803 1210/961/7634 1225/976/1803
f 1210/961/1805 1211/962/7635 1226/977/1805
f 1211/962/1807 1212/963/7636 1227/978/1807
f 1212/963/1809 1213/964/7637 1228/979/1809
f 1213/964/1810 1214/965/1810 1229/980/1810
f 1214/965/1811 1215/966/1811 1230/981/1811
f 1216/982/1812 1231/1113/1812 1230/981/1813
f 1218/968/1814 1233/984/7638 1232/983/1814
f 1219/970/1816 1234/985/7639 1233/984/1816
f 1220/971/1818 1235/986/7640 1234/985/1818
f 1221/972/1820 1236/987/7641 1235/986/1821
f 1222/973/1823 1237/988/7642 1236/987/1823
f 1223/974/1825 1238/989/7643 1237/988/1826
f 1224/975/1828 1239/990/7644 1238/989/1828
f 1225/976/1830 1240/991/7645 1239/990/1830
f 1226/977/1832 1241/992/7646 1240/991/1832
f 1227/978/1834 1242/993/7647 1241/992/1834
f 1228/979/1836 1243/994/7648 1242/993/1836
f 1229/980/1837 1244/995/1837 1243/994/1837
f 1230/981/1838 1245/997/1838 1244/995/1838
f 1230/981/1839 1231/1113/1840 1246/996/1840
f 1233/984/1841 1248/999/7649 1247/998/1842
f 1234/985/1844 1249/1000/7650 1248/999/1844
f 1235/986/1846 1250/1001/7651 1249/1000/1847
f 1236/987/1849 1251/1002/7652 1250/1001/1849
f 1237/988/1851 1252/1003/7653 1251/1002/1851
f 1238/989/1853 1253/1004/7654 1252/1003/1854
f 1239/990/1856 1254/1005/7655 1253/1004/1856
f 1240/991/1858 1255/1006/7656 1254/1005/1858
f 1241/992/1860 1256/1007/7657 1255/1006/1860
f 1242/993/1862 1257/1008/7658 1256/1007/1862
f 1243/994/1864 1258/1009/7659 1257/1008/1864
f 1244/995/1866 1259/1010/1866 1258/1009/1866
f 1245/997/1868 1260/1012/7660 1259/1010/1869
f 1245/997/1870 1246/996/1871 1261/1011/1871
f 1248/999/1872 1263/1014/7661 1262/1013/1872
f 1249/1000/1874 1264/1015/7662 1263/1014/1874
f 1250/1001/1876 1265/1016/7663 1264/1015/1877
f 1251/1002/1879 1266/1017/7664 1265/1016/1880
f 1252/1003/1882 1267/1018/7665 1266/1017/1883
f 1253/1004/1885 1268/1019/7666 1267/1018/1885
f 1254/1005/1887 1269/1020/7667 1268/1019/1887
f 1255/1006/1889 1270/1021/7668 1269/1020/1889
f 1256/1007/1891 1271/1022/7669 1270/1021/1891
f 1257/1008/1893 1272/1023/7670 1271/1022/1893
f 1258/1009/1895 1273/1024/7671 1272/1023/1895
f 1259/1010/1897 1274/1025/7672 1273/1024/1897
f 1260/1012/1898 1275/1027/1898 1274/1025/1898
f 1260/1012/1900 1261/1011/1901 1276/1026/1901
f 1263/1014/1902 1278/1029/7673 1277/1028/1902
f 1264/1015/1904 1279/1030/7674 1278/1029/1904
f 1265/1016/1906 1280/1031/7675 1279/1030/1907
f 1266/1017/1909 1281/1032/7676 1280/1031/1910
f 1267/1018/1912 1282/1033/7677 1281/1032/1913
f 1268/1019/1915 1283/1034/7678 1282/1033/1916
f 1269/1020/1918 1284/1035/7679 1283/1034/1919
f 1270/1021/1921 1285/1036/7680 1284/1035/1921
f 1271/1022/1923 1286/1037/7681 1285/1036/1923
f 1272/1023/1925 1287/1038/7682 1286/1037/1925
f 1273/1024/1927 1288/1039/7683 1287/1038/1927
f 1274/1025/1929 1289/1040/7684 1288/1039/1930
f 1275/1027/1931 1290/1042/7685 1289/1040/1931
f 1275/1027/1932 1276/1026/1933 1291/1041/1933
f 1278/1029/1934 1293/1044/7686 1292/1043/1935
f 1279/1030/1937 1294/1045/7687 1293/1044/1937
f 1280/1031/1939 1295/1046/7688 1294/1045/1939
f 1281/1032/1941 1296/1047/7689 1295/1046/1942
f 1282/1033/1944 1297/1048/7690 1296/1047/1945
f 1283/1034/1947 1298/1049/7691 1297/1048/1948
f 1284/1035/1950 1299/1050/7692 1298/1049/1950
f 1285/1036/1952 1300/1051/7693 1299/1050/1953
f 1286/1037/1955 1301/1052/7694 1300/1051/1955
f 1287/1038/1957 1302/1053/7695 1301/1052/1957
f 1288/1039/1959 1303/1054/7696 1302/1053/1959
f 1289/1040/1961 1304/1055/1961 1303/1054/1961
f 1290/1042/1963 1305/1057/1963 1304/1055/1963
f 1290/1042/1964 1291/1041/1965 1306/1056/1965
f 1293/1044/1967 1308/1059/7697 1307/1058/1968
f 1294/1045/1970 1309/1060/7698 1308/1059/1970
f 1295/1046/1972 1310/1061/1972 1309/1060/1972
f 1296/1047/1974 1311/1062/7699 1310/1061/1974
f 1297/1048/1976 1312/1063/7700 1311/1062/1976
f 1298/1049/1978 1313/1064/7701 1312/1063/1978
f 1299/1050/1980 1314/1065/7702 1313/1064/1980
f 1300/1051/1982 1315/1066/7703 1314/1065/1982
f 1301/1052/1984 1316/1067/7704 1315/1066/1984
f 1302/1053/1986 1317/1068/7705 1316/1067/1986
f 1303/1054/1988 1318/1069/7706 1317/1068/1988
f 1304/1055/1990 1319/1070/1990 1318/1069/1990
f 1305/1057/1992 1320/1072/7707 1319/1070/1992
f 1305/1057/1993 1306/1056/1994 1321/1071/1994
f 1308/1059/1995 1323/1074/7708 1322/1073/1995
f 1309/1060/1997 1324/1075/7709 1323/1074/1997
f 1310/1061/1999 1325/1076/1999 1324/1075/1999
f 1311/1062/2000 1326/1077/7710 1325/1076/2000
f 1312/1063/2002 1327/1078/7711 1326/1077/2002
f 1313/1064/2004 1328/1079/7712 1327/1078/2005
f 1314/1065/2007 1329/1080/7713 1328/1079/2007
f 1315/1066/2009 1330/1081/7714 1329/1080/2009
f 1316/1067/2011 1331/1082/7715 1330/1081/2011
f 1317/1068/2013 1332/1083/7716 1331/1082/2013
f 1318/1069/2015 1333/1084/7717 1332/1083/2015
f 1319/1070/2017 1334/1085/2017 1333/1084/2017
f 1320/1072/2019 1335/1087/7718 1334/1085/2019
f 1320/1072/2020 1321/1071/2068 1336/1086/2021
f 6/1088/2022 46/1090/7719 1112/864/2022
f 46/1090/2024 45/1091/7720 1113/867/2025
f 45/1091/2027 44/1092/7721 1114/869/2027
f 44/1092/2029 43/1093/2029 1115/871/2029
f 43/1093/2031 42/1094/7722 1116/873/2031
f 42/1094/2033 41/1095/7723 1117/875/2033
f 41/1095/2035 40/1096/7724 1118/877/2036
f 40/1096/2038 39/1097/7725 1119/879/2038
f 39/1097/2040 38/1098/7726 1120/881/2040
f 38/1098/2042 37/1099/7727 1121/883/2042
f 37/1099/2044 36/1100/7728 1122/885/2044
f 36/1100/2046 35/1101/7729 1123/887/2046
f 35/1101/2047 34/1102/2047 1124/889/2047
f 34/1102/2049 33/1104/2049 1125/892/2049
f 32/1103/2050 1126/891/2050 1125/892/2051
f 2/1105/2053 196/1106/2053 1126/891/2050
f 196/1106/2054 195/1107/2054 1141/907/2055
f 195/1107/2056 194/1108/2056 1156/922/1657
f 194/1108/2057 193/1109/2057 1171/937/1689
f 193/1109/2058 192/1110/2058 1186/952/1721
f 192/1110/2059 191/1111/2059 1201/967/1753
f 191/1111/2060 190/1112/2060 1216/982/1785
f 190/1112/2061 189/3349/2061 1231/1113/1812
f 1231/1113/1840 189/3349/2062 188/1114/2062
f 1246/996/1871 188/1114/2063 187/1115/2063
f 1261/1011/1901 187/1115/2064 186/1116/2064
f 1276/1026/1933 186/1116/2065 185/1117/2065
f 1291/1041/1965 185/1117/2066 184/1118/2066
f 1306/1056/1994 184/1118/2067 183/1119/2067
f 1321/1071/2068 183/1119/2069 182/1120/2069
f 1336/1086/2070 182/1120/2071 4/513/2071
f 1335/1087/2072 1336/1086/2070 151/1121/2070
f 1335/1087/2074 150/1122/2074 149/1123/2074
f 1334/1085/2075 149/1123/2075 148/1124/2075
f 1333/1084/2077 148/1124/7730 147/1125/2077
f 1332/1083/2078 147/1125/7731 146/1126/2078
f 1331/1082/2080 146/1126/7732 145/1127/2080
f 1330/1081/2082 145/1127/7733 144/1128/2082
f 1329/1080/2084 144/1128/7734 143/1129/2084
f 1328/1079/2086 143/1129/7735 142/1130/2087
f 1327/1078/2089 142/1130/7736 141/1131/2089
f 1326/1077/2091 141/1131/7737 140/1132/2091
f 1325/1076/2093 140/1132/2093 139/1133/2093
f 1324/1075/2095 139/1133/7738 138/1134/2095
f 1323/1074/2097 138/1134/7739 137/1135/2098
f 1322/1073/2100 137/1135/7740 8/1136/2100
f 1307/1058/2102 1322/1073/7741 31/1137/2103
f 1292/1043/2105 1307/1058/7742 30/1138/2105
f 1277/1028/2107 1292/1043/7743 29/1139/2107
f 1262/1013/2109 1277/1028/7744 28/1140/2109
f 1247/998/2111 1262/1013/7745 27/1141/2111
f 1232/983/2113 1247/998/7746 26/1142/2113
f 1217/969/2115 1232/983/7747 25/1143/2115
f 23/1145/2117 1202/954/7748 1217/969/2117
f 22/1146/2119 1187/939/7749 1202/954/2119
f 21/1147/2121 1172/924/7750 1187/939/2121
f 20/1148/2123 1157/909/7751 1172/924/2123
f 19/1149/2125 1142/894/7752 1157/909/2125
f 18/1150/2127 1127/866/7753 1142/894/2127
f 17/1089/2129 1112/864/7754 1127/866/2130
f 1337/1151/2132 1338/1154/7755 1353/1152/2132
f 1338/1154/2134 1339/1156/7756 1354/1155/2135
f 1339/1156/2137 1340/1158/7757 1355/1157/2138
f 1340/1158/2140 1341/1160/7758 1356/1159/2140
f 1341/1160/2142 1342/1162/7759 1357/1161/2143
f 1342/1162/2145 1343/1164/7760 1358/1163/2146
f 1343/1164/2148 1344/1167/7761 1359/1165/2148
f 1345/1166/2150 1360/1169/7762 1359/1165/2150
f 1346/1168/2152 1361/1171/7763 1360/1169/2153
f 1347/1170/2155 1362/1173/7764 1361/1171/2156
f 1348/1172/2158 1363/1175/7765 1362/1173/2158
f 1349/1174/2160 1364/1177/7766 1363/1175/2161
f 1350/1176/2163 1365/1179/7767 1364/1177/2164
f 1351/1178/2166 1366/1193/7768 1365/1179/2166
f 1352/1153/2168 1353/1152/7769 1368/1180/2168
f 1353/1152/2170 1354/1155/7770 1369/1182/2170
f 1354/1155/2172 1355/1157/7771 1370/1183/2172
f 1355/1157/2174 1356/1159/7772 1371/1184/2174
f 1356/1159/2176 1357/1161/7773 1372/1185/2176
f 1357/1161/2178 1358/1163/7774 1373/1186/2179
f 1358/1163/2181 1359/1165/7775 1374/1187/2181
f 1360/1169/2183 1375/1188/7776 1374/1187/2183
f 1361/1171/2185 1376/1189/7777 1375/1188/2186
f 1362/1173/2188 1377/1190/7778 1376/1189/2188
f 1363/1175/2190 1378/1191/7779 1377/1190/2190
f 1364/1177/2192 1379/1192/7780 1378/1191/2192
f 1365/1179/2194 1380/1194/7781 1379/1192/2194
f 1366/1193/2196 1381/1208/7782 1380/1194/2196
f 1367/1181/2198 1368/1180/2198 1383/1195/2198
f 1368/1180/2199 1369/1182/2199 1384/1197/2199
f 1369/1182/2200 1370/1183/7783 1385/1198/2200
f 1370/1183/2202 1371/1184/7784 1386/1199/2203
f 1371/1184/2205 1372/1185/7785 1387/1200/2206
f 1372/1185/2208 1373/1186/7786 1388/1201/2209
f 1373/1186/2211 1374/1187/7787 1389/1202/2211
f 1375/1188/2213 1390/1203/7788 1389/1202/2213
f 1376/1189/2215 1391/1204/7789 1390/1203/2216
f 1377/1190/2218 1392/1205/7790 1391/1204/2219
f 1378/1191/2221 1393/1206/7791 1392/1205/2222
f 1379/1192/2224 1394/1207/7792 1393/1206/2224
f 1380/1194/2226 1395/1209/2226 1394/1207/2226
f 1381/1208/2227 1396/1223/2227 1395/1209/2227
f 1382/1196/2228 1383/1195/7793 1398/1210/2228
f 1383/1195/2230 1384/1197/7794 1399/1212/2230
f 1384/1197/2232 1385/1198/7795 1400/1213/2233
f 1385/1198/2235 1386/1199/7796 1401/1214/2236
f 1386/1199/2238 1387/1200/7797 1402/1215/2239
f 1387/1200/2241 1388/1201/7798 1403/1216/2241
f 1388/1201/2243 1389/1202/7799 1404/1217/2244
f 1390/1203/2246 1405/1218/7800 1404/1217/2247
f 1391/1204/2249 1406/1219/7801 1405/1218/2249
f 1392/1205/2251 1407/1220/7802 1406/1219/2252
f 1393/1206/2254 1408/1221/7803 1407/1220/2255
f 1394/1207/2257 1409/1222/7804 1408/1221/2258
f 1395/1209/2260 1410/1224/7805 1409/1222/2260
f 1396/1223/2262 1411/1238/7806 1410/1224/2262
f 1397/1211/2264 1398/1210/7807 1413/1225/2264
f 1398/1210/2266 1399/1212/7808 1414/1227/2266
f 1399/1212/2268 1400/1213/7809 1415/1228/2269
f 1400/1213/2271 1401/1214/7810 1416/1229/2272
f 1401/1214/2274 1402/1215/7811 1417/1230/2275
f 1402/1215/2277 1403/1216/7812 1418/1231/2277
f 1403/1216/2279 1404/1217/7813 1419/1232/2279
f 1405/1218/2281 1420/1233/7814 1419/1232/2281
f 1406/1219/2283 1421/1234/7815 1420/1233/2283
f 1407/1220/2285 1422/1235/7816 1421/1234/2286
f 1408/1221/2288 1423/1236/7817 1422/1235/2289
f 1409/1222/2291 1424/1237/7818 1423/1236/2292
f 1410/1224/2294 1425/1239/7819 1424/1237/2294
f 1411/1238/2296 1426/1253/7820 1425/1239/2296
f 1412/1226/2298 1413/1225/7821 1428/1240/2298
f 1413/1225/2300 1414/1227/7822 1429/1242/2301
f 1414/1227/2303 1415/1228/7823 1430/1243/2304
f 1415/1228/2306 1416/1229/7824 1431/1244/2307
f 1416/1229/2309 1417/1230/7825 1432/1245/2309
f 1417/1230/2311 1418/1231/7826 1433/1246/2312
f 1418/1231/2314 1419/1232/7827 1434/1247/2315
f 1420/1233/2317 1435/1248/7828 1434/1247/2318
f 1421/1234/2320 1436/1249/7829 1435/1248/2321
f 1422/1235/2323 1437/1250/7830 1436/1249/2323
f 1423/1236/2325 1438/1251/7831 1437/1250/2326
f 1424/1237/2328 1439/1252/7832 1438/1251/2329
f 1425/1239/2331 1440/1254/7833 1439/1252/2332
f 1426/1253/2334 1441/1268/7834 1440/1254/2334
f 1427/1241/2336 1428/1240/7835 1443/1255/2336
f 1428/1240/2338 1429/1242/7836 1444/1257/2339
f 1429/1242/2341 1430/1243/7837 1445/1258/2341
f 1430/1243/2343 1431/1244/7838 1446/1259/2344
f 1431/1244/2346 1432/1245/7839 1447/1260/2346
f 1432/1245/2348 1433/1246/7840 1448/1261/2348
f 1433/1246/2350 1434/1247/7841 1449/1262/2350
f 1435/1248/2352 1450/1263/7842 1449/1262/2352
f 1436/1249/2354 1451/1264/7843 1450/1263/2354
f 1437/1250/2356 1452/1265/7844 1451/1264/2356
f 1438/1251/2358 1453/1266/7845 1452/1265/2359
f 1439/1252/2361 1454/1267/7846 1453/1266/2361
f 1440/1254/2363 1455/1269/7847 1454/1267/2364
f 1441/1268/2366 1456/1283/7848 1455/1269/2366
f 1442/1256/2368 1443/1255/7849 1458/1270/2368
f 1443/1255/2370 1444/1257/7850 1459/1272/2370
f 1444/1257/2372 1445/1258/7851 1460/1273/2373
f 1445/1258/2375 1446/1259/7852 1461/1274/2375
f 1446/1259/2377 1447/1260/7853 1462/1275/2377
f 1447/1260/2379 1448/1261/7854 1463/1276/2379
f 1448/1261/2381 1449/1262/7855 1464/1277/2381
f 1450/1263/2383 1465/1278/7856 1464/1277/2383
f 1451/1264/2385 1466/1279/7857 1465/1278/2385
f 1452/1265/2387 1467/1280/7858 1466/1279/2388
f 1453/1266/2390 1468/1281/7859 1467/1280/2390
f 1454/1267/2392 1469/1282/7860 1468/1281/2393
f 1455/1269/2395 1470/1284/7861 1469/1282/2395
f 1456/1283/2397 1471/1298/7862 1470/1284/2397
f 1457/1271/2399 1458/1270/7863 1473/1285/2399
f 1458/1270/2401 1459/1272/7864 1474/1287/2401
f 1459/1272/2403 1460/1273/7865 1475/1288/2403
f 1460/1273/2405 1461/1274/7866 1476/1289/2405
f 1461/1274/2407 1462/1275/7867 1477/1290/2407
f 1462/1275/2409 1463/1276/7868 1478/1291/2409
f 1463/1276/2411 1464/1277/7869 1479/1292/2411
f 1465/1278/2413 1480/1293/7870 1479/1292/2413
f 1466/1279/2415 1481/1294/7871 1480/1293/2415
f 1467/1280/2417 1482/1295/7872 1481/1294/2417
f 1468/1281/2419 1483/1296/7873 1482/1295/2419
f 1469/1282/2421 1484/1297/7874 1483/1296/2421
f 1470/1284/2423 1485/1299/7875 1484/1297/2423
f 1471/1298/2425 1486/1313/7876 1485/1299/2425
f 1472/1286/2427 1473/1285/7877 1488/1300/2427
f 1473/1285/2429 1474/1287/7878 1489/1302/2429
f 1474/1287/2431 1475/1288/7879 1490/1303/2431
f 1475/1288/2433 1476/1289/7880 1491/1304/2433
f 1476/1289/2435 1477/1290/7881 1492/1305/2435
f 1477/1290/2437 1478/1291/7882 1493/1306/2437
f 1478/1291/2439 1479/1292/7883 1494/1307/2439
f 1480/1293/2441 1495/1308/7884 1494/1307/2441
f 1481/1294/2443 1496/1309/7885 1495/1308/2443
f 1482/1295/2445 1497/1310/7886 1496/1309/2445
f 1483/1296/2447 1498/1311/7887 1497/1310/2447
f 1484/1297/2449 1499/1312/7888 1498/1311/2449
f 1485/1299/2451 1500/1314/7889 1499/1312/2451
f 1486/1313/2453 1501/1328/7890 1500/1314/2453
f 1487/1301/2455 1488/1300/7891 1503/1315/2455
f 1488/1300/2457 1489/1302/7892 1504/1317/2457
f 1489/1302/2459 1490/1303/7893 1505/1318/2459
f 1490/1303/2461 1491/1304/7894 1506/1319/2461
f 1491/1304/2463 1492/1305/7895 1507/1320/2463
f 1492/1305/2465 1493/1306/7896 1508/1321/2465
f 1493/1306/2467 1494/1307/2467 1509/1322/2467
f 1495/1308/2469 1510/1323/7897 1509/1322/2469
f 1496/1309/2470 1511/1324/7898 1510/1323/2470
f 1497/1310/2472 1512/1325/7899 1511/1324/2472
f 1498/1311/2474 1513/1326/7900 1512/1325/2474
f 1499/1312/2476 1514/1327/7901 1513/1326/2476
f 1500/1314/2478 1515/1329/7902 1514/1327/2478
f 1501/1328/2480 1516/1343/7903 1515/1329/2480
f 1502/1316/2482 1503/1315/7904 1518/1330/2482
f 1503/1315/2483 1504/1317/7905 1519/1332/2483
f 1504/1317/2484 1505/1318/7906 1520/1333/2484
f 1505/1318/2485 1506/1319/2486 1521/1334/2486
f 1506/1319/2488 1507/1320/2488 1522/1335/2488
f 1507/1320/2490 1508/1321/7907 1523/1336/2490
f 1508/1321/2491 1509/1322/2491 1524/1337/2491
f 1510/1323/2492 1525/1338/2492 1524/1337/2492
f 1511/1324/2493 1526/1339/2493 1525/1338/2493
f 1512/1325/2495 1527/1340/7908 1526/1339/2495
f 1513/1326/2496 1528/1341/7909 1527/1340/2497
f 1514/1327/2498 1529/1342/2498 1528/1341/2498
f 1515/1329/2500 1530/1344/2500 1529/1342/2500
f 1516/1343/2502 1531/1358/2502 1530/1344/2502
f 1517/1331/2504 1518/1330/2504 1533/1345/2504
f 1518/1330/2506 1519/1332/2506 1534/1347/2506
f 1519/1332/2508 1520/1333/2508 1535/1348/2508
f 1520/1333/2509 1521/1334/2509 1536/1349/2509
f 1521/1334/2510 1522/1335/7910 1537/1350/2510
f 1522/1335/2511 1523/1336/2512 1538/1351/2512
f 1523/1336/2514 1524/1337/2514 1539/1352/2514
f 1525/1338/2515 1540/1353/2515 1539/1352/2515
f 1526/1339/2516 1541/1354/7911 1540/1353/2517
f 1527/1340/2518 1542/1355/2518 1541/1354/2518
f 1528/1341/2520 1543/1356/2520 1542/1355/2520
f 1529/1342/2521 1544/1357/2521 1543/1356/2521
f 1530/1344/2522 1545/1359/7912 1544/1357/2522
f 1531/1358/2523 1546/1389/7913 1545/1359/2523
f 1533/1345/2524 1548/1361/2630 1547/1360/2525
f 1534/1347/2527 1549/1362/2528 1548/1361/2528
f 1535/1348/2529 1550/1363/2530 1549/1362/2530
f 1536/1349/2531 1551/1364/2532 1550/1363/2532
f 1537/1350/2533 1552/1365/2534 1551/1364/2534
f 1538/1351/2535 1553/1366/2536 1552/1365/2536
f 1539/1352/2537 1554/1368/2538 1553/1366/2538
f 1539/1352/2539 1540/1353/2539 1555/1367/2540
f 1540/1353/2541 1541/1354/2541 1556/1369/2542
f 1541/1354/2543 1542/1355/2543 1557/1370/2544
f 1542/1355/2545 1543/1356/2545 1558/1371/2546
f 1543/1356/2547 1544/1357/2547 1559/1372/2548
f 1544/1357/2549 1545/1359/2549 1560/1373/2550
f 1545/1359/2551 1546/1389/7914 1561/1374/2552
f 6/849/2554 106/848/7915 1337/1151/2554
f 106/848/2556 105/847/7916 1338/1154/2557
f 105/847/2559 104/846/7917 1339/1156/2559
f 104/846/2561 103/845/7918 1340/1158/2561
f 103/845/2563 102/844/7919 1341/1160/2563
f 102/844/2565 101/843/7920 1342/1162/2565
f 101/843/2567 100/842/7921 1343/1164/2567
f 100/842/2569 99/841/7922 1344/1167/2569
f 98/840/2571 1345/1166/7923 1344/1167/2571
f 97/839/2573 1346/1168/7924 1345/1166/2573
f 96/838/2575 1347/1170/7925 1346/1168/2575
f 95/837/2577 1348/1172/7926 1347/1170/2577
f 94/836/2579 1349/1174/7927 1348/1172/2579
f 93/835/2581 1350/1176/7928 1349/1174/2581
f 92/834/2583 1351/1178/7929 1350/1176/2584
f 5/833/2586 167/1376/7930 1351/1178/2586
f 167/1376/2588 168/1377/7931 1366/1193/2589
f 168/1377/2591 169/1378/7932 1381/1208/2591
f 169/1378/2593 170/1379/2593 1396/1223/2593
f 170/1379/2595 171/1380/7933 1411/1238/2595
f 171/1380/2597 172/1381/7934 1426/1253/2597
f 172/1381/2599 173/1382/7935 1441/1268/2600
f 173/1382/2602 174/1383/7936 1456/1283/2602
f 174/1383/2604 175/1384/7937 1471/1298/2604
f 175/1384/2606 176/1385/7938 1486/1313/2606
f 176/1385/2608 177/1386/7939 1501/1328/2608
f 177/1386/2610 178/1387/7940 1516/1343/2610
f 178/1387/2611 179/1388/2611 1531/1358/2611
f 179/1388/2613 180/2383/2613 1546/1389/2613
f 1546/1389/2614 180/2383/7941 181/1390/2615
f 1561/1374/2615 181/1390/2615 1/225/2616
f 1560/1373/2553 1561/1374/2552 47/1391/2617
f 1559/1372/2550 1560/1373/2550 48/1392/2618
f 1558/1371/2548 1559/1372/2548 49/1393/2619
f 1557/1370/2546 1558/1371/2546 50/1394/2620
f 1556/1369/2544 1557/1370/2544 51/1395/2621
f 1555/1367/2542 1556/1369/2542 52/1396/2622
f 1554/1368/2540 1555/1367/2540 53/1397/2623
f 1554/1368/2538 54/1398/2624 55/1399/2624
f 1553/1366/2536 55/1399/2625 56/1400/2625
f 1552/1365/2534 56/1400/2626 57/1401/2626
f 1551/1364/2532 57/1401/2627 58/1402/2627
f 1550/1363/2530 58/1402/2628 59/1403/2628
f 1549/1362/2528 59/1403/2629 60/1404/2629
f 1548/1361/2630 60/1404/2631 61/1405/2631
f 1547/1360/2632 61/1405/2633 2/1105/2633
f 1532/1346/2634 1547/1360/2632 32/1406/2632
f 34/1408/2636 1517/1331/2636 1532/1346/2636
f 35/1409/2637 1502/1316/7942 1517/1331/2637
f 36/1410/2638 1487/1301/2638 1502/1316/2638
f 37/1411/2640 1472/1286/7943 1487/1301/2640
f 38/1412/2642 1457/1271/7944 1472/1286/2642
f 39/1413/2644 1442/1256/7945 1457/1271/2644
f 40/1414/2646 1427/1241/7946 1442/1256/2646
f 41/1415/2648 1412/1226/7947 1427/1241/2649
f 42/1416/2651 1397/1211/7948 1412/1226/2651
f 43/1417/2653 1382/1196/7949 1397/1211/2653
f 44/1418/2655 1367/1181/7950 1382/1196/2655
f 45/1419/2656 1352/1153/7951 1367/1181/2656
f 46/1375/2658 1337/1151/7952 1352/1153/2659
f 1563/1420/2661 1578/1424/2692 1577/1421/2662
f 1564/1423/2663 1579/1426/2694 1578/1424/2664
f 1565/1425/2665 1580/1428/2666 1579/1426/2666
f 1566/1427/2667 1581/1430/2668 1580/1428/2668
f 1567/1429/2669 1582/1432/2698 1581/1430/2670
f 1568/1431/2671 1583/1434/2672 1582/1432/2672
f 1569/1433/2673 1584/1436/2674 1583/1434/2674
f 1569/1433/2675 1570/1437/2675 1585/1435/2676
f 1570/1437/2677 1571/1439/2677 1586/1438/2678
f 1571/1439/2679 1572/1441/2679 1587/1440/2680
f 1572/1441/2682 1573/1443/2682 1588/1442/2683
f 1573/1443/2684 1574/1445/3155 1589/1444/2685
f 1574/1445/2686 1575/1447/2686 1590/1446/2687
f 1575/1447/2689 1576/1658/2689 1591/1448/2690
f 1578/1424/2692 1593/1450/2714 1592/1449/2693
f 1579/1426/2694 1594/1451/2716 1593/1450/2695
f 1580/1428/2666 1595/1452/2718 1594/1451/2696
f 1581/1430/2668 1596/1453/2697 1595/1452/2697
f 1582/1432/2698 1597/1454/2721 1596/1453/2699
f 1583/1434/2672 1598/1455/2723 1597/1454/2700
f 1584/1436/2674 1599/1457/2701 1598/1455/2701
f 1584/1436/2676 1585/1435/2676 1600/1456/2702
f 1585/1435/2678 1586/1438/2678 1601/1458/2703
f 1586/1438/2681 1587/1440/2680 1602/1459/2705
f 1587/1440/2683 1588/1442/2683 1603/1460/2707
f 1588/1442/2685 1589/1444/2685 1604/1461/2708
f 1589/1444/2688 1590/1446/2687 1605/1462/2710
f 1590/1446/2691 1591/1448/2690 1606/1463/2712
f 1593/1450/2714 1608/1465/7953 1607/1464/2715
f 1594/1451/2716 1609/1466/7954 1608/1465/2717
f 1595/1452/2718 1610/1467/7955 1609/1466/2719
f 1596/1453/2697 1611/1468/7956 1610/1467/2720
f 1597/1454/2721 1612/1469/7957 1611/1468/2722
f 1598/1455/2723 1613/1470/7958 1612/1469/2724
f 1599/1457/2701 1614/1472/2725 1613/1470/2725
f 1599/1457/2702 1600/1456/2702 1615/1471/2726
f 1600/1456/2704 1601/1458/2703 1616/1473/2727
f 1601/1458/2706 1602/1459/2705 1617/1474/2729
f 1602/1459/2707 1603/1460/2707 1618/1475/2731
f 1603/1460/2709 1604/1461/2708 1619/1476/2733
f 1604/1461/2711 1605/1462/2710 1620/1477/2735
f 1605/1462/2713 1606/1463/2712 1621/1478/2737
f 1608/1465/2739 1623/1480/7959 1622/1479/2739
f 1609/1466/2741 1624/1481/7960 1623/1480/2741
f 1610/1467/2743 1625/1482/7961 1624/1481/2743
f 1611/1468/2745 1626/1483/7962 1625/1482/2745
f 1612/1469/2747 1627/1484/7963 1626/1483/2748
f 1613/1470/2750 1628/1485/7964 1627/1484/2750
f 1614/1472/2752 1629/1487/7965 1628/1485/2752
f 1614/1472/2753 1615/1471/2753 1630/1486/2753
f 1615/1471/2755 1616/1473/7966 1631/1488/2755
f 1616/1473/2757 1617/1474/7967 1632/1489/2758
f 1617/1474/2760 1618/1475/7968 1633/1490/2760
f 1618/1475/2762 1619/1476/7969 1634/1491/2762
f 1619/1476/2764 1620/1477/7970 1635/1492/2764
f 1620/1477/2766 1621/1478/7971 1636/1493/2766
f 1623/1480/2768 1638/1495/7972 1637/1494/2768
f 1624/1481/2770 1639/1496/7973 1638/1495/2770
f 1625/1482/2772 1640/1497/7974 1639/1496/2772
f 1626/1483/2774 1641/1498/7975 1640/1497/2774
f 1627/1484/2776 1642/1499/7976 1641/1498/2776
f 1628/1485/2778 1643/1500/7977 1642/1499/2778
f 1629/1487/2780 1644/1502/7978 1643/1500/2780
f 1629/1487/2782 1630/1486/7979 1645/1501/2782
f 1630/1486/2784 1631/1488/7980 1646/1503/2784
f 1631/1488/2786 1632/1489/7981 1647/1504/2786
f 1632/1489/2788 1633/1490/7982 1648/1505/2788
f 1633/1490/2790 1634/1491/7983 1649/1506/2790
f 1634/1491/2792 1635/1492/7984 1650/1507/2792
f 1635/1492/2794 1636/1493/7985 1651/1508/2794
f 1638/1495/2796 1653/1510/7986 1652/1509/2796
f 1639/1496/2798 1654/1511/7987 1653/1510/2798
f 1640/1497/2800 1655/1512/7988 1654/1511/2801
f 1641/1498/2803 1656/1513/7989 1655/1512/2803
f 1642/1499/2805 1657/1514/7990 1656/1513/2806
f 1643/1500/2808 1658/1515/7991 1657/1514/2809
f 1644/1502/2811 1659/1517/7992 1658/1515/2811
f 1644/1502/2813 1645/1501/7993 1660/1516/2813
f 1645/1501/2815 1646/1503/7994 1661/1518/2816
f 1646/1503/2818 1647/1504/7995 1662/1519/2819
f 1647/1504/2821 1648/1505/7996 1663/1520/2821
f 1648/1505/2823 1649/1506/7997 1664/1521/2824
f 1649/1506/2826 1650/1507/7998 1665/1522/2826
f 1650/1507/2828 1651/1508/7999 1666/1523/2828
f 1653/1510/2830 1668/1525/8000 1667/1524/2831
f 1654/1511/2833 1669/1526/8001 1668/1525/2834
f 1655/1512/2836 1670/1527/8002 1669/1526/2837
f 1656/1513/2839 1671/1528/8003 1670/1527/2840
f 1657/1514/2842 1672/1529/8004 1671/1528/2843
f 1658/1515/2845 1673/1530/8005 1672/1529/2846
f 1659/1517/2848 1674/1532/8006 1673/1530/2848
f 1659/1517/2850 1660/1516/8007 1675/1531/2850
f 1660/1516/2852 1661/1518/8008 1676/1533/2853
f 1661/1518/2855 1662/1519/8009 1677/1534/2856
f 1662/1519/2858 1663/1520/8010 1678/1535/2859
f 1663/1520/2861 1664/1521/8011 1679/1536/2862
f 1664/1521/2864 1665/1522/8012 1680/1537/2865
f 1665/1522/2867 1666/1523/8013 1681/1538/2868
f 1668/1525/2870 1683/1540/8014 1682/1539/2871
f 1669/1526/2873 1684/1541/8015 1683/1540/2874
f 1670/1527/2876 1685/1542/8016 1684/1541/2876
f 1671/1528/2878 1686/1543/8017 1685/1542/2879
f 1672/1529/2881 1687/1544/8018 1686/1543/2882
f 1673/1530/2884 1688/1545/8019 1687/1544/2885
f 1674/1532/2887 1689/1547/8020 1688/1545/2888
f 1674/1532/2890 1675/1531/8021 1690/1546/2891
f 1675/1531/2893 1676/1533/8022 1691/1548/2894
f 1676/1533/2896 1677/1534/8023 1692/1549/2897
f 1677/1534/2899 1678/1535/8024 1693/1550/2900
f 1678/1535/2902 1679/1536/8025 1694/1551/2902
f 1679/1536/2904 1680/1537/8026 1695/1552/2905
f 1680/1537/2907 1681/1538/8027 1696/1553/2908
f 1683/1540/2910 1698/1555/8028 1697/1554/2911
f 1684/1541/2913 1699/1556/8029 1698/1555/2914
f 1685/1542/2916 1700/1557/8030 1699/1556/2917
f 1686/1543/2919 1701/1558/8031 1700/1557/2920
f 1687/1544/2922 1702/1559/8032 1701/1558/2923
f 1688/1545/2925 1703/1560/8033 1702/1559/2926
f 1689/1547/2928 1704/1562/8034 1703/1560/2929
f 1689/1547/2931 1690/1546/8035 1705/1561/2932
f 1690/1546/2934 1691/1548/8036 1706/1563/2935
f 1691/1548/2937 1692/1549/8037 1707/1564/2938
f 1692/1549/2940 1693/1550/8038 1708/1565/2941
f 1693/1550/2943 1694/1551/8039 1709/1566/2944
f 1694/1551/2946 1695/1552/8040 1710/1567/2947
f 1695/1552/2949 1696/1553/8041 1711/1568/2950
f 1698/1555/2952 1713/1570/8042 1712/1569/2952
f 1699/1556/2954 1714/1571/8043 1713/1570/2955
f 1700/1557/2957 1715/1572/8044 1714/1571/2958
f 1701/1558/2960 1716/1573/8045 1715/1572/2961
f 1702/1559/2963 1717/1574/8046 1716/1573/2964
f 1703/1560/2966 1718/1575/8047 1717/1574/2967
f 1704/1562/2969 1719/1577/8048 1718/1575/2970
f 1704/1562/2972 1705/1561/8049 1720/1576/2973
f 1705/1561/2975 1706/1563/8050 1721/1578/2976
f 1706/1563/2978 1707/1564/8051 1722/1579/2979
f 1707/1564/2981 1708/1565/8052 1723/1580/2982
f 1708/1565/2984 1709/1566/8053 1724/1581/2985
f 1709/1566/2987 1710/1567/8054 1725/1582/2988
f 1710/1567/2990 1711/1568/8055 1726/1583/2990
f 1713/1570/2992 1728/1585/8056 1727/1584/2993
f 1714/1571/2995 1729/1586/8057 1728/1585/2995
f 1715/1572/2997 1730/1587/8058 1729/1586/2998
f 1716/1573/3000 1731/1588/8059 1730/1587/3001
f 1717/1574/3003 1732/1589/8060 1731/1588/3003
f 1718/1575/3005 1733/1590/8061 1732/1589/3006
f 1719/1577/3008 1734/1592/8062 1733/1590/3009
f 1719/1577/3011 1720/1576/8063 1735/1591/3012
f 1720/1576/3014 1721/1578/8064 1736/1593/3015
f 1721/1578/3017 1722/1579/8065 1737/1594/3017
f 1722/1579/3019 1723/1580/8066 1738/1595/3020
f 1723/1580/3022 1724/1581/8067 1739/1596/3023
f 1724/1581/3025 1725/1582/8068 1740/1597/3025
f 1725/1582/3027 1726/1583/8069 1741/1598/3028
f 1728/1585/3030 1743/1600/8070 1742/1599/3030
f 1729/1586/3032 1744/1601/3032 1743/1600/3032
f 1730/1587/3034 1745/1602/8071 1744/1601/3035
f 1731/1588/3037 1746/1603/8072 1745/1602/3038
f 1732/1589/3040 1747/1604/8073 1746/1603/3041
f 1733/1590/3043 1748/1605/8074 1747/1604/3044
f 1734/1592/3046 1749/1607/8075 1748/1605/3047
f 1734/1592/3049 1735/1591/8076 1750/1606/3050
f 1735/1591/3052 1736/1593/8077 1751/1608/3053
f 1736/1593/3055 1737/1594/8078 1752/1609/3056
f 1737/1594/3058 1738/1595/8079 1753/1610/3059
f 1738/1595/3061 1739/1596/8080 1754/1611/3062
f 1739/1596/3064 1740/1597/8081 1755/1612/3064
f 1740/1597/3065 1741/1598/8082 1756/1613/3065
f 1743/1600/3067 1758/1615/8083 1757/1614/3068
f 1744/1601/3070 1759/1616/8084 1758/1615/3070
f 1745/1602/3072 1760/1617/8085 1759/1616/3072
f 1746/1603/3074 1761/1618/8086 1760/1617/3075
f 1747/1604/3077 1762/1619/8087 1761/1618/3078
f 1748/1605/3080 1763/1620/8088 1762/1619/3081
f 1749/1607/3083 1764/1622/8089 1763/1620/3083
f 1749/1607/3085 1750/1606/8090 1765/1621/3085
f 1750/1606/3087 1751/1608/8091 1766/1623/3088
f 1751/1608/3090 1752/1609/8092 1767/1624/3091
f 1752/1609/3093 1753/1610/8093 1768/1625/3094
f 1753/1610/3096 1754/1611/8094 1769/1626/3096
f 1754/1611/3098 1755/1612/8095 1770/1627/3098
f 1755/1612/3100 1756/1613/8096 1771/1628/3101
f 1758/1615/3103 1773/1630/8097 1772/1629/3104
f 1759/1616/3106 1774/1631/8098 1773/1630/3107
f 1760/1617/3109 1775/1632/8099 1774/1631/3109
f 1761/1618/3111 1776/1633/8100 1775/1632/3111
f 1762/1619/3113 1777/1634/8101 1776/1633/3114
f 1763/1620/3116 1778/1635/8102 1777/1634/3117
f 1764/1622/3119 1779/1637/8103 1778/1635/3119
f 1764/1622/3121 1765/1621/8104 1780/1636/3121
f 1765/1621/3123 1766/1623/8105 1781/1638/3124
f 1766/1623/3126 1767/1624/8106 1782/1639/3127
f 1767/1624/3129 1768/1625/8107 1783/1640/3129
f 1768/1625/3131 1769/1626/8108 1784/1641/3131
f 1769/1626/3133 1770/1627/8109 1785/1642/3134
f 1770/1627/3136 1771/1628/8110 1786/1643/3137
f 302/1644/3139 1562/1422/3140 361/227/3140
f 303/1645/3141 1563/1420/2661 1562/1422/2661
f 304/1646/3143 1564/1423/2663 1563/1420/2663
f 305/1647/3144 1565/1425/2665 1564/1423/2665
f 306/1648/3145 1566/1427/2667 1565/1425/2667
f 307/1649/3147 1567/1429/2669 1566/1427/2669
f 308/1650/3148 1568/1431/2671 1567/1429/2671
f 309/1651/3149 1569/1433/2673 1568/1431/2673
f 309/1651/3150 310/1652/3150 1570/1437/2675
f 310/1652/3151 311/1653/3151 1571/1439/2677
f 311/1653/3152 312/1654/3152 1572/1441/2679
f 312/1654/3153 313/1655/6554 1573/1443/2682
f 313/1655/3154 314/1656/3154 1574/1445/3155
f 314/1656/3156 315/1657/3156 1575/1447/2686
f 315/1657/3157 316/1659/6553 1576/1658/2689
f 316/1659/3158 11/274/3158 287/273/3159
f 1576/1658/3159 287/273/3159 288/272/3160
f 1591/1448/3160 288/272/3160 289/271/3161
f 1606/1463/3161 289/271/3161 290/270/3162
f 1621/1478/3163 290/270/8111 291/269/3163
f 1636/1493/3164 291/269/8112 292/268/3165
f 1651/1508/3166 292/268/8113 293/267/3167
f 1666/1523/3169 293/267/8114 294/266/3170
f 1681/1538/3172 294/266/8115 295/265/3173
f 1696/1553/3175 295/265/8116 296/264/3175
f 1711/1568/3177 296/264/8117 297/263/3177
f 1726/1583/3179 297/263/8118 298/262/3179
f 1741/1598/3181 298/262/8119 299/261/3181
f 1756/1613/3183 299/261/8120 300/260/3183
f 1771/1628/3185 300/260/8121 301/259/3186
f 1786/1643/3188 301/259/8122 15/258/3189
f 1785/1642/3191 1786/1643/8123 332/257/3192
f 1784/1641/3194 1785/1642/8124 333/256/3194
f 1783/1640/3196 1784/1641/8125 334/255/3196
f 1782/1639/3198 1783/1640/8126 335/254/3198
f 1781/1638/3200 1782/1639/8127 336/253/3200
f 1780/1636/3202 1781/1638/8128 337/252/3202
f 1779/1637/3204 1780/1636/3204 338/251/3205
f 1779/1637/3207 339/1660/8129 340/249/3207
f 1778/1635/3209 340/249/8130 341/248/3209
f 1777/1634/3211 341/248/8131 342/247/3211
f 1776/1633/3213 342/247/8132 343/246/3213
f 1775/1632/3215 343/246/8133 344/245/3215
f 1774/1631/3217 344/245/8134 345/244/3217
f 1773/1630/3219 345/244/8135 346/243/3220
f 1772/1629/3222 346/243/8136 13/242/3223
f 1757/1614/3225 1772/1629/8137 347/241/3226
f 1742/1599/3228 1757/1614/8138 348/240/3228
f 1727/1584/3230 1742/1599/8139 349/239/3230
f 1712/1569/3232 1727/1584/8140 350/238/3232
f 1697/1554/3234 1712/1569/8141 351/237/3234
f 1682/1539/3236 1697/1554/8142 352/236/3236
f 1667/1524/3238 1682/1539/8143 353/235/3239
f 1652/1509/3241 1667/1524/8144 354/234/3242
f 1637/1494/3244 1652/1509/8145 355/233/3245
f 1622/1479/3247 1637/1494/3248 356/232/3248
f 1607/1464/3250 1622/1479/3250 357/231/3250
f 1592/1449/3252 1607/1464/3253 358/230/3253
f 1577/1421/3254 1592/1449/3252 359/228/3252
f 1562/1422/3140 1577/1421/3254 360/229/3254
f 1788/1661/3255 1803/1665/3258 1802/1662/3256
f 1789/1664/3257 1804/1667/3260 1803/1665/3258
f 1790/1666/3259 1805/1669/8146 1804/1667/3260
f 1791/1668/3261 1806/1671/8147 1805/1669/3261
f 1792/1670/3263 1807/1673/8148 1806/1671/3263
f 1793/1672/3265 1808/1675/8149 1807/1673/3265
f 1794/1674/3267 1809/1677/8150 1808/1675/3268
f 1795/1676/3270 1810/1679/8151 1809/1677/3271
f 1796/1678/3273 1811/1681/8152 1810/1679/3274
f 1797/1680/3276 1812/1683/8153 1811/1681/3276
f 1798/1682/3278 1813/1685/8154 1812/1683/3279
f 1799/1684/3281 1814/1687/8155 1813/1685/3281
f 1800/1686/3283 1815/1689/8156 1814/1687/3284
f 1801/1688/3286 1816/1703/8157 1815/1689/3287
f 1803/1665/3289 1818/1691/3292 1817/1690/3290
f 1804/1667/3291 1819/1692/3294 1818/1691/3292
f 1805/1669/3293 1820/1693/8158 1819/1692/3294
f 1806/1671/3295 1821/1694/8159 1820/1693/3295
f 1807/1673/3297 1822/1695/8160 1821/1694/3297
f 1808/1675/3299 1823/1696/8161 1822/1695/3299
f 1809/1677/3301 1824/1697/8162 1823/1696/3302
f 1810/1679/3304 1825/1698/8163 1824/1697/3305
f 1811/1681/3307 1826/1699/8164 1825/1698/3308
f 1812/1683/3310 1827/1700/8165 1826/1699/3311
f 1813/1685/3313 1828/1701/8166 1827/1700/3313
f 1814/1687/3315 1829/1702/3315 1828/1701/3315
f 1815/1689/3317 1830/1704/8167 1829/1702/3317
f 1816/1703/3319 1831/1718/8168 1830/1704/3320
f 1818/1691/3322 1833/1706/3322 1832/1705/3323
f 1819/1692/3324 1834/1707/3326 1833/1706/3322
f 1820/1693/3325 1835/1708/8169 1834/1707/3326
f 1821/1694/3327 1836/1709/8170 1835/1708/3327
f 1822/1695/3329 1837/1710/8171 1836/1709/3329
f 1823/1696/3331 1838/1711/8172 1837/1710/3332
f 1824/1697/3334 1839/1712/8173 1838/1711/3335
f 1825/1698/3337 1840/1713/8174 1839/1712/3338
f 1826/1699/3340 1841/1714/8175 1840/1713/3341
f 1827/1700/3343 1842/1715/8176 1841/1714/3344
f 1828/1701/3346 1843/1716/8177 1842/1715/3347
f 1829/1702/3349 1844/1717/8178 1843/1716/3350
f 1830/1704/3352 1845/1719/8179 1844/1717/3352
f 1831/1718/3354 1846/1733/8180 1845/1719/3354
f 1833/1706/3356 1848/1721/3356 1847/1720/3357
f 1834/1707/3358 1849/1722/3358 1848/1721/3356
f 1835/1708/3359 1850/1723/8181 1849/1722/3358
f 1836/1709/3360 1851/1724/8182 1850/1723/3360
f 1837/1710/3362 1852/1725/8183 1851/1724/3362
f 1838/1711/3364 1853/1726/8184 1852/1725/3364
f 1839/1712/3366 1854/1727/8185 1853/1726/3367
f 1840/1713/3369 1855/1728/8186 1854/1727/3370
f 1841/1714/3372 1856/1729/8187 1855/1728/3373
f 1842/1715/3375 1857/1730/8188 1856/1729/3376
f 1843/1716/3378 1858/1731/8189 1857/1730/3379
f 1844/1717/3381 1859/1732/8190 1858/1731/3381
f 1845/1719/3383 1860/1734/8191 1859/1732/3384
f 1846/1733/3386 1861/1748/8192 1860/1734/3386
f 1848/1721/3388 1863/1736/3391 1862/1735/3389
f 1849/1722/3390 1864/1737/3393 1863/1736/3391
f 1850/1723/3392 1865/1738/8193 1864/1737/3393
f 1851/1724/3394 1866/1739/8194 1865/1738/3395
f 1852/1725/3397 1867/1740/8195 1866/1739/3397
f 1853/1726/3399 1868/1741/8196 1867/1740/3400
f 1854/1727/3402 1869/1742/8197 1868/1741/3403
f 1855/1728/3405 1870/1743/8198 1869/1742/3406
f 1856/1729/3408 1871/1744/8199 1870/1743/3409
f 1857/1730/3411 1872/1745/8200 1871/1744/3412
f 1858/1731/3414 1873/1746/8201 1872/1745/3414
f 1859/1732/3416 1874/1747/8202 1873/1746/3416
f 1860/1734/3418 1875/1749/8203 1874/1747/3418
f 1861/1748/3420 1876/1763/8204 1875/1749/3421
f 1863/1736/3423 1878/1751/3423 1877/1750/3424
f 1864/1737/3425 1879/1752/3427 1878/1751/3423
f 1865/1738/3426 1880/1753/8205 1879/1752/3427
f 1866/1739/3428 1881/1754/8206 1880/1753/3428
f 1867/1740/3430 1882/1755/8207 1881/1754/3430
f 1868/1741/3432 1883/1756/8208 1882/1755/3433
f 1869/1742/3435 1884/1757/8209 1883/1756/3436
f 1870/1743/3438 1885/1758/8210 1884/1757/3439
f 1871/1744/3441 1886/1759/8211 1885/1758/3442
f 1872/1745/3444 1887/1760/8212 1886/1759/3445
f 1873/1746/3447 1888/1761/8213 1887/1760/3448
f 1874/1747/3450 1889/1762/8214 1888/1761/3451
f 1875/1749/3453 1890/1764/8215 1889/1762/3454
f 1876/1763/3456 1891/1778/8216 1890/1764/3457
f 1878/1751/3459 1893/1766/3459 1892/1765/3460
f 1879/1752/3461 1894/1767/3461 1893/1766/3459
f 1880/1753/3462 1895/1768/3462 1894/1767/3461
f 1881/1754/3463 1896/1769/8217 1895/1768/3463
f 1882/1755/3464 1897/1770/8218 1896/1769/3464
f 1883/1756/3466 1898/1771/8219 1897/1770/3466
f 1884/1757/3468 1899/1772/8220 1898/1771/3468
f 1885/1758/3470 1900/1773/8221 1899/1772/3471
f 1886/1759/3473 1901/1774/8222 1900/1773/3474
f 1887/1760/3476 1902/1775/8223 1901/1774/3477
f 1888/1761/3479 1903/1776/8224 1902/1775/3480
f 1889/1762/3482 1904/1777/8225 1903/1776/3483
f 1890/1764/3485 1905/1779/8226 1904/1777/3485
f 1891/1778/3487 1906/1886/8227 1905/1779/3487
f 1892/1765/3489 1893/1766/3490 1908/1780/3490
f 1893/1766/3490 1894/1767/3491 1909/1782/3491
f 1894/1767/3491 1895/1768/3492 1910/1783/3492
f 1895/1768/3493 1896/1769/8228 1911/1784/3493
f 1896/1769/3494 1897/1770/8229 1912/1785/3494
f 1897/1770/3496 1898/1771/8230 1913/1786/3496
f 1898/1771/3498 1899/1772/8231 1914/1787/3498
f 1899/1772/3500 1900/1773/8232 1915/1788/3501
f 1900/1773/3503 1901/1774/8233 1916/1789/3504
f 1901/1774/3506 1902/1775/8234 1917/1790/3507
f 1902/1775/3509 1903/1776/8235 1918/1791/3510
f 1903/1776/3512 1904/1777/8236 1919/1792/3513
f 1904/1777/3515 1905/1779/8237 1920/1793/3515
f 1905/1779/3517 1906/1886/8238 1921/1794/3517
f 1907/1781/3519 1908/1780/3520 1923/1795/3520
f 1908/1780/3520 1909/1782/3522 1924/1797/3521
f 1909/1782/3522 1910/1783/8239 1925/1798/3523
f 1910/1783/3524 1911/1784/8240 1926/1799/3524
f 1911/1784/3526 1912/1785/8241 1927/1800/3526
f 1912/1785/3528 1913/1786/8242 1928/1801/3529
f 1913/1786/3531 1914/1787/8243 1929/1802/3532
f 1914/1787/3534 1915/1788/8244 1930/1803/3535
f 1915/1788/3537 1916/1789/8245 1931/1804/3538
f 1916/1789/3540 1917/1790/8246 1932/1805/3541
f 1917/1790/3543 1918/1791/8247 1933/1806/3544
f 1918/1791/3546 1919/1792/8248 1934/1807/3547
f 1919/1792/3549 1920/1793/8249 1935/1808/3550
f 1920/1793/3552 1921/1794/8250 1936/1809/3553
f 1922/1796/3555 1923/1795/3557 1938/1810/3556
f 1923/1795/3557 1924/1797/3559 1939/1812/3558
f 1924/1797/3559 1925/1798/8251 1940/1813/3560
f 1925/1798/3561 1926/1799/8252 1941/1814/3561
f 1926/1799/3563 1927/1800/8253 1942/1815/3563
f 1927/1800/3565 1928/1801/8254 1943/1816/3566
f 1928/1801/3568 1929/1802/8255 1944/1817/3569
f 1929/1802/3571 1930/1803/8256 1945/1818/3572
f 1930/1803/3574 1931/1804/8257 1946/1819/3575
f 1931/1804/3577 1932/1805/8258 1947/1820/3578
f 1932/1805/3580 1933/1806/8259 1948/1821/3580
f 1933/1806/3582 1934/1807/8260 1949/1822/3583
f 1934/1807/3585 1935/1808/8261 1950/1823/3586
f 1935/1808/3588 1936/1809/8262 1951/1824/3589
f 1937/1811/3591 1938/1810/3592 1953/1825/3592
f 1938/1810/3592 1939/1812/3593 1954/1827/3593
f 1939/1812/3593 1940/1813/8263 1955/1828/3594
f 1940/1813/3595 1941/1814/8264 1956/1829/3595
f 1941/1814/3597 1942/1815/8265 1957/1830/3597
f 1942/1815/3599 1943/1816/8266 1958/1831/3599
f 1943/1816/3601 1944/1817/8267 1959/1832/3602
f 1944/1817/3604 1945/1818/8268 1960/1833/3605
f 1945/1818/3607 1946/1819/8269 1961/1834/3608
f 1946/1819/3610 1947/1820/8270 1962/1835/3611
f 1947/1820/3613 1948/1821/8271 1963/1836/3614
f 1948/1821/3616 1949/1822/8272 1964/1837/3617
f 1949/1822/3619 1950/1823/8273 1965/1838/3620
f 1950/1823/3622 1951/1824/8274 1966/1839/3622
f 1952/1826/3624 1953/1825/3626 1968/1840/3625
f 1953/1825/3626 1954/1827/3628 1969/1842/3627
f 1954/1827/3628 1955/1828/8275 1970/1843/3629
f 1955/1828/3630 1956/1829/8276 1971/1844/3630
f 1956/1829/3632 1957/1830/8277 1972/1845/3632
f 1957/1830/3634 1958/1831/8278 1973/1846/3635
f 1958/1831/3637 1959/1832/8279 1974/1847/3638
f 1959/1832/3640 1960/1833/8280 1975/1848/3640
f 1960/1833/3642 1961/1834/8281 1976/1849/3643
f 1961/1834/3645 1962/1835/8282 1977/1850/3646
f 1962/1835/3648 1963/1836/8283 1978/1851/3649
f 1963/1836/3651 1964/1837/8284 1979/1852/3652
f 1964/1837/3654 1965/1838/8285 1980/1853/3654
f 1965/1838/3656 1966/1839/8286 1981/1854/3656
f 1967/1841/3658 1968/1840/3660 1983/1855/3659
f 1968/1840/3660 1969/1842/3662 1984/1857/3661
f 1969/1842/3662 1970/1843/8287 1985/1858/3663
f 1970/1843/3664 1971/1844/8288 1986/1859/3664
f 1971/1844/3666 1972/1845/8289 1987/1860/3666
f 1972/1845/3668 1973/1846/8290 1988/1861/3668
f 1973/1846/3670 1974/1847/8291 1989/1862/3671
f 1974/1847/3673 1975/1848/8292 1990/1863/3674
f 1975/1848/3676 1976/1849/8293 1991/1864/3677
f 1976/1849/3679 1977/1850/8294 1992/1865/3680
f 1977/1850/3682 1978/1851/8295 1993/1866/3682
f 1978/1851/3684 1979/1852/3684 1994/1867/3684
f 1979/1852/3686 1980/1853/8296 1995/1868/3686
f 1980/1853/3688 1981/1854/8297 1996/1869/3689
f 1982/1856/3691 1983/1855/3693 1998/1870/3692
f 1983/1855/3693 1984/1857/3695 1999/1872/3694
f 1984/1857/3695 1985/1858/8298 2000/1873/3696
f 1985/1858/3697 1986/1859/8299 2001/1874/3697
f 1986/1859/3699 1987/1860/8300 2002/1875/3699
f 1987/1860/3701 1988/1861/8301 2003/1876/3701
f 1988/1861/3703 1989/1862/8302 2004/1877/3704
f 1989/1862/3706 1990/1863/8303 2005/1878/3706
f 1990/1863/3708 1991/1864/8304 2006/1879/3709
f 1991/1864/3711 1992/1865/8305 2007/1880/3711
f 1992/1865/3713 1993/1866/8306 2008/1881/3714
f 1993/1866/3716 1994/1867/8307 2009/1882/3716
f 1994/1867/3718 1995/1868/8308 2010/1883/3719
f 1995/1868/3721 1996/1869/8309 2011/1884/3722
f 331/514/3724 1787/1663/3724 271/1885/3725
f 330/575/3726 1788/1661/3726 1787/1663/3724
f 329/574/3727 1789/1664/3727 1788/1661/3726
f 328/573/3728 1790/1666/3728 1789/1664/3727
f 327/572/3729 1791/1668/3729 1790/1666/3729
f 326/571/3731 1792/1670/3731 1791/1668/3732
f 325/570/3734 1793/1672/8310 1792/1670/3735
f 324/569/3737 1794/1674/8311 1793/1672/3738
f 323/568/3740 1795/1676/8312 1794/1674/3741
f 322/567/3743 1796/1678/8313 1795/1676/3743
f 321/566/3745 1797/1680/8314 1796/1678/3745
f 320/565/3747 1798/1682/8315 1797/1680/3747
f 319/564/3749 1799/1684/8316 1798/1682/3749
f 318/563/3751 1800/1686/8317 1799/1684/3751
f 317/562/3753 1801/1688/8318 1800/1686/3754
f 16/561/3756 242/560/8319 1801/1688/3757
f 242/560/3759 243/559/8320 1816/1703/3760
f 243/559/3762 244/558/8321 1831/1718/3762
f 244/558/3764 245/557/8322 1846/1733/3764
f 245/557/3766 246/556/8323 1861/1748/3766
f 246/556/3768 247/555/8324 1876/1763/3768
f 247/555/3770 248/554/8325 1891/1778/3770
f 248/554/3772 249/553/8326 1906/1886/3773
f 1906/1886/3774 249/553/8327 250/552/3774
f 1921/1794/3776 250/552/8328 251/551/3776
f 1936/1809/3778 251/551/8329 252/550/3778
f 1951/1824/3780 252/550/8330 253/549/3780
f 1966/1839/3782 253/549/8331 254/548/3782
f 1981/1854/3784 254/548/8332 255/547/3784
f 1996/1869/3786 255/547/8333 256/546/3787
f 2011/1884/3789 256/546/8334 15/545/3790
f 2010/1883/3792 2011/1884/8335 301/544/3793
f 2009/1882/3795 2010/1883/8336 300/543/3795
f 2008/1881/3797 2009/1882/8337 299/542/3797
f 2007/1880/3799 2008/1881/8338 298/541/3799
f 2006/1879/3801 2007/1880/8339 297/540/3801
f 2005/1878/3803 2006/1879/8340 296/539/3803
f 2004/1877/3805 2005/1878/8341 295/538/3806
f 2003/1876/3808 2004/1877/8342 294/537/3809
f 2002/1875/3811 2003/1876/8343 293/536/3812
f 2001/1874/3814 2002/1875/3815 292/535/3815
f 2000/1873/3817 2001/1874/3817 291/534/3817
f 1999/1872/3819 2000/1873/3820 290/533/3820
f 1998/1870/3821 1999/1872/3819 289/532/3819
f 1997/1871/3822 1998/1870/3821 288/1887/3821
f 257/1888/3823 1997/1871/3822 287/530/3822
f 258/1889/3824 1982/1856/3691 1997/1871/3691
f 259/1890/3826 1967/1841/3658 1982/1856/3658
f 260/1891/3827 1952/1826/3624 1967/1841/3624
f 261/1892/3828 1937/1811/3591 1952/1826/3591
f 262/1893/3830 1922/1796/3555 1937/1811/3555
f 263/1894/3831 1907/1781/3519 1922/1796/3519
f 264/1895/3832 1892/1765/3489 1907/1781/3489
f 1877/1750/3460 1892/1765/3460 264/1895/3833
f 1862/1735/3424 1877/1750/3424 265/1896/3834
f 1847/1720/3389 1862/1735/3389 266/1897/3835
f 1832/1705/3357 1847/1720/3357 267/1898/3836
f 1817/1690/3323 1832/1705/3323 268/1899/3838
f 1802/1662/3290 1817/1690/3290 269/1900/3839
f 1787/1663/3256 1802/1662/3256 270/1901/3840
f 2012/576/3842 2013/578/8344 2028/577/3842
f 2013/578/3844 2014/606/8345 2029/605/3845
f 2014/606/3847 2015/621/8346 2030/620/3847
f 2015/621/3849 2016/636/8347 2031/635/3849
f 2016/636/3851 2017/651/8348 2032/650/3851
f 2017/651/3853 2018/666/8349 2033/665/3853
f 2018/666/3855 2019/681/8350 2034/680/3855
f 2020/695/3857 2035/696/8351 2034/680/3857
f 2021/710/3859 2036/711/8352 2035/696/3859
f 2022/725/3861 2037/726/8353 2036/711/3861
f 2023/740/3863 2038/741/8354 2037/726/3863
f 2024/755/3865 2039/756/8355 2038/741/3866
f 2025/770/3868 2040/771/8356 2039/756/3869
f 2026/785/3871 2041/786/8357 2040/771/3871
f 2027/579/3873 2028/577/8358 2043/580/3874
f 2028/577/3876 2029/605/8359 2044/607/3876
f 2029/605/3878 2030/620/8360 2045/622/3879
f 2030/620/3881 2031/635/8361 2046/637/3881
f 2031/635/3883 2032/650/8362 2047/652/3884
f 2032/650/3886 2033/665/8363 2048/667/3887
f 2033/665/3889 2034/680/8364 2049/682/3889
f 2035/696/3891 2050/697/8365 2049/682/3891
f 2036/711/3893 2051/712/8366 2050/697/3894
f 2037/726/3896 2052/727/8367 2051/712/3897
f 2038/741/3899 2053/742/8368 2052/727/3899
f 2039/756/3901 2054/757/8369 2053/742/3901
f 2040/771/3903 2055/772/8370 2054/757/3903
f 2041/786/3905 2056/787/8371 2055/772/3906
f 2042/581/3908 2043/580/8372 2058/582/3909
f 2043/580/3911 2044/607/8373 2059/608/3911
f 2044/607/3913 2045/622/8374 2060/623/3913
f 2045/622/3915 2046/637/8375 2061/638/3915
f 2046/637/3917 2047/652/8376 2062/653/3917
f 2047/652/3919 2048/667/8377 2063/668/3919
f 2048/667/3921 2049/682/8378 2064/683/3922
f 2050/697/3924 2065/698/8379 2064/683/3925
f 2051/712/3927 2066/713/8380 2065/698/3927
f 2052/727/3929 2067/728/8381 2066/713/3929
f 2053/742/3931 2068/743/8382 2067/728/3931
f 2054/757/3933 2069/758/8383 2068/743/3933
f 2055/772/3935 2070/773/8384 2069/758/3935
f 2056/787/3937 2071/788/8385 2070/773/3938
f 2057/583/3940 2058/582/8386 2073/584/3940
f 2058/582/3942 2059/608/8387 2074/609/3942
f 2059/608/3944 2060/623/8388 2075/624/3944
f 2060/623/3946 2061/638/8389 2076/639/3946
f 2061/638/3948 2062/653/8390 2077/654/3948
f 2062/653/3950 2063/668/8391 2078/669/3950
f 2063/668/3952 2064/683/8392 2079/684/3952
f 2065/698/3954 2080/699/8393 2079/684/3954
f 2066/713/3956 2081/714/8394 2080/699/3956
f 2067/728/3958 2082/729/8395 2081/714/3958
f 2068/743/3960 2083/744/8396 2082/729/3960
f 2069/758/3962 2084/759/8397 2083/744/3962
f 2070/773/3964 2085/774/8398 2084/759/3964
f 2071/788/3966 2086/789/8399 2085/774/3966
f 2072/585/3968 2073/584/8400 2088/586/3968
f 2073/584/3970 2074/609/8401 2089/610/3971
f 2074/609/3973 2075/624/8402 2090/625/3974
f 2075/624/3976 2076/639/8403 2091/640/3976
f 2076/639/3978 2077/654/8404 2092/655/3978
f 2077/654/3980 2078/669/8405 2093/670/3980
f 2078/669/3982 2079/684/8406 2094/685/3982
f 2080/699/3984 2095/700/8407 2094/685/3984
f 2081/714/3986 2096/715/8408 2095/700/3986
f 2082/729/3988 2097/730/8409 2096/715/3988
f 2083/744/3990 2098/745/8410 2097/730/3990
f 2084/759/3992 2099/760/8411 2098/745/3993
f 2085/774/3995 2100/775/8412 2099/760/3996
f 2086/789/3998 2101/790/8413 2100/775/3998
f 2087/587/4000 2088/586/8414 2103/588/4000
f 2088/586/4002 2089/610/8415 2104/611/4003
f 2089/610/4005 2090/625/8416 2105/626/4005
f 2090/625/4007 2091/640/8417 2106/641/4007
f 2091/640/4009 2092/655/8418 2107/656/4009
f 2092/655/4011 2093/670/8419 2108/671/4011
f 2093/670/4013 2094/685/8420 2109/686/4013
f 2095/700/4015 2110/701/8421 2109/686/4015
f 2096/715/4017 2111/716/8422 2110/701/4017
f 2097/730/4019 2112/731/8423 2111/716/4019
f 2098/745/4021 2113/746/8424 2112/731/4021
f 2099/760/4023 2114/761/8425 2113/746/4023
f 2100/775/4025 2115/776/8426 2114/761/4026
f 2101/790/4028 2116/791/8427 2115/776/4028
f 2102/589/4030 2103/588/8428 2118/590/4030
f 2103/588/4032 2104/611/8429 2119/612/4032
f 2104/611/4034 2105/626/8430 2120/627/4035
f 2105/626/4037 2106/641/8431 2121/642/4037
f 2106/641/4039 2107/656/8432 2122/657/4039
f 2107/656/4041 2108/671/8433 2123/672/4041
f 2108/671/4043 2109/686/8434 2124/687/4043
f 2110/701/4045 2125/703/8435 2124/687/4045
f 2111/716/4047 2126/718/8436 2125/703/4047
f 2112/731/4049 2127/733/8437 2126/718/4049
f 2113/746/4051 2128/748/8438 2127/733/4051
f 2114/761/4053 2129/763/8439 2128/748/4054
f 2115/776/4056 2130/778/8440 2129/763/4056
f 2116/791/4058 2131/793/8441 2130/778/4058
f 2118/590/4060 2133/594/8442 2132/591/4060
f 2119/612/4062 2134/613/8443 2133/594/4062
f 2120/627/4064 2135/628/8444 2134/613/4065
f 2121/642/4067 2136/643/8445 2135/628/4067
f 2122/657/4069 2137/658/8446 2136/643/4069
f 2123/672/4071 2138/673/8447 2137/658/4071
f 2124/687/4073 2139/688/8448 2138/673/4073
f 2124/687/4075 2125/703/8449 2140/702/4075
f 2125/703/4077 2126/718/8450 2141/717/4077
f 2126/718/4079 2127/733/8451 2142/732/4079
f 2127/733/4081 2128/748/8452 2143/747/4081
f 2128/748/4083 2129/763/8453 2144/762/4084
f 2129/763/4086 2130/778/8454 2145/777/4086
f 2130/778/4088 2131/793/8455 2146/792/4088
f 2133/594/4090 2148/596/8456 2147/593/4090
f 2134/613/4092 2149/614/8457 2148/596/4093
f 2135/628/4095 2150/629/8458 2149/614/4095
f 2136/643/4097 2151/644/8459 2150/629/4097
f 2137/658/4099 2152/659/8460 2151/644/4099
f 2138/673/4101 2153/674/8461 2152/659/4101
f 2139/688/4103 2154/689/8462 2153/674/4103
f 2139/688/4105 2140/702/8463 2155/704/4105
f 2140/702/4107 2141/717/8464 2156/719/4107
f 2141/717/4109 2142/732/8465 2157/734/4109
f 2142/732/4111 2143/747/8466 2158/749/4112
f 2143/747/4114 2144/762/8467 2159/764/4114
f 2144/762/4116 2145/777/8468 2160/779/4117
f 2145/777/4119 2146/792/8469 2161/794/4119
f 2148/596/4121 2163/598/8470 2162/595/4121
f 2149/614/4123 2164/615/8471 2163/598/4124
f 2150/629/4126 2165/630/8472 2164/615/4127
f 2151/644/4129 2166/645/8473 2165/630/4129
f 2152/659/4131 2167/660/8474 2166/645/4131
f 2153/674/4133 2168/675/8475 2167/660/4133
f 2154/689/4135 2169/690/8476 2168/675/4135
f 2154/689/4137 2155/704/8477 2170/705/4137
f 2155/704/4139 2156/719/8478 2171/720/4139
f 2156/719/4141 2157/734/8479 2172/735/4141
f 2157/734/4143 2158/749/8480 2173/750/4143
f 2158/749/4145 2159/764/8481 2174/765/4146
f 2159/764/4148 2160/779/8482 2175/780/4149
f 2160/779/4151 2161/794/8483 2176/795/4151
f 2163/598/4153 2178/600/8484 2177/597/4153
f 2164/615/4155 2179/616/8485 2178/600/4155
f 2165/630/4157 2180/631/8486 2179/616/4157
f 2166/645/4159 2181/646/8487 2180/631/4159
f 2167/660/4161 2182/661/8488 2181/646/4161
f 2168/675/4163 2183/676/8489 2182/661/4164
f 2169/690/4166 2184/691/8490 2183/676/4166
f 2169/690/4168 2170/705/8491 2185/706/4168
f 2170/705/4170 2171/720/8492 2186/721/4171
f 2171/720/4173 2172/735/8493 2187/736/4173
f 2172/735/4175 2173/750/8494 2188/751/4175
f 2173/750/4177 2174/765/8495 2189/766/4177
f 2174/765/4179 2175/780/8496 2190/781/4179
f 2175/780/4181 2176/795/8497 2191/796/4181
f 2178/600/4183 2193/602/8498 2192/599/4183
f 2179/616/4185 2194/617/8499 2193/602/4186
f 2180/631/4188 2195/632/8500 2194/617/4188
f 2181/646/4190 2196/647/8501 2195/632/4190
f 2182/661/4192 2197/662/8502 2196/647/4193
f 2183/676/4195 2198/677/8503 2197/662/4195
f 2184/691/4197 2199/692/8504 2198/677/4198
f 2184/691/4200 2185/706/8505 2200/707/4201
f 2185/706/4203 2186/721/8506 2201/722/4203
f 2186/721/4205 2187/736/8507 2202/737/4206
f 2187/736/4208 2188/751/8508 2203/752/4208
f 2188/751/4210 2189/766/8509 2204/767/4210
f 2189/766/4212 2190/781/8510 2205/782/4212
f 2190/781/4214 2191/796/8511 2206/797/4214
f 2193/602/4216 2208/604/8512 2207/601/4217
f 2194/617/4219 2209/619/8513 2208/604/4219
f 2195/632/4221 2210/634/8514 2209/619/4222
f 2196/647/4224 2211/649/8515 2210/634/4224
f 2197/662/4226 2212/664/8516 2211/649/4227
f 2198/677/4229 2213/679/8517 2212/664/4230
f 2199/692/4232 2214/694/8518 2213/679/4232
f 2199/692/4234 2200/707/8519 2215/708/4234
f 2200/707/4236 2201/722/8520 2216/723/4237
f 2201/722/4239 2202/737/8521 2217/738/4240
f 2202/737/4242 2203/752/8522 2218/753/4242
f 2203/752/4244 2204/767/8523 2219/768/4245
f 2204/767/4247 2205/782/8524 2220/783/4247
f 2205/782/4249 2206/797/8525 2221/798/4250
f 2208/604/4252 2223/618/8526 2222/603/4252
f 2209/619/4254 2224/633/8527 2223/618/4255
f 2210/634/4257 2225/648/8528 2224/633/4257
f 2211/649/4259 2226/663/8529 2225/648/4259
f 2212/664/4261 2227/678/8530 2226/663/4261
f 2213/679/4263 2228/693/8531 2227/678/4263
f 2214/694/4265 2229/825/8532 2228/693/4265
f 2214/694/4267 2215/708/8533 2230/709/4267
f 2215/708/4269 2216/723/8534 2231/724/4269
f 2216/723/4271 2217/738/8535 2232/739/4271
f 2217/738/4273 2218/753/8536 2233/754/4273
f 2218/753/4275 2219/768/8537 2234/769/4275
f 2219/768/4277 2220/783/8538 2235/784/4278
f 2220/783/4280 2221/798/8539 2236/799/4280
f 16/800/4282 211/801/8540 2012/576/4282
f 211/801/4284 210/863/8541 2013/578/4285
f 210/863/4287 209/862/8542 2014/606/4287
f 209/862/4289 208/861/4289 2015/621/4289
f 208/861/4290 207/860/8543 2016/636/4290
f 207/860/4292 206/859/8544 2017/651/4292
f 206/859/4294 205/858/8545 2018/666/4295
f 205/858/4297 204/857/8546 2019/681/4297
f 203/856/4299 2020/695/8547 2019/681/4299
f 202/855/4301 2021/710/8548 2020/695/4302
f 201/854/4304 2022/725/8549 2021/710/4304
f 200/853/4306 2023/740/8550 2022/725/4306
f 199/852/4308 2024/755/4308 2023/740/4308
f 198/851/4309 2025/770/8551 2024/755/4309
f 197/850/4311 2026/785/8552 2025/770/4312
f 14/849/4314 286/848/8553 2026/785/4314
f 286/848/4316 285/847/8554 2041/786/4317
f 285/847/4319 284/846/8555 2056/787/4319
f 284/846/4321 283/845/4321 2071/788/4321
f 283/845/4322 282/844/8556 2086/789/4322
f 282/844/4324 281/843/8557 2101/790/4324
f 281/843/4326 280/842/8558 2116/791/4327
f 280/842/4329 279/841/8559 2131/793/4329
f 2131/793/4331 279/841/8560 278/840/4331
f 2146/792/4333 278/840/8561 277/839/4333
f 2161/794/4335 277/839/8562 276/838/4335
f 2176/795/4337 276/838/8563 275/837/4337
f 2191/796/4339 275/837/4339 274/836/4339
f 2206/797/4340 274/836/8564 273/835/4341
f 2221/798/4343 273/835/8565 272/834/4344
f 2236/799/4346 272/834/8566 13/833/4346
f 2235/784/4348 2236/799/8567 346/832/4349
f 2234/769/4351 2235/784/8568 345/831/4351
f 2233/754/4353 2234/769/4353 344/830/4353
f 2232/739/4354 2233/754/8569 343/829/4354
f 2231/724/4356 2232/739/8570 342/828/4356
f 2230/709/4358 2231/724/8571 341/827/4359
f 2229/825/4361 2230/709/8572 340/826/4361
f 2229/825/4363 339/1902/8573 338/824/4363
f 2228/693/4365 338/824/8574 337/823/4366
f 2227/678/4368 337/823/8575 336/822/4368
f 2226/663/4370 336/822/8576 335/821/4370
f 2225/648/4372 335/821/4372 334/820/4372
f 2224/633/4373 334/820/8577 333/819/4373
f 2223/618/4375 333/819/8578 332/818/4376
f 2222/603/4378 332/818/8579 15/817/4378
f 2207/601/4380 2222/603/8580 256/816/4381
f 2192/599/4383 2207/601/8581 255/815/4383
f 2177/597/4385 2192/599/4385 254/814/4385
f 2162/595/4386 2177/597/8582 253/813/4386
f 2147/593/4388 2162/595/8583 252/812/4388
f 2132/591/4390 2147/593/8584 251/811/4391
f 2117/592/4393 2132/591/8585 250/809/4393
f 248/808/4395 2102/589/8586 2117/592/4395
f 247/807/4397 2087/587/8587 2102/589/4397
f 246/806/4399 2072/585/8588 2087/587/4399
f 245/805/4401 2057/583/8589 2072/585/4401
f 244/804/4403 2042/581/4403 2057/583/4403
f 243/803/4404 2027/579/8590 2042/581/4404
f 242/802/4406 2012/576/8591 2027/579/4407
f 2237/1903/4409 2238/1906/8592 2253/1904/4410
f 2238/1906/4412 2239/1908/8593 2254/1907/4413
f 2239/1908/4415 2240/1910/8594 2255/1909/4415
f 2240/1910/4417 2241/1912/8595 2256/1911/4417
f 2241/1912/4419 2242/1914/8596 2257/1913/4420
f 2242/1914/4422 2243/1916/8597 2258/1915/4423
f 2243/1916/4425 2244/1919/8598 2259/1917/4425
f 2245/1918/4427 2260/1921/8599 2259/1917/4427
f 2246/1920/4429 2261/1923/8600 2260/1921/4430
f 2247/1922/4432 2262/1925/8601 2261/1923/4433
f 2248/1924/4435 2263/1927/8602 2262/1925/4435
f 2249/1926/4437 2264/1929/8603 2263/1927/4437
f 2250/1928/4439 2265/1931/8604 2264/1929/4440
f 2251/1930/4442 2266/1945/8605 2265/1931/4443
f 2252/1905/4445 2253/1904/8606 2268/1932/4446
f 2253/1904/4448 2254/1907/8607 2269/1934/4448
f 2254/1907/4450 2255/1909/8608 2270/1935/4450
f 2255/1909/4452 2256/1911/8609 2271/1936/4453
f 2256/1911/4455 2257/1913/8610 2272/1937/4455
f 2257/1913/4457 2258/1915/8611 2273/1938/4458
f 2258/1915/4460 2259/1917/8612 2274/1939/4460
f 2260/1921/4462 2275/1940/8613 2274/1939/4463
f 2261/1923/4465 2276/1941/8614 2275/1940/4466
f 2262/1925/4468 2277/1942/8615 2276/1941/4468
f 2263/1927/4470 2278/1943/8616 2277/1942/4471
f 2264/1929/4473 2279/1944/8617 2278/1943/4473
f 2265/1931/4475 2280/1946/8618 2279/1944/4475
f 2266/1945/4477 2281/1960/8619 2280/1946/4478
f 2267/1933/4480 2268/1932/8620 2283/1947/4480
f 2268/1932/4482 2269/1934/4482 2284/1949/4482
f 2269/1934/4484 2270/1935/8621 2285/1950/4485
f 2270/1935/4487 2271/1936/8622 2286/1951/4487
f 2271/1936/4489 2272/1937/8623 2287/1952/4489
f 2272/1937/4491 2273/1938/8624 2288/1953/4492
f 2273/1938/4494 2274/1939/8625 2289/1954/4495
f 2275/1940/4497 2290/1955/8626 2289/1954/4498
f 2276/1941/4500 2291/1956/8627 2290/1955/4501
f 2277/1942/4503 2292/1957/8628 2291/1956/4503
f 2278/1943/4505 2293/1958/8629 2292/1957/4505
f 2279/1944/4507 2294/1959/8630 2293/1958/4508
f 2280/1946/4510 2295/1961/8631 2294/1959/4510
f 2281/1960/4511 2296/1975/8632 2295/1961/4511
f 2282/1948/4513 2283/1947/8633 2298/1962/4514
f 2283/1947/4516 2284/1949/8634 2299/1964/4516
f 2284/1949/4518 2285/1950/8635 2300/1965/4519
f 2285/1950/4521 2286/1951/8636 2301/1966/4522
f 2286/1951/4524 2287/1952/8637 2302/1967/4524
f 2287/1952/4526 2288/1953/8638 2303/1968/4527
f 2288/1953/4529 2289/1954/8639 2304/1969/4530
f 2290/1955/4532 2305/1970/8640 2304/1969/4533
f 2291/1956/4535 2306/1971/8641 2305/1970/4536
f 2292/1957/4538 2307/1972/8642 2306/1971/4538
f 2293/1958/4540 2308/1973/8643 2307/1972/4541
f 2294/1959/4543 2309/1974/8644 2308/1973/4544
f 2295/1961/4546 2310/1976/8645 2309/1974/4546
f 2296/1975/4548 2311/1990/8646 2310/1976/4549
f 2297/1963/4551 2298/1962/8647 2313/1977/4551
f 2298/1962/4553 2299/1964/8648 2314/1979/4554
f 2299/1964/4556 2300/1965/8649 2315/1980/4557
f 2300/1965/4559 2301/1966/8650 2316/1981/4560
f 2301/1966/4562 2302/1967/8651 2317/1982/4563
f 2302/1967/4565 2303/1968/8652 2318/1983/4566
f 2303/1968/4568 2304/1969/8653 2319/1984/4569
f 2305/1970/4571 2320/1985/8654 2319/1984/4572
f 2306/1971/4574 2321/1986/8655 2320/1985/4575
f 2307/1972/4577 2322/1987/8656 2321/1986/4578
f 2308/1973/4580 2323/1988/8657 2322/1987/4581
f 2309/1974/4583 2324/1989/8658 2323/1988/4584
f 2310/1976/4586 2325/1991/8659 2324/1989/4587
f 2311/1990/4589 2326/2005/8660 2325/1991/4589
f 2312/1978/4591 2313/1977/8661 2328/1992/4592
f 2313/1977/4594 2314/1979/8662 2329/1994/4595
f 2314/1979/4597 2315/1980/8663 2330/1995/4598
f 2315/1980/4600 2316/1981/8664 2331/1996/4601
f 2316/1981/4603 2317/1982/8665 2332/1997/4604
f 2317/1982/4606 2318/1983/8666 2333/1998/4607
f 2318/1983/4609 2319/1984/8667 2334/1999/4610
f 2320/1985/4612 2335/2000/8668 2334/1999/4613
f 2321/1986/4615 2336/2001/8669 2335/2000/4616
f 2322/1987/4618 2337/2002/8670 2336/2001/4619
f 2323/1988/4621 2338/2003/8671 2337/2002/4622
f 2324/1989/4624 2339/2004/8672 2338/2003/4625
f 2325/1991/4627 2340/2006/8673 2339/2004/4628
f 2326/2005/4630 2341/2020/8674 2340/2006/4631
f 2327/1993/4633 2328/1992/8675 2343/2007/4634
f 2328/1992/4636 2329/1994/8676 2344/2009/4637
f 2329/1994/4639 2330/1995/8677 2345/2010/4640
f 2330/1995/4642 2331/1996/8678 2346/2011/4643
f 2331/1996/4645 2332/1997/8679 2347/2012/4646
f 2332/1997/4648 2333/1998/8680 2348/2013/4649
f 2333/1998/4651 2334/1999/8681 2349/2014/4652
f 2335/2000/4654 2350/2015/8682 2349/2014/4655
f 2336/2001/4657 2351/2016/8683 2350/2015/4658
f 2337/2002/4660 2352/2017/8684 2351/2016/4661
f 2338/2003/4663 2353/2018/8685 2352/2017/4664
f 2339/2004/4666 2354/2019/8686 2353/2018/4666
f 2340/2006/4668 2355/2021/8687 2354/2019/4669
f 2341/2020/4671 2356/2035/8688 2355/2021/4672
f 2342/2008/4674 2343/2007/8689 2358/2022/4675
f 2343/2007/4677 2344/2009/8690 2359/2024/4678
f 2344/2009/4680 2345/2010/8691 2360/2025/4681
f 2345/2010/4683 2346/2011/8692 2361/2026/4684
f 2346/2011/4686 2347/2012/8693 2362/2027/4687
f 2347/2012/4689 2348/2013/8694 2363/2028/4690
f 2348/2013/4692 2349/2014/8695 2364/2029/4692
f 2350/2015/4694 2365/2030/8696 2364/2029/4694
f 2351/2016/4696 2366/2031/8697 2365/2030/4697
f 2352/2017/4699 2367/2032/8698 2366/2031/4700
f 2353/2018/4702 2368/2033/8699 2367/2032/4703
f 2354/2019/4705 2369/2034/8700 2368/2033/4706
f 2355/2021/4708 2370/2036/8701 2369/2034/4709
f 2356/2035/4711 2371/2050/8702 2370/2036/4712
f 2357/2023/4714 2358/2022/8703 2373/2037/4714
f 2358/2022/4716 2359/2024/8704 2374/2039/4716
f 2359/2024/4718 2360/2025/8705 2375/2040/4719
f 2360/2025/4721 2361/2026/8706 2376/2041/4721
f 2361/2026/4723 2362/2027/8707 2377/2042/4724
f 2362/2027/4726 2363/2028/8708 2378/2043/4727
f 2363/2028/4729 2364/2029/8709 2379/2044/4729
f 2365/2030/4731 2380/2045/8710 2379/2044/4731
f 2366/2031/4733 2381/2046/8711 2380/2045/4734
f 2367/2032/4736 2382/2047/8712 2381/2046/4737
f 2368/2033/4739 2383/2048/8713 2382/2047/4739
f 2369/2034/4741 2384/2049/8714 2383/2048/4742
f 2370/2036/4744 2385/2051/8715 2384/2049/4744
f 2371/2050/4746 2386/2065/8716 2385/2051/4746
f 2372/2038/4748 2373/2037/8717 2388/2052/4748
f 2373/2037/4750 2374/2039/8718 2389/2054/4750
f 2374/2039/4752 2375/2040/8719 2390/2055/4752
f 2375/2040/4754 2376/2041/8720 2391/2056/4754
f 2376/2041/4756 2377/2042/8721 2392/2057/4756
f 2377/2042/4758 2378/2043/8722 2393/2058/4758
f 2378/2043/4760 2379/2044/8723 2394/2059/4760
f 2380/2045/4762 2395/2060/8724 2394/2059/4762
f 2381/2046/4764 2396/2061/8725 2395/2060/4764
f 2382/2047/4766 2397/2062/8726 2396/2061/4766
f 2383/2048/4768 2398/2063/8727 2397/2062/4768
f 2384/2049/4770 2399/2064/8728 2398/2063/4770
f 2385/2051/4772 2400/2066/8729 2399/2064/4772
f 2386/2065/4774 2401/2080/8730 2400/2066/4774
f 2387/2053/4776 2388/2052/8731 2403/2067/4776
f 2388/2052/4778 2389/2054/8732 2404/2069/4778
f 2389/2054/4780 2390/2055/8733 2405/2070/4780
f 2390/2055/4782 2391/2056/8734 2406/2071/4782
f 2391/2056/4784 2392/2057/8735 2407/2072/4785
f 2392/2057/4787 2393/2058/8736 2408/2073/4787
f 2393/2058/4789 2394/2059/8737 2409/2074/4789
f 2395/2060/4790 2410/2075/4790 2409/2074/4790
f 2396/2061/4792 2411/2076/8738 2410/2075/4792
f 2397/2062/4794 2412/2077/8739 2411/2076/4794
f 2398/2063/4796 2413/2078/8740 2412/2077/4796
f 2399/2064/4798 2414/2079/8741 2413/2078/4798
f 2400/2066/4800 2415/2081/8742 2414/2079/4800
f 2401/2080/4802 2416/2095/8743 2415/2081/4802
f 2402/2068/4804 2403/2067/8744 2418/2082/4805
f 2403/2067/4807 2404/2069/8745 2419/2084/4808
f 2404/2069/4810 2405/2070/8746 2420/2085/4811
f 2405/2070/4813 2406/2071/8747 2421/2086/4814
f 2406/2071/4815 2407/2072/8748 2422/2087/4816
f 2407/2072/4818 2408/2073/8749 2423/2088/4819
f 2408/2073/4821 2409/2074/4821 2424/2089/4822
f 2410/2075/4823 2425/2090/4824 2424/2089/4824
f 2411/2076/4825 2426/2091/4854 2425/2090/4826
f 2412/2077/4828 2427/2092/4856 2426/2091/4829
f 2413/2078/4831 2428/2093/4832 2427/2092/4832
f 2414/2079/4834 2429/2094/4859 2428/2093/4835
f 2415/2081/4837 2430/2096/4861 2429/2094/4838
f 2416/2095/4840 2431/2110/4863 2430/2096/4841
f 2417/2083/4806 2418/2082/4805 2433/2097/4843
f 2418/2082/4809 2419/2084/4808 2434/2099/4845
f 2419/2084/4812 2420/2085/4811 2435/2100/4847
f 2420/2085/4814 2421/2086/4814 2436/2101/4848
f 2421/2086/4817 2422/2087/4816 2437/2102/4849
f 2422/2087/4820 2423/2088/4819 2438/2103/4851
f 2423/2088/4822 2424/2089/4822 2439/2104/4852
f 2425/2090/4824 2440/2105/4853 2439/2104/4853
f 2426/2091/4854 2441/2106/4855 2440/2105/4855
f 2427/2092/4856 2442/2107/4874 2441/2106/4857
f 2428/2093/4832 2443/2108/4858 2442/2107/4858
f 2429/2094/4859 2444/2109/4860 2443/2108/4860
f 2430/2096/4861 2445/2111/4878 2444/2109/4862
f 2431/2110/4863 2446/2125/4880 2445/2111/4864
f 2432/2098/4844 2433/2097/4843 2448/2112/4865
f 2433/2097/4846 2434/2099/4845 2449/2114/4866
f 2434/2099/4847 2435/2100/4847 2450/2115/4867
f 2435/2100/4848 2436/2101/4848 2451/2116/4868
f 2436/2101/4850 2437/2102/4849 2452/2117/4869
f 2437/2102/4851 2438/2103/4851 2453/2118/4870
f 2438/2103/4852 2439/2104/4852 2454/2119/4871
f 2440/2105/4853 2455/2120/4872 2454/2119/4872
f 2441/2106/4855 2456/2121/4873 2455/2120/4873
f 2442/2107/4874 2457/2122/4875 2456/2121/4875
f 2443/2108/4858 2458/2123/4876 2457/2122/4876
f 2444/2109/4860 2459/2124/4877 2458/2123/4877
f 2445/2111/4878 2460/2126/4879 2459/2124/4879
f 2446/2125/4880 2461/2127/4881 2460/2126/4881
f 14/1088/4882 197/1089/8750 2237/1903/4883
f 197/1089/4885 198/1150/8751 2238/1906/4886
f 198/1150/4888 199/1149/8752 2239/1908/4888
f 199/1149/4890 200/1148/8753 2240/1910/4890
f 200/1148/4892 201/1147/8754 2241/1912/4892
f 201/1147/4894 202/1146/8755 2242/1914/4894
f 202/1146/4896 203/1145/8756 2243/1916/4896
f 203/1145/4898 204/1144/8757 2244/1919/4898
f 205/1143/4900 2245/1918/4901 2244/1919/4901
f 206/1142/4903 2246/1920/8758 2245/1918/4903
f 207/1141/4905 2247/1922/8759 2246/1920/4905
f 208/1140/4907 2248/1924/8760 2247/1922/4907
f 209/1139/4909 2249/1926/8761 2248/1924/4909
f 210/1138/4911 2250/1928/8762 2249/1926/4911
f 211/1137/4913 2251/1930/8763 2250/1928/4914
f 16/1136/4916 317/1135/8764 2251/1930/4917
f 317/1135/4919 318/1134/8765 2266/1945/4920
f 318/1134/4922 319/1133/8766 2281/1960/4922
f 319/1133/4924 320/1132/8767 2296/1975/4924
f 320/1132/4926 321/1131/8768 2311/1990/4926
f 321/1131/4928 322/1130/8769 2326/2005/4928
f 322/1130/4930 323/1129/8770 2341/2020/4930
f 323/1129/4932 324/1128/8771 2356/2035/4933
f 324/1128/4935 325/1127/8772 2371/2050/4936
f 325/1127/4938 326/1126/8773 2386/2065/4939
f 326/1126/4941 327/1125/8774 2401/2080/4942
f 327/1125/4943 328/1124/8775 2416/2095/4943
f 328/1124/4944 329/1123/4945 2431/2110/4945
f 329/1123/4945 330/1122/4946 2446/2125/4946
f 330/1122/4946 331/1121/4947 2461/2127/4947
f 331/1121/4947 12/513/4948 362/2128/4948
f 2461/2127/4881 362/2128/6887 363/2129/4949
f 2460/2126/4879 363/2129/4950 364/2130/4950
f 2459/2124/4877 364/2130/4951 365/2131/4951
f 2458/2123/4876 365/2131/6884 366/2132/4952
f 2457/2122/4875 366/2132/4953 367/2133/4953
f 2456/2121/4873 367/2133/4954 368/2134/4954
f 2455/2120/4872 368/2134/4955 369/2135/4955
f 2453/2118/4871 2454/2119/4871 369/2135/4956
f 2452/2117/4870 2453/2118/4870 370/2136/4957
f 2451/2116/4869 2452/2117/4869 371/2137/4958
f 2450/2115/4868 2451/2116/4868 372/2138/4959
f 2449/2114/4867 2450/2115/4867 373/2139/4961
f 2448/2112/4866 2449/2114/4866 374/2140/4962
f 2447/2113/4865 2448/2112/4865 375/2141/4963
f 212/1103/4965 2447/2113/4965 376/2142/4966
f 213/1104/4967 2432/2098/4967 2447/2113/4965
f 214/1102/4968 2417/2083/4968 2432/2098/4967
f 215/1101/4969 2402/2068/4969 2417/2083/4968
f 216/1100/4970 2387/2053/4970 2402/2068/4970
f 217/1099/4972 2372/2038/8776 2387/2053/4972
f 218/1098/4974 2357/2023/8777 2372/2038/4975
f 219/1097/4977 2342/2008/8778 2357/2023/4978
f 220/1096/4980 2327/1993/8779 2342/2008/4981
f 221/1095/4983 2312/1978/8780 2327/1993/4983
f 222/1094/4985 2297/1963/8781 2312/1978/4985
f 223/1093/4987 2282/1948/8782 2297/1963/4987
f 224/1092/4989 2267/1933/8783 2282/1948/4989
f 225/1091/4991 2252/1905/8784 2267/1933/4991
f 226/1090/4993 2237/1903/8785 2252/1905/4994
f 2462/2143/4996 2463/2146/8786 2478/2144/4997
f 2463/2146/4999 2464/2148/8787 2479/2147/5000
f 2464/2148/5002 2465/2150/8788 2480/2149/5002
f 2465/2150/5004 2466/2152/8789 2481/2151/5005
f 2466/2152/5007 2467/2154/8790 2482/2153/5007
f 2467/2154/5009 2468/2156/8791 2483/2155/5010
f 2468/2156/5012 2469/2158/8792 2484/2157/5013
f 2469/2158/5015 2470/2160/8793 2485/2159/5016
f 2470/2160/5018 2471/2162/8794 2486/2161/5018
f 2471/2162/5020 2472/2164/8795 2487/2163/5020
f 2472/2164/5022 2473/2166/8796 2488/2165/5022
f 2473/2166/5024 2474/2168/5027 2489/2167/5025
f 2474/2168/5027 2475/2170/5029 2490/2169/5028
f 2475/2170/5029 2476/2366/5030 2491/2171/5030
f 2477/2145/5031 2478/2144/8797 2493/2172/5032
f 2478/2144/5034 2479/2147/8798 2494/2174/5034
f 2479/2147/5036 2480/2149/8799 2495/2175/5036
f 2480/2149/5037 2481/2151/8800 2496/2176/5037
f 2481/2151/5039 2482/2153/8801 2497/2177/5040
f 2482/2153/5042 2483/2155/8802 2498/2178/5043
f 2483/2155/5045 2484/2157/8803 2499/2179/5046
f 2484/2157/5048 2485/2159/8804 2500/2180/5049
f 2485/2159/5051 2486/2161/8805 2501/2181/5051
f 2486/2161/5053 2487/2163/8806 2502/2182/5053
f 2487/2163/5055 2488/2165/8807 2503/2183/5055
f 2488/2165/5057 2489/2167/5060 2504/2184/5058
f 2489/2167/5060 2490/2169/5062 2505/2185/5061
f 2490/2169/5062 2491/2171/5063 2506/2186/5063
f 2492/2173/5064 2493/2172/8808 2508/2187/5064
f 2493/2172/5066 2494/2174/8809 2509/2189/5066
f 2494/2174/5068 2495/2175/8810 2510/2190/5069
f 2495/2175/5071 2496/2176/8811 2511/2191/5072
f 2496/2176/5074 2497/2177/8812 2512/2192/5075
f 2497/2177/5077 2498/2178/8813 2513/2193/5078
f 2498/2178/5080 2499/2179/8814 2514/2194/5081
f 2499/2179/5083 2500/2180/8815 2515/2195/5084
f 2500/2180/5086 2501/2181/8816 2516/2196/5087
f 2501/2181/5089 2502/2182/8817 2517/2197/5089
f 2502/2182/5091 2503/2183/8818 2518/2198/5091
f 2503/2183/5093 2504/2184/5096 2519/2199/5094
f 2504/2184/5096 2505/2185/5097 2520/2200/5097
f 2505/2185/5097 2506/2186/5512 2521/2201/5098
f 2507/2188/5099 2508/2187/8819 2523/2202/5099
f 2508/2187/5101 2509/2189/8820 2524/2204/5102
f 2509/2189/5104 2510/2190/8821 2525/2205/5104
f 2510/2190/5106 2511/2191/8822 2526/2206/5107
f 2511/2191/5109 2512/2192/8823 2527/2207/5110
f 2512/2192/5112 2513/2193/8824 2528/2208/5113
f 2513/2193/5115 2514/2194/8825 2529/2209/5116
f 2514/2194/5118 2515/2195/8826 2530/2210/5119
f 2515/2195/5121 2516/2196/8827 2531/2211/5121
f 2516/2196/5123 2517/2197/8828 2532/2212/5123
f 2517/2197/5125 2518/2198/8829 2533/2213/5125
f 2518/2198/5127 2519/2199/5128 2534/2214/5128
f 2519/2199/5128 2520/2200/5130 2535/2215/5130
f 2520/2200/5130 2521/2201/5131 2536/2216/5131
f 2522/2203/5132 2523/2202/8830 2538/2217/5133
f 2523/2202/5135 2524/2204/8831 2539/2219/5135
f 2524/2204/5137 2525/2205/8832 2540/2220/5137
f 2525/2205/5139 2526/2206/8833 2541/2221/5139
f 2526/2206/5141 2527/2207/8834 2542/2222/5142
f 2527/2207/5144 2528/2208/8835 2543/2223/5145
f 2528/2208/5147 2529/2209/8836 2544/2224/5148
f 2529/2209/5150 2530/2210/8837 2545/2225/5151
f 2530/2210/5153 2531/2211/8838 2546/2226/5154
f 2531/2211/5156 2532/2212/8839 2547/2227/5156
f 2532/2212/5158 2533/2213/8840 2548/2228/5158
f 2533/2213/5160 2534/2214/5163 2549/2229/5161
f 2534/2214/5163 2535/2215/5165 2550/2230/5164
f 2535/2215/5165 2536/2216/5166 2551/2231/5166
f 2537/2218/5167 2538/2217/8841 2553/2232/5168
f 2538/2217/5170 2539/2219/8842 2554/2234/5171
f 2539/2219/5173 2540/2220/8843 2555/2235/5174
f 2540/2220/5176 2541/2221/8844 2556/2236/5177
f 2541/2221/5179 2542/2222/8845 2557/2237/5180
f 2542/2222/5182 2543/2223/8846 2558/2238/5183
f 2543/2223/5185 2544/2224/8847 2559/2239/5186
f 2544/2224/5188 2545/2225/8848 2560/2240/5189
f 2545/2225/5191 2546/2226/8849 2561/2241/5192
f 2546/2226/5194 2547/2227/8850 2562/2242/5194
f 2547/2227/5196 2548/2228/8851 2563/2243/5196
f 2548/2228/5198 2549/2229/5201 2564/2244/5199
f 2549/2229/5201 2550/2230/5202 2565/2245/5202
f 2550/2230/5202 2551/2231/5203 2566/2246/5203
f 2552/2233/5204 2553/2232/8852 2568/2247/5204
f 2553/2232/5206 2554/2234/8853 2569/2249/5207
f 2554/2234/5209 2555/2235/8854 2570/2250/5210
f 2555/2235/5212 2556/2236/8855 2571/2251/5213
f 2556/2236/5215 2557/2237/8856 2572/2252/5216
f 2557/2237/5218 2558/2238/8857 2573/2253/5219
f 2558/2238/5221 2559/2239/8858 2574/2254/5222
f 2559/2239/5224 2560/2240/8859 2575/2255/5224
f 2560/2240/5226 2561/2241/8860 2576/2256/5226
f 2561/2241/5228 2562/2242/8861 2577/2257/5228
f 2562/2242/5230 2563/2243/5230 2578/2258/5230
f 2563/2243/5232 2564/2244/5233 2579/2259/5233
f 2564/2244/5233 2565/2245/5234 2580/2260/5234
f 2565/2245/5234 2566/2246/5235 2581/2261/5235
f 2568/2247/5236 2583/2263/8862 2582/2262/5236
f 2569/2249/5238 2584/2264/8863 2583/2263/5239
f 2570/2250/5241 2585/2265/8864 2584/2264/5242
f 2571/2251/5244 2586/2266/8865 2585/2265/5245
f 2572/2252/5247 2587/2267/8866 2586/2266/5248
f 2573/2253/5250 2588/2268/8867 2587/2267/5251
f 2574/2254/5253 2589/2269/8868 2588/2268/5254
f 2575/2255/5256 2590/2270/8869 2589/2269/5256
f 2576/2256/5258 2591/2271/8870 2590/2270/5258
f 2577/2257/5260 2592/2272/8871 2591/2271/5260
f 2578/2258/5262 2593/2273/5262 2592/2272/5262
f 2579/2259/5264 2594/2274/5264 2593/2273/5265
f 2580/2260/5266 2595/2275/5266 2594/2274/5264
f 2581/2261/5267 2596/2289/5267 2595/2275/5266
f 2583/2263/5268 2598/2277/8872 2597/2276/5269
f 2584/2264/5271 2599/2278/8873 2598/2277/5272
f 2585/2265/5274 2600/2279/8874 2599/2278/5275
f 2586/2266/5277 2601/2280/8875 2600/2279/5278
f 2587/2267/5280 2602/2281/8876 2601/2280/5281
f 2588/2268/5283 2603/2282/8877 2602/2281/5284
f 2589/2269/5286 2604/2283/8878 2603/2282/5287
f 2590/2270/5289 2605/2284/8879 2604/2283/5290
f 2591/2271/5292 2606/2285/8880 2605/2284/5293
f 2592/2272/5295 2607/2286/8881 2606/2285/5295
f 2593/2273/5297 2608/2287/8882 2607/2286/5297
f 2594/2274/5299 2609/2288/5303 2608/2287/5300
f 2595/2275/5302 2610/2290/5302 2609/2288/5303
f 2596/2289/5304 2611/2304/5304 2610/2290/5302
f 2598/2277/5305 2613/2292/8883 2612/2291/5306
f 2599/2278/5308 2614/2293/8884 2613/2292/5308
f 2600/2279/5310 2615/2294/8885 2614/2293/5310
f 2601/2280/5312 2616/2295/8886 2615/2294/5312
f 2602/2281/5314 2617/2296/8887 2616/2295/5315
f 2603/2282/5317 2618/2297/8888 2617/2296/5318
f 2604/2283/5320 2619/2298/8889 2618/2297/5321
f 2605/2284/5323 2620/2299/8890 2619/2298/5324
f 2606/2285/5326 2621/2300/8891 2620/2299/5327
f 2607/2286/5329 2622/2301/8892 2621/2300/5329
f 2608/2287/5331 2623/2302/8893 2622/2301/5331
f 2609/2288/5333 2624/2303/5337 2623/2302/5334
f 2610/2290/5336 2625/2305/5339 2624/2303/5337
f 2611/2304/5338 2626/2319/5338 2625/2305/5339
f 2613/2292/5340 2628/2307/8894 2627/2306/5340
f 2614/2293/5342 2629/2308/8895 2628/2307/5343
f 2615/2294/5345 2630/2309/8896 2629/2308/5345
f 2616/2295/5347 2631/2310/8897 2630/2309/5348
f 2617/2296/5350 2632/2311/8898 2631/2310/5351
f 2618/2297/5353 2633/2312/8899 2632/2311/5354
f 2619/2298/5356 2634/2313/8900 2633/2312/5357
f 2620/2299/5359 2635/2314/8901 2634/2313/5360
f 2621/2300/5362 2636/2315/8902 2635/2314/5362
f 2622/2301/5364 2637/2316/8903 2636/2315/5364
f 2623/2302/5366 2638/2317/8904 2637/2316/5366
f 2624/2303/5368 2639/2318/5368 2638/2317/5369
f 2625/2305/5371 2640/2320/5371 2639/2318/5368
f 2626/2319/5372 2641/2334/5372 2640/2320/5371
f 2628/2307/5373 2643/2322/8905 2642/2321/5373
f 2629/2308/5375 2644/2323/8906 2643/2322/5375
f 2630/2309/5377 2645/2324/8907 2644/2323/5378
f 2631/2310/5380 2646/2325/8908 2645/2324/5381
f 2632/2311/5383 2647/2326/8909 2646/2325/5384
f 2633/2312/5386 2648/2327/8910 2647/2326/5387
f 2634/2313/5389 2649/2328/8911 2648/2327/5389
f 2635/2314/5391 2650/2329/8912 2649/2328/5392
f 2636/2315/5394 2651/2330/8913 2650/2329/5395
f 2637/2316/5397 2652/2331/8914 2651/2330/5397
f 2638/2317/5399 2653/2332/8915 2652/2331/5399
f 2639/2318/5401 2654/2333/5405 2653/2332/5402
f 2640/2320/5404 2655/2335/5407 2654/2333/5405
f 2641/2334/5406 2656/2349/5406 2655/2335/5407
f 2643/2322/5408 2658/2337/8916 2657/2336/5409
f 2644/2323/5411 2659/2338/8917 2658/2337/5411
f 2645/2324/5413 2660/2339/8918 2659/2338/5413
f 2646/2325/5415 2661/2340/8919 2660/2339/5415
f 2647/2326/5417 2662/2341/8920 2661/2340/5418
f 2648/2327/5420 2663/2342/8921 2662/2341/5421
f 2649/2328/5423 2664/2343/8922 2663/2342/5424
f 2650/2329/5426 2665/2344/8923 2664/2343/5427
f 2651/2330/5429 2666/2345/8924 2665/2344/5429
f 2652/2331/5431 2667/2346/8925 2666/2345/5431
f 2653/2332/5433 2668/2347/8926 2667/2346/5433
f 2654/2333/5435 2669/2348/5439 2668/2347/5436
f 2655/2335/5438 2670/2350/5441 2669/2348/5439
f 2656/2349/5440 2671/2364/5440 2670/2350/5441
f 2658/2337/5442 2673/2352/8927 2672/2351/5443
f 2659/2338/5445 2674/2353/8928 2673/2352/5446
f 2660/2339/5448 2675/2354/8929 2674/2353/5448
f 2661/2340/5450 2676/2355/8930 2675/2354/5451
f 2662/2341/5453 2677/2356/8931 2676/2355/5453
f 2663/2342/5455 2678/2357/8932 2677/2356/5456
f 2664/2343/5458 2679/2358/8933 2678/2357/5459
f 2665/2344/5461 2680/2359/8934 2679/2358/5462
f 2666/2345/5464 2681/2360/8935 2680/2359/5464
f 2667/2346/5466 2682/2361/8936 2681/2360/5466
f 2668/2347/5468 2683/2362/8937 2682/2361/5468
f 2669/2348/5470 2684/2363/5474 2683/2362/5471
f 2670/2350/5473 2685/2365/5476 2684/2363/5474
f 2671/2364/5475 2686/2381/5475 2685/2365/5476
f 14/849/5477 226/1375/8938 2462/2143/5478
f 226/1375/5480 225/1419/8939 2463/2146/5481
f 225/1419/5483 224/1418/8940 2464/2148/5483
f 224/1418/5485 223/1417/8941 2465/2150/5485
f 223/1417/5487 222/1416/8942 2466/2152/5487
f 222/1416/5489 221/1415/8943 2467/2154/5489
f 221/1415/5491 220/1414/8944 2468/2156/5491
f 220/1414/5493 219/1413/8945 2469/2158/5494
f 219/1413/5496 218/1412/8946 2470/2160/5497
f 218/1412/5499 217/1411/8947 2471/2162/5500
f 217/1411/5502 216/1410/8948 2472/2164/5502
f 216/1410/5504 215/1409/8949 2473/2166/5504
f 215/1409/5505 214/1408/5506 2474/2168/5506
f 214/1408/5506 213/1407/5507 2475/2170/5507
f 213/1407/5507 212/1406/5508 2476/2366/5508
f 212/1406/5508 10/1105/5509 241/2367/5509
f 2476/2366/5030 241/2367/5901 240/2368/5510
f 2491/2171/5063 240/2368/5511 239/2369/5511
f 2506/2186/5512 239/2369/5513 238/2370/5513
f 2521/2201/5131 238/2370/5899 237/2371/5514
f 2536/2216/5166 237/2371/5515 236/2372/5515
f 2551/2231/5203 236/2372/5516 235/2373/5516
f 2566/2246/5235 235/2373/5517 234/2374/5517
f 234/2374/5518 233/2375/5518 2596/2289/5267
f 233/2375/5519 232/2376/5519 2611/2304/5304
f 232/2376/5520 231/2377/5520 2626/2319/5338
f 231/2377/5521 230/2378/5898 2641/2334/5372
f 230/2378/5522 229/2379/5522 2656/2349/5406
f 229/2379/5523 228/2380/5523 2671/2364/5440
f 228/2380/5524 227/2382/5897 2686/2381/5475
f 227/2382/5525 9/225/5525 361/1390/5526
f 2686/2381/5526 361/1390/5526 360/2383/5527
f 2685/2365/5527 360/2383/5527 359/1388/5528
f 2684/2363/5528 359/1388/5528 358/1387/5529
f 2683/2362/5530 358/1387/8950 357/1386/5530
f 2682/2361/5531 357/1386/8951 356/1385/5532
f 2681/2360/5533 356/1385/8952 355/1384/5534
f 2680/2359/5536 355/1384/8953 354/1383/5537
f 2679/2358/5539 354/1383/8954 353/1382/5540
f 2678/2357/5542 353/1382/8955 352/1381/5542
f 2677/2356/5544 352/1381/8956 351/1380/5544
f 2676/2355/5546 351/1380/8957 350/1379/5546
f 2675/2354/5548 350/1379/8958 349/1378/5548
f 2674/2353/5550 349/1378/8959 348/1377/5550
f 2673/2352/5552 348/1377/8960 347/1376/5553
f 2672/2351/5555 347/1376/8961 13/833/5556
f 2657/2336/5558 2672/2351/8962 272/834/5559
f 2642/2321/5561 2657/2336/8963 273/835/5561
f 2627/2306/5563 2642/2321/8964 274/836/5563
f 2612/2291/5565 2627/2306/8965 275/837/5565
f 2597/2276/5567 2612/2291/8966 276/838/5567
f 2582/2262/5569 2597/2276/8967 277/839/5569
f 2567/2248/5571 2582/2262/8968 278/840/5571
f 280/842/5573 2552/2233/5574 2567/2248/5574
f 281/843/5576 2537/2218/8969 2552/2233/5576
f 282/844/5578 2522/2203/8970 2537/2218/5578
f 283/845/5580 2507/2188/8971 2522/2203/5580
f 284/846/5582 2492/2173/8972 2507/2188/5582
f 285/847/5584 2477/2145/8973 2492/2173/5584
f 286/848/5586 2462/2143/8974 2477/2145/5587
f 2688/2384/5589 2703/2388/5590 2702/2385/5590
f 2689/2387/5591 2704/2390/5621 2703/2388/5592
f 2690/2389/5594 2705/2392/5623 2704/2390/5595
f 2691/2391/5596 2706/2394/5625 2705/2392/5597
f 2692/2393/5598 2707/2396/5599 2706/2394/5599
f 2693/2395/5600 2708/2398/5601 2707/2396/5601
f 2694/2397/5602 2709/2400/5603 2708/2398/5603
f 2694/2397/5604 2695/2401/5604 2710/2399/5605
f 2695/2401/5606 2696/2403/5606 2711/2402/5607
f 2696/2403/5608 2697/2405/5608 2712/2404/5609
f 2697/2405/5610 2698/2407/5874 2713/2406/5611
f 2698/2407/5612 2699/2409/5612 2714/2408/5613
f 2699/2409/5615 2700/2411/5875 2715/2410/5616
f 2700/2411/5618 2701/2609/5618 2716/2412/5619
f 2703/2388/5620 2718/2414/5620 2717/2413/5620
f 2704/2390/5621 2719/2415/8975 2718/2414/5622
f 2705/2392/5623 2720/2416/5624 2719/2415/5624
f 2706/2394/5625 2721/2417/5626 2720/2416/5626
f 2707/2396/5599 2722/2418/5627 2721/2417/5627
f 2708/2398/5601 2723/2419/5628 2722/2418/5628
f 2709/2400/5603 2724/2421/5629 2723/2419/5629
f 2709/2400/5605 2710/2399/5605 2725/2420/5630
f 2710/2399/5607 2711/2402/5607 2726/2422/5631
f 2711/2402/5609 2712/2404/5609 2727/2423/5632
f 2712/2404/5611 2713/2406/5611 2728/2424/5633
f 2713/2406/5614 2714/2408/5613 2729/2425/5634
f 2714/2408/5617 2715/2410/5616 2730/2426/5635
f 2715/2410/5637 2716/2412/5637 2731/2427/5637
f 2718/2414/5638 2733/2429/5638 2732/2428/5638
f 2719/2415/5639 2734/2430/5639 2733/2429/5639
f 2720/2416/5641 2735/2431/5641 2734/2430/5641
f 2721/2417/5642 2736/2432/5642 2735/2431/5642
f 2722/2418/5643 2737/2433/5643 2736/2432/5643
f 2723/2419/5644 2738/2434/5644 2737/2433/5644
f 2724/2421/5645 2739/2436/5645 2738/2434/5646
f 2724/2421/5647 2725/2420/5648 2740/2435/5648
f 2725/2420/5649 2726/2422/5649 2741/2437/5649
f 2726/2422/5650 2727/2423/5650 2742/2438/5650
f 2727/2423/5651 2728/2424/5651 2743/2439/5651
f 2728/2424/5652 2729/2425/5652 2744/2440/5652
f 2729/2425/5653 2730/2426/8976 2745/2441/5653
f 2730/2426/5654 2731/2427/5654 2746/2442/5654
f 2733/2429/5655 2748/2444/5655 2747/2443/5655
f 2734/2430/5656 2749/2445/5656 2748/2444/5656
f 2735/2431/5657 2750/2446/5657 2749/2445/5657
f 2736/2432/5658 2751/2447/5658 2750/2446/5658
f 2737/2433/5659 2752/2448/5659 2751/2447/5659
f 2738/2434/5660 2753/2449/5660 2752/2448/5660
f 2739/2436/5661 2754/2451/5661 2753/2449/5661
f 2739/2436/5662 2740/2435/5662 2755/2450/5662
f 2740/2435/5663 2741/2437/5663 2756/2452/5663
f 2741/2437/5664 2742/2438/5664 2757/2453/5664
f 2742/2438/5665 2743/2439/5665 2758/2454/5665
f 2743/2439/5666 2744/2440/5666 2759/2455/5666
f 2744/2440/5667 2745/2441/5667 2760/2456/5667
f 2745/2441/5668 2746/2442/5668 2761/2457/5668
f 2748/2444/5669 2763/2459/5669 2762/2458/5670
f 2749/2445/5671 2764/2460/5671 2763/2459/5671
f 2750/2446/5672 2765/2461/5672 2764/2460/5672
f 2751/2447/5673 2766/2462/5673 2765/2461/5673
f 2752/2448/5674 2767/2463/5674 2766/2462/5674
f 2753/2449/5675 2768/2464/5675 2767/2463/5675
f 2754/2451/5676 2769/2466/5676 2768/2464/5677
f 2754/2451/5678 2755/2450/5679 2770/2465/5679
f 2755/2450/5680 2756/2452/8977 2771/2467/5680
f 2756/2452/5681 2757/2453/5681 2772/2468/5681
f 2757/2453/5682 2758/2454/5682 2773/2469/5682
f 2758/2454/5683 2759/2455/5683 2774/2470/5683
f 2759/2455/5684 2760/2456/5684 2775/2471/5684
f 2760/2456/5685 2761/2457/5686 2776/2472/5686
f 2763/2459/5687 2778/2474/5687 2777/2473/5688
f 2764/2460/5689 2779/2475/5689 2778/2474/5690
f 2765/2461/5691 2780/2476/8978 2779/2475/5692
f 2766/2462/5693 2781/2477/5693 2780/2476/5693
f 2767/2463/5694 2782/2478/5694 2781/2477/5694
f 2768/2464/5695 2783/2479/5695 2782/2478/5696
f 2769/2466/5697 2784/2481/5697 2783/2479/5697
f 2769/2466/5698 2770/2465/5699 2785/2480/5699
f 2770/2465/5700 2771/2467/5701 2786/2482/5701
f 2771/2467/5702 2772/2468/5702 2787/2483/5702
f 2772/2468/5703 2773/2469/5703 2788/2484/5703
f 2773/2469/5704 2774/2470/5704 2789/2485/5704
f 2774/2470/5705 2775/2471/5705 2790/2486/5705
f 2775/2471/5706 2776/2472/5707 2791/2487/5707
f 2778/2474/5708 2793/2489/5708 2792/2488/5709
f 2779/2475/5710 2794/2490/8979 2793/2489/5711
f 2780/2476/5713 2795/2491/5713 2794/2490/5714
f 2781/2477/5715 2796/2492/8980 2795/2491/5716
f 2782/2478/5717 2797/2493/5717 2796/2492/5717
f 2783/2479/5718 2798/2494/5718 2797/2493/5719
f 2784/2481/5720 2799/2496/8981 2798/2494/5721
f 2784/2481/5722 2785/2480/5723 2800/2495/5723
f 2785/2480/5724 2786/2482/5724 2801/2497/5724
f 2786/2482/5725 2787/2483/5725 2802/2498/5725
f 2787/2483/5726 2788/2484/5726 2803/2499/5726
f 2788/2484/5727 2789/2485/5727 2804/2500/5727
f 2789/2485/5728 2790/2486/5729 2805/2501/5729
f 2790/2486/5730 2791/2487/5731 2806/2502/5731
f 2793/2489/5732 2808/2504/5732 2807/2503/5733
f 2794/2490/5734 2809/2505/5734 2808/2504/5734
f 2795/2491/5735 2810/2506/5735 2809/2505/5736
f 2796/2492/5737 2811/2507/5737 2810/2506/5738
f 2797/2493/5739 2812/2508/5739 2811/2507/5740
f 2798/2494/5741 2813/2509/5741 2812/2508/5742
f 2799/2496/5743 2814/2511/5743 2813/2509/5744
f 2799/2496/5745 2800/2495/5746 2815/2510/5746
f 2800/2495/5747 2801/2497/5748 2816/2512/5748
f 2801/2497/5749 2802/2498/5750 2817/2513/5750
f 2802/2498/5751 2803/2499/5751 2818/2514/5751
f 2803/2499/5752 2804/2500/5752 2819/2515/5752
f 2804/2500/5753 2805/2501/5753 2820/2516/5753
f 2805/2501/5754 2806/2502/5755 2821/2517/5755
f 2808/2504/5756 2823/2519/5756 2822/2518/5756
f 2809/2505/5757 2824/2520/5757 2823/2519/5757
f 2810/2506/5758 2825/2521/5758 2824/2520/5758
f 2811/2507/5759 2826/2522/5759 2825/2521/5760
f 2812/2508/5761 2827/2523/5761 2826/2522/5762
f 2813/2509/5763 2828/2524/5763 2827/2523/5764
f 2814/2511/5765 2829/2526/5765 2828/2524/5765
f 2814/2511/5766 2815/2510/5766 2830/2525/5766
f 2815/2510/5767 2816/2512/5768 2831/2527/5768
f 2816/2512/5769 2817/2513/5770 2832/2528/5770
f 2817/2513/5771 2818/2514/5772 2833/2529/5772
f 2818/2514/5773 2819/2515/5773 2834/2530/5773
f 2819/2515/5774 2820/2516/5774 2835/2531/5774
f 2820/2516/5775 2821/2517/5776 2836/2532/5776
f 2823/2519/5777 2838/2534/5777 2837/2533/5777
f 2824/2520/5778 2839/2535/5778 2838/2534/5778
f 2825/2521/5779 2840/2536/5779 2839/2535/5779
f 2826/2522/5780 2841/2537/5780 2840/2536/5780
f 2827/2523/5781 2842/2538/5781 2841/2537/5782
f 2828/2524/5783 2843/2539/5783 2842/2538/5783
f 2829/2526/5784 2844/2541/5784 2843/2539/5784
f 2829/2526/5785 2830/2525/5785 2845/2540/5785
f 2830/2525/5786 2831/2527/5786 2846/2542/5786
f 2831/2527/5787 2832/2528/5788 2847/2543/5788
f 2832/2528/5789 2833/2529/5789 2848/2544/5789
f 2833/2529/5790 2834/2530/5790 2849/2545/5790
f 2834/2530/5791 2835/2531/5791 2850/2546/5791
f 2835/2531/5792 2836/2532/5793 2851/2547/5793
f 2838/2534/5794 2853/2549/5794 2852/2548/5794
f 2839/2535/5795 2854/2550/8982 2853/2549/5795
f 2840/2536/5796 2855/2551/5796 2854/2550/5797
f 2841/2537/5798 2856/2552/5798 2855/2551/5798
f 2842/2538/5799 2857/2553/5799 2856/2552/5799
f 2843/2539/5800 2858/2554/5800 2857/2553/5800
f 2844/2541/5801 2859/2556/5801 2858/2554/5802
f 2844/2541/5803 2845/2540/5804 2860/2555/5804
f 2845/2540/5805 2846/2542/5805 2861/2557/5805
f 2846/2542/5806 2847/2543/5806 2862/2558/5806
f 2847/2543/5807 2848/2544/5807 2863/2559/5807
f 2848/2544/5808 2849/2545/8983 2864/2560/5808
f 2849/2545/5809 2850/2546/5809 2865/2561/5809
f 2850/2546/5811 2851/2547/5811 2866/2562/5811
f 2853/2549/5812 2868/2564/5812 2867/2563/5812
f 2854/2550/5813 2869/2565/5813 2868/2564/5813
f 2855/2551/5814 2870/2566/5814 2869/2565/5814
f 2856/2552/5815 2871/2567/5815 2870/2566/5815
f 2857/2553/5816 2872/2568/5816 2871/2567/5816
f 2858/2554/5817 2873/2569/5817 2872/2568/5817
f 2859/2556/5818 2874/2571/5818 2873/2569/5818
f 2859/2556/5820 2860/2555/5820 2875/2570/5820
f 2860/2555/5821 2861/2557/5821 2876/2572/5821
f 2861/2557/5822 2862/2558/5822 2877/2573/5822
f 2862/2558/5823 2863/2559/5824 2878/2574/5824
f 2863/2559/5825 2864/2560/5826 2879/2575/5826
f 2864/2560/5827 2865/2561/5827 2880/2576/5827
f 2865/2561/5828 2866/2562/5828 2881/2577/5828
f 2868/2564/5829 2883/2579/5829 2882/2578/5829
f 2869/2565/5830 2884/2580/5830 2883/2579/5830
f 2870/2566/5831 2885/2581/5831 2884/2580/5831
f 2871/2567/5832 2886/2582/5832 2885/2581/5832
f 2872/2568/5833 2887/2583/5833 2886/2582/5833
f 2873/2569/5834 2888/2584/5834 2887/2583/5834
f 2874/2571/5835 2889/2586/8984 2888/2584/5835
f 2874/2571/5836 2875/2570/5836 2890/2585/5836
f 2875/2570/5837 2876/2572/5838 2891/2587/5838
f 2876/2572/5839 2877/2573/5839 2892/2588/5839
f 2877/2573/5840 2878/2574/5840 2893/2589/5840
f 2878/2574/5841 2879/2575/5841 2894/2590/5841
f 2879/2575/5842 2880/2576/5842 2895/2591/5842
f 2880/2576/5843 2881/2577/5843 2896/2592/5843
f 2883/2579/5844 2898/2594/5845 2897/2593/5845
f 2884/2580/5846 2899/2595/5900 2898/2594/5847
f 2885/2581/5848 2900/2596/5849 2899/2595/5849
f 2886/2582/5850 2901/2597/5851 2900/2596/5851
f 2887/2583/5852 2902/2598/5853 2901/2597/5853
f 2888/2584/5854 2903/2599/5855 2902/2598/5855
f 2889/2586/5856 2904/2601/5857 2903/2599/5857
f 2889/2586/5858 2890/2585/5858 2905/2600/5859
f 2890/2585/5860 2891/2587/8985 2906/2602/5861
f 2891/2587/5862 2892/2588/5862 2907/2603/5863
f 2892/2588/5864 2893/2589/5864 2908/2604/5865
f 2893/2589/5866 2894/2590/5866 2909/2605/5867
f 2894/2590/5868 2895/2591/5868 2910/2606/5869
f 2895/2591/5871 2896/2592/5871 2911/2607/5872
f 61/1405/2633 2687/2386/5873 392/2608/5873
f 60/1404/2631 2688/2384/5589 2687/2386/5589
f 59/1403/2629 2689/2387/5591 2688/2384/5593
f 58/1402/2628 2690/2389/5594 2689/2387/5594
f 57/1401/2627 2691/2391/5596 2690/2389/5596
f 56/1400/2626 2692/2393/5598 2691/2391/5598
f 55/1399/2625 2693/2395/5600 2692/2393/5600
f 54/1398/2624 2694/2397/5602 2693/2395/5602
f 54/1398/2623 53/1397/2623 2695/2401/5604
f 53/1397/2622 52/1396/2622 2696/2403/5606
f 52/1396/2621 51/1395/2621 2697/2405/5608
f 51/1395/2620 50/1394/2620 2698/2407/5874
f 50/1394/2619 49/1393/2619 2699/2409/5612
f 49/1393/2618 48/1392/2618 2700/2411/5875
f 48/1392/2617 47/1391/2617 2701/2609/5618
f 47/1391/2616 1/225/2616 377/2610/5876
f 2701/2609/5876 377/2610/5876 378/2611/5877
f 2716/2412/5878 378/2611/5878 379/2612/5878
f 2731/2427/5879 379/2612/5879 380/2613/5879
f 2746/2442/5880 380/2613/5880 381/2614/5880
f 2761/2457/5881 381/2614/5882 382/2615/5882
f 2776/2472/5883 382/2615/5884 383/2616/5884
f 2791/2487/5885 383/2616/5885 384/2617/5885
f 2806/2502/5886 384/2617/5887 385/2618/5887
f 2821/2517/5888 385/2618/5888 386/2619/5888
f 2836/2532/5889 386/2619/5890 387/2620/5890
f 2851/2547/5891 387/2620/5891 388/2621/5891
f 2866/2562/5892 388/2621/5893 389/2622/5893
f 2881/2577/5894 389/2622/5894 390/2623/5894
f 2896/2592/5895 390/2623/5895 391/2624/5896
f 2911/2607/5896 391/2624/5896 9/225/5525
f 2910/2606/5872 2911/2607/5872 227/2382/5897
f 2909/2605/5870 2910/2606/5869 228/2380/5523
f 2908/2604/5867 2909/2605/5867 229/2379/5522
f 2907/2603/5865 2908/2604/5865 230/2378/5898
f 2906/2602/5863 2907/2603/5863 231/2377/5520
f 2905/2600/5861 2906/2602/5861 232/2376/5519
f 2904/2601/5859 2905/2600/5859 233/2375/5518
f 2904/2601/5857 234/2374/5517 235/2373/5517
f 2903/2599/5855 235/2373/5516 236/2372/5516
f 2902/2598/5853 236/2372/5515 237/2371/5515
f 2901/2597/5851 237/2371/5514 238/2370/5899
f 2900/2596/5849 238/2370/5513 239/2369/5513
f 2899/2595/5900 239/2369/5511 240/2368/5511
f 2898/2594/5845 240/2368/5510 241/2367/5901
f 2897/2593/5902 241/2367/5509 10/1105/5509
f 2882/2578/5903 2897/2593/5902 406/2625/5902
f 2867/2563/5904 2882/2578/5904 405/2626/5904
f 2852/2548/5905 2867/2563/5905 404/2627/5906
f 2837/2533/5907 2852/2548/5907 403/2628/5907
f 2822/2518/5908 2837/2533/5908 402/2629/5908
f 2807/2503/5909 2822/2518/5909 401/2630/5909
f 2792/2488/5910 2807/2503/5910 400/2631/5911
f 2777/2473/5912 2792/2488/5912 399/2632/5912
f 2762/2458/5913 2777/2473/5913 398/2633/5914
f 2747/2443/5915 2762/2458/8986 397/2634/5915
f 2732/2428/5916 2747/2443/5916 396/2635/5916
f 2717/2413/5917 2732/2428/5917 395/2636/5917
f 2702/2385/5918 2717/2413/5918 394/2637/5918
f 2687/2386/5873 2702/2385/5919 393/2638/5919
f 2913/2639/5920 2928/2643/5921 2927/2640/5921
f 2914/2642/5922 2929/2645/5923 2928/2643/5923
f 2915/2644/5925 2930/2647/5953 2929/2645/5926
f 2916/2646/5927 2931/2649/5955 2930/2647/5928
f 2917/2648/5929 2932/2651/5930 2931/2649/5930
f 2918/2650/5931 2933/2653/5932 2932/2651/5932
f 2919/2652/5933 2934/2655/5934 2933/2653/5934
f 2919/2652/5935 2920/2656/5935 2935/2654/5936
f 2920/2656/5937 2921/2658/5937 2936/2657/5938
f 2921/2658/5939 2922/2660/5939 2937/2659/5940
f 2922/2660/5941 2923/2662/6203 2938/2661/5942
f 2923/2662/5943 2924/2664/5943 2939/2663/5944
f 2924/2664/5946 2925/2666/6204 2940/2665/5947
f 2925/2666/5948 2926/2866/5948 2941/2667/5949
f 2928/2643/5950 2943/2669/5950 2942/2668/5950
f 2929/2645/5951 2944/2670/5951 2943/2669/5952
f 2930/2647/5953 2945/2671/5954 2944/2670/5954
f 2931/2649/5955 2946/2672/5956 2945/2671/5956
f 2932/2651/5930 2947/2673/5957 2946/2672/5957
f 2933/2653/5932 2948/2674/5958 2947/2673/5958
f 2934/2655/5934 2949/2676/5959 2948/2674/5959
f 2934/2655/5936 2935/2654/5936 2950/2675/5960
f 2935/2654/5938 2936/2657/5938 2951/2677/5961
f 2936/2657/5940 2937/2659/5940 2952/2678/5962
f 2937/2659/5942 2938/2661/5942 2953/2679/5963
f 2938/2661/5945 2939/2663/5944 2954/2680/5964
f 2939/2663/5965 2940/2665/5966 2955/2681/5966
f 2940/2665/5967 2941/2667/5967 2956/2682/5967
f 2943/2669/5968 2958/2684/5968 2957/2683/5968
f 2944/2670/5969 2959/2685/5969 2958/2684/5969
f 2945/2671/5971 2960/2686/5971 2959/2685/5971
f 2946/2672/5972 2961/2687/5972 2960/2686/5972
f 2947/2673/5973 2962/2688/5973 2961/2687/5973
f 2948/2674/5974 2963/2689/5974 2962/2688/5974
f 2949/2676/5975 2964/2691/5975 2963/2689/5976
f 2949/2676/5977 2950/2675/5978 2965/2690/5978
f 2950/2675/5979 2951/2677/5979 2966/2692/5979
f 2951/2677/5980 2952/2678/5980 2967/2693/5980
f 2952/2678/5981 2953/2679/5981 2968/2694/5981
f 2953/2679/5982 2954/2680/5982 2969/2695/5982
f 2954/2680/5983 2955/2681/8987 2970/2696/5983
f 2955/2681/5984 2956/2682/5984 2971/2697/5984
f 2958/2684/5985 2973/2699/5985 2972/2698/5985
f 2959/2685/5986 2974/2700/5986 2973/2699/5986
f 2960/2686/5987 2975/2701/5987 2974/2700/5987
f 2961/2687/5988 2976/2702/5988 2975/2701/5988
f 2962/2688/5989 2977/2703/5989 2976/2702/5989
f 2963/2689/5990 2978/2704/5990 2977/2703/5990
f 2964/2691/5991 2979/2706/5991 2978/2704/5991
f 2964/2691/5992 2965/2690/5992 2980/2705/5992
f 2965/2690/5993 2966/2692/5993 2981/2707/5993
f 2966/2692/5994 2967/2693/5994 2982/2708/5994
f 2967/2693/5995 2968/2694/5995 2983/2709/5995
f 2968/2694/5996 2969/2695/5996 2984/2710/5996
f 2969/2695/5997 2970/2696/5997 2985/2711/5997
f 2970/2696/5998 2971/2697/5998 2986/2712/5998
f 2973/2699/5999 2988/2714/5999 2987/2713/6000
f 2974/2700/6001 2989/2715/6001 2988/2714/6001
f 2975/2701/6002 2990/2716/6002 2989/2715/6002
f 2976/2702/6003 2991/2717/6003 2990/2716/6003
f 2977/2703/6004 2992/2718/6004 2991/2717/6004
f 2978/2704/6005 2993/2719/6005 2992/2718/6005
f 2979/2706/6006 2994/2721/6006 2993/2719/6007
f 2979/2706/6008 2980/2705/6009 2995/2720/6009
f 2980/2705/6010 2981/2707/6010 2996/2722/6010
f 2981/2707/6011 2982/2708/6011 2997/2723/6011
f 2982/2708/6012 2983/2709/6012 2998/2724/6012
f 2983/2709/6013 2984/2710/6013 2999/2725/6013
f 2984/2710/6014 2985/2711/6014 3000/2726/6014
f 2985/2711/6015 2986/2712/6016 3001/2727/6016
f 2988/2714/6017 3003/2729/6017 3002/2728/6018
f 2989/2715/6019 3004/2730/6019 3003/2729/6020
f 2990/2716/6021 3005/2731/6021 3004/2730/6022
f 2991/2717/6023 3006/2732/6023 3005/2731/6023
f 2992/2718/6024 3007/2733/6024 3006/2732/6024
f 2993/2719/6025 3008/2734/6025 3007/2733/6026
f 2994/2721/6027 3009/2736/6027 3008/2734/6027
f 2994/2721/6028 2995/2720/6029 3010/2735/6029
f 2995/2720/6030 2996/2722/6031 3011/2737/6031
f 2996/2722/6032 2997/2723/6032 3012/2738/6032
f 2997/2723/6033 2998/2724/6033 3013/2739/6033
f 2998/2724/6034 2999/2725/6034 3014/2740/6034
f 2999/2725/6035 3000/2726/6035 3015/2741/6035
f 3000/2726/6036 3001/2727/6037 3016/2742/6037
f 3003/2729/6038 3018/2744/6038 3017/2743/6039
f 3004/2730/6040 3019/2745/6040 3018/2744/6041
f 3005/2731/6043 3020/2746/6043 3019/2745/6044
f 3006/2732/6045 3021/2747/8988 3020/2746/6046
f 3007/2733/6047 3022/2748/6047 3021/2747/6047
f 3008/2734/6048 3023/2749/6048 3022/2748/6049
f 3009/2736/6050 3024/2751/8989 3023/2749/6051
f 3009/2736/6052 3010/2735/6053 3025/2750/6053
f 3010/2735/6054 3011/2737/6054 3026/2752/6054
f 3011/2737/6055 3012/2738/6055 3027/2753/6055
f 3012/2738/6056 3013/2739/6056 3028/2754/6056
f 3013/2739/6057 3014/2740/6057 3029/2755/6057
f 3014/2740/6058 3015/2741/6059 3030/2756/6059
f 3015/2741/6060 3016/2742/6061 3031/2757/6061
f 3018/2744/6062 3033/2759/6062 3032/2758/6063
f 3019/2745/6064 3034/2760/6064 3033/2759/6064
f 3020/2746/6065 3035/2761/6065 3034/2760/6066
f 3021/2747/6067 3036/2762/6067 3035/2761/6068
f 3022/2748/6069 3037/2763/6069 3036/2762/6070
f 3023/2749/6071 3038/2764/6071 3037/2763/6072
f 3024/2751/6073 3039/2766/8990 3038/2764/6074
f 3024/2751/6075 3025/2750/6076 3040/2765/6076
f 3025/2750/6077 3026/2752/6078 3041/2767/6078
f 3026/2752/6079 3027/2753/6080 3042/2768/6080
f 3027/2753/6081 3028/2754/6081 3043/2769/6081
f 3028/2754/6082 3029/2755/6082 3044/2770/6082
f 3029/2755/6083 3030/2756/6083 3045/2771/6083
f 3030/2756/6084 3031/2757/6085 3046/2772/6085
f 3033/2759/6086 3048/2774/6086 3047/2773/6087
f 3034/2760/6088 3049/2775/6088 3048/2774/6088
f 3035/2761/6089 3050/2776/6089 3049/2775/6089
f 3036/2762/6090 3051/2777/6090 3050/2776/6091
f 3037/2763/6092 3052/2778/6092 3051/2777/6093
f 3038/2764/6094 3053/2779/6094 3052/2778/6095
f 3039/2766/6096 3054/2781/6096 3053/2779/6096
f 3039/2766/6097 3040/2765/6097 3055/2780/6097
f 3040/2765/6098 3041/2767/6099 3056/2782/6099
f 3041/2767/6100 3042/2768/6101 3057/2783/6101
f 3042/2768/6102 3043/2769/6103 3058/2784/6103
f 3043/2769/6104 3044/2770/6104 3059/2785/6104
f 3044/2770/6105 3045/2771/6105 3060/2786/6105
f 3045/2771/6106 3046/2772/6106 3061/2787/6106
f 3048/2774/6107 3063/2789/6107 3062/2788/6108
f 3049/2775/6109 3064/2790/6109 3063/2789/6109
f 3050/2776/6110 3065/2791/6110 3064/2790/6110
f 3051/2777/6111 3066/2792/6111 3065/2791/6111
f 3052/2778/6112 3067/2793/6112 3066/2792/6113
f 3053/2779/6114 3068/2794/6114 3067/2793/6114
f 3054/2781/6115 3069/2796/6115 3068/2794/6115
f 3054/2781/6116 3055/2780/6116 3070/2795/6116
f 3055/2780/6117 3056/2782/6117 3071/2797/6117
f 3056/2782/6118 3057/2783/6119 3072/2798/6119
f 3057/2783/6120 3058/2784/6120 3073/2799/6120
f 3058/2784/6121 3059/2785/6121 3074/2800/6121
f 3059/2785/6122 3060/2786/6122 3075/2801/6122
f 3060/2786/6123 3061/2787/6123 3076/2802/6123
f 3063/2789/6124 3078/2804/6124 3077/2803/6124
f 3064/2790/6125 3079/2805/8991 3078/2804/6125
f 3065/2791/6126 3080/2806/6126 3079/2805/6127
f 3066/2792/6128 3081/2807/6128 3080/2806/6128
f 3067/2793/6129 3082/2808/6129 3081/2807/6129
f 3068/2794/6130 3083/2809/6130 3082/2808/6130
f 3069/2796/6131 3084/2811/6131 3083/2809/6132
f 3069/2796/6133 3070/2795/6134 3085/2810/6134
f 3070/2795/6135 3071/2797/6135 3086/2812/6135
f 3071/2797/6136 3072/2798/6136 3087/2813/6136
f 3072/2798/6137 3073/2799/6137 3088/2814/6137
f 3073/2799/6138 3074/2800/8992 3089/2815/6138
f 3074/2800/6139 3075/2801/6139 3090/2816/6139
f 3075/2801/6141 3076/2802/6141 3091/2817/6141
f 3078/2804/6142 3093/2819/6142 3092/2818/6142
f 3079/2805/6143 3094/2820/6143 3093/2819/6143
f 3080/2806/6144 3095/2821/6144 3094/2820/6144
f 3081/2807/6145 3096/2822/6145 3095/2821/6145
f 3082/2808/6146 3097/2823/6146 3096/2822/6146
f 3083/2809/6147 3098/2824/6147 3097/2823/6147
f 3084/2811/6148 3099/2826/6148 3098/2824/6148
f 3084/2811/6149 3085/2810/8993 3100/2825/6149
f 3085/2810/6150 3086/2812/6150 3101/2827/6150
f 3086/2812/6151 3087/2813/6151 3102/2828/6151
f 3087/2813/6152 3088/2814/6153 3103/2829/6153
f 3088/2814/6154 3089/2815/6155 3104/2830/6155
f 3089/2815/6156 3090/2816/6156 3105/2831/6156
f 3090/2816/6157 3091/2817/6157 3106/2832/6157
f 3093/2819/6158 3108/2834/6158 3107/2833/6158
f 3094/2820/6159 3109/2835/6159 3108/2834/6159
f 3095/2821/6160 3110/2836/6160 3109/2835/6160
f 3096/2822/6161 3111/2837/6161 3110/2836/6161
f 3097/2823/6162 3112/2838/6162 3111/2837/6162
f 3098/2824/6163 3113/2839/6163 3112/2838/6163
f 3099/2826/6164 3114/2841/8994 3113/2839/6164
f 3099/2826/6165 3100/2825/6165 3115/2840/6165
f 3100/2825/6166 3101/2827/6167 3116/2842/6167
f 3101/2827/6168 3102/2828/6168 3117/2843/6168
f 3102/2828/6169 3103/2829/6169 3118/2844/6169
f 3103/2829/6170 3104/2830/6170 3119/2845/6170
f 3104/2830/6171 3105/2831/6171 3120/2846/6171
f 3105/2831/6172 3106/2832/6172 3121/2847/6172
f 3108/2834/6173 3123/2849/6174 3122/2848/6174
f 3109/2835/6175 3124/2850/6225 3123/2849/6176
f 3110/2836/6177 3125/2851/6178 3124/2850/6178
f 3111/2837/6179 3126/2852/6180 3125/2851/6180
f 3112/2838/6181 3127/2853/6182 3126/2852/6182
f 3113/2839/6183 3128/2854/6184 3127/2853/6184
f 3114/2841/6185 3129/2856/6186 3128/2854/6186
f 3114/2841/6187 3115/2840/6187 3130/2855/6188
f 3115/2840/6189 3116/2842/8995 3131/2857/6190
f 3116/2842/6191 3117/2843/6191 3132/2858/6192
f 3117/2843/6193 3118/2844/6193 3133/2859/6194
f 3118/2844/6195 3119/2845/6195 3134/2860/6196
f 3119/2845/6197 3120/2846/6197 3135/2861/6198
f 3120/2846/6200 3121/2847/6200 3136/2862/6201
f 77/529/957 2912/2641/6202 407/2863/6202
f 78/528/956 2913/2639/5920 2912/2641/5920
f 79/527/955 2914/2642/5922 2913/2639/5924
f 80/526/954 2915/2644/5925 2914/2642/5925
f 81/525/953 2916/2646/5927 2915/2644/5927
f 82/524/952 2917/2648/5929 2916/2646/5929
f 83/522/951 2918/2650/5931 2917/2648/5931
f 84/523/950 2919/2652/5933 2918/2650/5933
f 84/523/949 85/2864/949 2920/2656/5935
f 85/2864/948 86/520/948 2921/2658/5937
f 86/520/947 87/519/947 2922/2660/5939
f 87/519/946 88/2865/946 2923/2662/6203
f 88/2865/945 89/517/945 2924/2664/5943
f 89/517/944 90/516/944 2925/2666/6204
f 90/516/943 91/515/943 2926/2866/5948
f 91/515/941 4/513/941 422/2867/6205
f 2926/2866/6205 422/2867/6205 423/2868/6206
f 2941/2667/6207 423/2868/6207 424/2869/6207
f 2956/2682/6208 424/2869/6208 425/2870/6208
f 2971/2697/6209 425/2870/6209 426/2871/6209
f 2986/2712/6210 426/2871/6210 427/2872/6210
f 3001/2727/6212 427/2872/6213 428/2873/6213
f 3016/2742/6214 428/2873/6214 429/2874/6214
f 3031/2757/6215 429/2874/6216 430/2875/6216
f 3046/2772/6217 430/2875/6217 431/2876/6217
f 3061/2787/6218 431/2876/6218 432/2877/6218
f 3076/2802/6219 432/2877/6219 433/2878/6219
f 3091/2817/6220 433/2878/6221 434/2879/6221
f 3106/2832/6222 434/2879/6222 435/2880/6222
f 3121/2847/6223 435/2880/6223 436/2881/6224
f 3136/2862/6224 436/2881/6224 12/513/3725
f 3135/2861/6201 3136/2862/6201 271/1885/3841
f 3134/2860/6199 3135/2861/6198 270/1901/3839
f 3133/2859/6196 3134/2860/6196 269/1900/3838
f 3132/2858/6194 3133/2859/6194 268/1899/3837
f 3131/2857/6192 3132/2858/6192 267/1898/3835
f 3130/2855/6190 3131/2857/6190 266/1897/3834
f 3129/2856/6188 3130/2855/6188 265/1896/3833
f 3129/2856/6186 264/1895/3832 263/1894/3832
f 3128/2854/6184 263/1894/3831 262/1893/3831
f 3127/2853/6182 262/1893/3830 261/1892/3830
f 3126/2852/6180 261/1892/3828 260/1891/3829
f 3125/2851/6178 260/1891/3827 259/1890/3827
f 3124/2850/6225 259/1890/3826 258/1889/3826
f 3123/2849/6174 258/1889/3824 257/1888/3825
f 3122/2848/6226 257/1888/3823 11/274/3823
f 3107/2833/6227 3122/2848/6226 421/2882/6226
f 3092/2818/6228 3107/2833/6228 420/2883/6228
f 3077/2803/6229 3092/2818/6229 419/2884/6230
f 3062/2788/6231 3077/2803/6231 418/2885/6231
f 3047/2773/6232 3062/2788/6232 417/2886/6232
f 3032/2758/6233 3047/2773/6233 416/2887/6233
f 3017/2743/6234 3032/2758/6234 415/2888/6235
f 3002/2728/6236 3017/2743/6236 414/2889/6236
f 2987/2713/6237 3002/2728/6237 413/2890/6238
f 2972/2698/6239 2987/2713/8996 412/2891/6239
f 2957/2683/6240 2972/2698/6240 411/2892/6240
f 2942/2668/6241 2957/2683/6241 410/2893/6241
f 2927/2640/6242 2942/2668/6242 409/2894/6242
f 2912/2641/6202 2927/2640/6243 408/2895/6243
f 3138/2896/6244 3153/2900/6245 3152/2897/6245
f 3139/2899/6246 3154/2902/6247 3153/2900/6247
f 3140/2901/6249 3155/2904/6278 3154/2902/6250
f 3141/2903/6251 3156/2906/6280 3155/2904/6252
f 3142/2905/6253 3157/2908/6254 3156/2906/6254
f 3143/2907/6255 3158/2910/6256 3157/2908/6256
f 3144/2909/6257 3159/2912/6258 3158/2910/6258
f 3144/2909/6259 3145/2913/6259 3160/2911/6260
f 3145/2913/6261 3146/2915/6261 3161/2914/6262
f 3146/2915/6263 3147/2917/6263 3162/2916/6264
f 3147/2917/6265 3148/2919/6265 3163/2918/6266
f 3148/2919/6268 3149/2921/6268 3164/2920/6269
f 3149/2921/6271 3150/2923/6531 3165/2922/6272
f 3150/2923/6273 3151/3123/6273 3166/2924/6274
f 3153/2900/6275 3168/2926/6275 3167/2925/6275
f 3154/2902/6276 3169/2927/6276 3168/2926/6277
f 3155/2904/6278 3170/2928/6279 3169/2927/6279
f 3156/2906/6280 3171/2929/6281 3170/2928/6281
f 3157/2908/6254 3172/2930/6282 3171/2929/6282
f 3158/2910/6256 3173/2931/6283 3172/2930/6283
f 3159/2912/6258 3174/2933/6284 3173/2931/6284
f 3159/2912/6260 3160/2911/6260 3175/2932/6285
f 3160/2911/6262 3161/2914/6262 3176/2934/6286
f 3161/2914/6264 3162/2916/6264 3177/2935/6287
f 3162/2916/6267 3163/2918/6266 3178/2936/6288
f 3163/2918/6270 3164/2920/6269 3179/2937/6289
f 3164/2920/6272 3165/2922/6272 3180/2938/6290
f 3165/2922/6292 3166/2924/6292 3181/2939/6292
f 3168/2926/6293 3183/2941/6293 3182/2940/6293
f 3169/2927/6294 3184/2942/6294 3183/2941/6295
f 3170/2928/6296 3185/2943/6296 3184/2942/6296
f 3171/2929/6297 3186/2944/6297 3185/2943/6297
f 3172/2930/6298 3187/2945/6298 3186/2944/6298
f 3173/2931/6299 3188/2946/6299 3187/2945/6299
f 3174/2933/6300 3189/2948/6300 3188/2946/6301
f 3174/2933/6302 3175/2932/6303 3190/2947/6303
f 3175/2932/6304 3176/2934/6304 3191/2949/6304
f 3176/2934/6305 3177/2935/6305 3192/2950/6305
f 3177/2935/6306 3178/2936/6306 3193/2951/6306
f 3178/2936/6307 3179/2937/6307 3194/2952/6307
f 3179/2937/6308 3180/2938/6308 3195/2953/6308
f 3180/2938/6310 3181/2939/6311 3196/2954/6311
f 3183/2941/6312 3198/2956/6312 3197/2955/6312
f 3184/2942/6313 3199/2957/6313 3198/2956/6313
f 3185/2943/6314 3200/2958/6314 3199/2957/6314
f 3186/2944/6315 3201/2959/6315 3200/2958/6315
f 3187/2945/6316 3202/2960/6316 3201/2959/6316
f 3188/2946/6317 3203/2961/6317 3202/2960/6317
f 3189/2948/6318 3204/2963/6318 3203/2961/6318
f 3189/2948/6319 3190/2947/6319 3205/2962/6319
f 3190/2947/6320 3191/2949/6320 3206/2964/6320
f 3191/2949/6321 3192/2950/6322 3207/2965/6322
f 3192/2950/6323 3193/2951/6323 3208/2966/6323
f 3193/2951/6324 3194/2952/6324 3209/2967/6324
f 3194/2952/6325 3195/2953/6325 3210/2968/6325
f 3195/2953/6326 3196/2954/6326 3211/2969/6326
f 3198/2956/6327 3213/2971/6327 3212/2970/6328
f 3199/2957/6329 3214/2972/6329 3213/2971/6329
f 3200/2958/6330 3215/2973/6330 3214/2972/6330
f 3201/2959/6331 3216/2974/6331 3215/2973/6331
f 3202/2960/6332 3217/2975/6332 3216/2974/6332
f 3203/2961/6334 3218/2976/6334 3217/2975/6335
f 3204/2963/6336 3219/2978/6336 3218/2976/6336
f 3204/2963/6337 3205/2962/6337 3220/2977/6337
f 3205/2962/6338 3206/2964/6338 3221/2979/6338
f 3206/2964/6339 3207/2965/6339 3222/2980/6339
f 3207/2965/6340 3208/2966/6340 3223/2981/6340
f 3208/2966/6341 3209/2967/6341 3224/2982/6341
f 3209/2967/6342 3210/2968/6342 3225/2983/6342
f 3210/2968/6343 3211/2969/6344 3226/2984/6344
f 3213/2971/6345 3228/2986/6345 3227/2985/6346
f 3214/2972/6347 3229/2987/6347 3228/2986/6347
f 3215/2973/6348 3230/2988/6348 3229/2987/6349
f 3216/2974/6350 3231/2989/6350 3230/2988/6350
f 3217/2975/6351 3232/2990/6351 3231/2989/6351
f 3218/2976/6352 3233/2991/6352 3232/2990/6353
f 3219/2978/6354 3234/2993/6354 3233/2991/6354
f 3219/2978/6355 3220/2977/6355 3235/2992/6355
f 3220/2977/6356 3221/2979/6357 3236/2994/6357
f 3221/2979/6358 3222/2980/6358 3237/2995/6358
f 3222/2980/6359 3223/2981/6359 3238/2996/6359
f 3223/2981/6360 3224/2982/6361 3239/2997/6361
f 3224/2982/6362 3225/2983/6362 3240/2998/6362
f 3225/2983/6363 3226/2984/6364 3241/2999/6364
f 3228/2986/6365 3243/3001/6365 3242/3000/6366
f 3229/2987/6367 3244/3002/6367 3243/3001/6368
f 3230/2988/6369 3245/3003/6369 3244/3002/6369
f 3231/2989/6370 3246/3004/6370 3245/3003/6371
f 3232/2990/6372 3247/3005/6372 3246/3004/6372
f 3233/2991/6373 3248/3006/6373 3247/3005/6374
f 3234/2993/6375 3249/3008/6375 3248/3006/6376
f 3234/2993/6377 3235/2992/6378 3250/3007/6378
f 3235/2992/6379 3236/2994/6380 3251/3009/6380
f 3236/2994/6381 3237/2995/6381 3252/3010/6381
f 3237/2995/6382 3238/2996/6383 3253/3011/6383
f 3238/2996/6384 3239/2997/6384 3254/3012/6384
f 3239/2997/6385 3240/2998/6385 3255/3013/6385
f 3240/2998/6386 3241/2999/6386 3256/3014/6386
f 3243/3001/6387 3258/3016/6387 3257/3015/6387
f 3244/3002/6388 3259/3017/6388 3258/3016/6388
f 3245/3003/6389 3260/3018/6389 3259/3017/6389
f 3246/3004/6390 3261/3019/6390 3260/3018/6391
f 3247/3005/6392 3262/3020/6392 3261/3019/6393
f 3248/3006/6394 3263/3021/6394 3262/3020/6395
f 3249/3008/6396 3264/3023/6396 3263/3021/6397
f 3249/3008/6398 3250/3007/6399 3265/3022/6399
f 3250/3007/6400 3251/3009/6401 3266/3024/6401
f 3251/3009/6402 3252/3010/6403 3267/3025/6403
f 3252/3010/6404 3253/3011/6405 3268/3026/6405
f 3253/3011/6406 3254/3012/6406 3269/3027/6406
f 3254/3012/6407 3255/3013/8997 3270/3028/6407
f 3255/3013/6409 3256/3014/6409 3271/3029/6409
f 3258/3016/6410 3273/3031/6410 3272/3030/6410
f 3259/3017/6411 3274/3032/6411 3273/3031/6411
f 3260/3018/6412 3275/3033/6412 3274/3032/6412
f 3261/3019/6413 3276/3034/6413 3275/3033/6413
f 3262/3020/6414 3277/3035/6414 3276/3034/6414
f 3263/3021/6415 3278/3036/6415 3277/3035/6416
f 3264/3023/6417 3279/3038/6417 3278/3036/6418
f 3264/3023/6419 3265/3022/6420 3280/3037/6420
f 3265/3022/6421 3266/3024/6422 3281/3039/6422
f 3266/3024/6423 3267/3025/6423 3282/3040/6423
f 3267/3025/6424 3268/3026/6424 3283/3041/6424
f 3268/3026/6425 3269/3027/6425 3284/3042/6425
f 3269/3027/6426 3270/3028/6426 3285/3043/6426
f 3270/3028/6427 3271/3029/6427 3286/3044/6427
f 3273/3031/6428 3288/3046/6428 3287/3045/6428
f 3274/3032/6429 3289/3047/6429 3288/3046/6429
f 3275/3033/6430 3290/3048/6430 3289/3047/6430
f 3276/3034/6431 3291/3049/6431 3290/3048/6431
f 3277/3035/6432 3292/3050/6432 3291/3049/6433
f 3278/3036/6434 3293/3051/6434 3292/3050/6435
f 3279/3038/6436 3294/3053/6436 3293/3051/6436
f 3279/3038/6437 3280/3037/6437 3295/3052/6437
f 3280/3037/6438 3281/3039/6439 3296/3054/6439
f 3281/3039/6440 3282/3040/6441 3297/3055/6441
f 3282/3040/6442 3283/3041/6442 3298/3056/6442
f 3283/3041/6443 3284/3042/6443 3299/3057/6443
f 3284/3042/6444 3285/3043/6444 3300/3058/6444
f 3285/3043/6445 3286/3044/6445 3301/3059/6445
f 3288/3046/6446 3303/3061/6446 3302/3060/6446
f 3289/3047/6447 3304/3062/6447 3303/3061/6448
f 3290/3048/6449 3305/3063/6449 3304/3062/6449
f 3291/3049/6451 3306/3064/6451 3305/3063/6451
f 3292/3050/6452 3307/3065/6452 3306/3064/6452
f 3293/3051/6453 3308/3066/6453 3307/3065/6453
f 3294/3053/6454 3309/3068/8998 3308/3066/6454
f 3294/3053/6455 3295/3052/6455 3310/3067/6455
f 3295/3052/6457 3296/3054/6457 3311/3069/6457
f 3296/3054/6458 3297/3055/6458 3312/3070/6458
f 3297/3055/6459 3298/3056/6459 3313/3071/6459
f 3298/3056/6460 3299/3057/8999 3314/3072/6460
f 3299/3057/6461 3300/3058/6462 3315/3073/6462
f 3300/3058/6463 3301/3059/6463 3316/3074/6463
f 3303/3061/6464 3318/3076/6464 3317/3075/6464
f 3304/3062/6465 3319/3077/6465 3318/3076/6465
f 3305/3063/6466 3320/3078/6466 3319/3077/6466
f 3306/3064/6467 3321/3079/6467 3320/3078/6468
f 3307/3065/6469 3322/3080/6469 3321/3079/6469
f 3308/3066/6470 3323/3081/6470 3322/3080/6471
f 3309/3068/6472 3324/3083/6472 3323/3081/6472
f 3309/3068/6473 3310/3067/6473 3325/3082/6473
f 3310/3067/6474 3311/3069/6475 3326/3084/6475
f 3311/3069/6476 3312/3070/6476 3327/3085/6476
f 3312/3070/6477 3313/3071/6477 3328/3086/6477
f 3313/3071/6478 3314/3072/6479 3329/3087/6479
f 3314/3072/6480 3315/3073/6480 3330/3088/6480
f 3315/3073/6481 3316/3074/6481 3331/3089/6481
f 3318/3076/6482 3333/3091/6482 3332/3090/6482
f 3319/3077/6483 3334/3092/6483 3333/3091/6483
f 3320/3078/6484 3335/3093/6484 3334/3092/6484
f 3321/3079/6485 3336/3094/6485 3335/3093/6485
f 3322/3080/6486 3337/3095/6486 3336/3094/6486
f 3323/3081/6487 3338/3096/6487 3337/3095/6488
f 3324/3083/6489 3339/3098/6489 3338/3096/6489
f 3324/3083/6490 3325/3082/6490 3340/3097/6490
f 3325/3082/6491 3326/3084/6492 3341/3099/6492
f 3326/3084/6493 3327/3085/6493 3342/3100/6493
f 3327/3085/6494 3328/3086/6494 3343/3101/6494
f 3328/3086/6495 3329/3087/6495 3344/3102/6495
f 3329/3087/6496 3330/3088/6496 3345/3103/6496
f 3330/3088/6497 3331/3089/6497 3346/3104/6497
f 3333/3091/6498 3348/3106/6557 3347/3105/6499
f 3334/3092/6500 3349/3107/6556 3348/3106/6501
f 3335/3093/6502 3350/3108/6503 3349/3107/6503
f 3336/3094/6504 3351/3109/6505 3350/3108/6505
f 3337/3095/6506 3352/3110/6555 3351/3109/6507
f 3338/3096/6508 3353/3111/6509 3352/3110/6509
f 3339/3098/6511 3354/3113/6512 3353/3111/6512
f 3339/3098/6513 3340/3097/6513 3355/3112/6514
f 3340/3097/6515 3341/3099/9000 3356/3114/6516
f 3341/3099/6517 3342/3100/6517 3357/3115/6518
f 3342/3100/6520 3343/3101/6520 3358/3116/6521
f 3343/3101/6522 3344/3102/6522 3359/3117/6523
f 3344/3102/6524 3345/3103/6524 3360/3118/6525
f 3345/3103/6527 3346/3104/6527 3361/3119/6528
f 122/226/420 3137/2898/6530 377/2610/6530
f 123/288/523 3138/2896/6244 3137/2898/6244
f 124/287/522 3139/2899/6246 3138/2896/6248
f 125/3120/521 3140/2901/6249 3139/2899/6249
f 126/3121/520 3141/2903/6251 3140/2901/6251
f 127/284/519 3142/2905/6253 3141/2903/6253
f 128/3122/518 3143/2907/6255 3142/2905/6255
f 129/282/517 3144/2909/6257 3143/2907/6257
f 129/282/516 130/281/516 3145/2913/6259
f 130/281/515 131/280/515 3146/2915/6261
f 131/280/514 132/279/514 3147/2917/6263
f 132/279/513 133/278/513 3148/2919/6265
f 133/278/512 134/277/512 3149/2921/6268
f 134/277/511 135/276/511 3150/2923/6531
f 135/276/510 136/275/510 3151/3123/6273
f 136/275/509 3/274/509 407/2863/6532
f 3151/3123/6532 407/2863/6532 408/2895/6533
f 3166/2924/6534 408/2895/6534 409/2894/6534
f 3181/2939/6536 409/2894/6536 410/2893/6536
f 3196/2954/6537 410/2893/6537 411/2892/6537
f 3211/2969/6538 411/2892/6539 412/2891/6539
f 3226/2984/6541 412/2891/6542 413/2890/6542
f 3241/2999/6543 413/2890/6543 414/2889/6543
f 3256/3014/6544 414/2889/6545 415/2888/6545
f 3271/3029/6546 415/2888/6546 416/2887/6546
f 3286/3044/6547 416/2887/6547 417/2886/6547
f 3301/3059/6548 417/2886/6548 418/2885/6548
f 3316/3074/6549 418/2885/9001 419/2884/6549
f 3331/3089/6550 419/2884/6550 420/2883/6550
f 3346/3104/6551 420/2883/6551 421/2882/6552
f 3361/3119/6552 421/2882/6552 11/274/3158
f 3360/3118/6529 3361/3119/6528 316/1659/6553
f 3359/3117/6526 3360/3118/6525 315/1657/3156
f 3358/3116/6523 3359/3117/6523 314/1656/3154
f 3357/3115/6521 3358/3116/6521 313/1655/6554
f 3356/3114/6519 3357/3115/6518 312/1654/3152
f 3355/3112/6516 3356/3114/6516 311/1653/3151
f 3354/3113/6514 3355/3112/6514 310/1652/3150
f 3354/3113/6512 309/1651/3149 308/1650/3149
f 3353/3111/6509 308/1650/3148 307/1649/3148
f 3352/3110/6555 307/1649/3147 306/1648/3147
f 3351/3109/6505 306/1648/3145 305/1647/3146
f 3350/3108/6503 305/1647/3144 304/1646/3144
f 3349/3107/6556 304/1646/3143 303/1645/3143
f 3348/3106/6557 303/1645/3141 302/1644/3142
f 3347/3105/6558 302/1644/3139 9/225/3139
f 3332/3090/6559 3347/3105/6558 391/2624/6558
f 3317/3075/6560 3332/3090/6560 390/2623/6560
f 3302/3060/6561 3317/3075/6561 389/2622/6561
f 3287/3045/6563 3302/3060/6563 388/2621/6563
f 3272/3030/6564 3287/3045/6564 387/2620/6564
f 3257/3015/6565 3272/3030/6565 386/2619/6565
f 3242/3000/6566 3257/3015/6566 385/2618/6567
f 3227/2985/6568 3242/3000/6568 384/2617/6568
f 3212/2970/6569 3227/2985/6569 383/2616/6570
f 3197/2955/6571 3212/2970/9002 382/2615/6571
f 3182/2940/6572 3197/2955/6572 381/2614/6572
f 3167/2925/6573 3182/2940/6573 380/2613/6573
f 3152/2897/6574 3167/2925/6574 379/2612/6574
f 3137/2898/6530 3152/2897/6575 378/2611/6575
f 3363/3124/6576 3378/3128/6577 3377/3125/6577
f 3364/3127/6578 3379/3130/6579 3378/3128/6579
f 3365/3129/6581 3380/3132/6610 3379/3130/6582
f 3366/3131/6583 3381/3134/6612 3380/3132/6584
f 3367/3133/6585 3382/3136/6586 3381/3134/6586
f 3368/3135/6587 3383/3138/6588 3382/3136/6588
f 3369/3137/6589 3384/3140/6590 3383/3138/6590
f 3369/3137/6591 3370/3141/6591 3385/3139/6592
f 3370/3141/6593 3371/3143/6593 3386/3142/6594
f 3371/3143/6595 3372/3145/6595 3387/3144/6596
f 3372/3145/6597 3373/3147/6597 3388/3146/6598
f 3373/3147/6600 3374/3149/6600 3389/3148/6601
f 3374/3149/6603 3375/3151/6864 3390/3150/6604
f 3375/3151/6605 3376/3352/6605 3391/3152/6606
f 3378/3128/6607 3393/3154/6607 3392/3153/6607
f 3379/3130/6608 3394/3155/6608 3393/3154/6609
f 3380/3132/6610 3395/3156/6611 3394/3155/6611
f 3381/3134/6612 3396/3157/6613 3395/3156/6613
f 3382/3136/6586 3397/3158/6614 3396/3157/6614
f 3383/3138/6588 3398/3159/6615 3397/3158/6615
f 3384/3140/6590 3399/3161/6616 3398/3159/6616
f 3384/3140/6592 3385/3139/6592 3400/3160/6617
f 3385/3139/6594 3386/3142/6594 3401/3162/6618
f 3386/3142/6596 3387/3144/6596 3402/3163/6619
f 3387/3144/6599 3388/3146/6598 3403/3164/6620
f 3388/3146/6602 3389/3148/6601 3404/3165/6622
f 3389/3148/6623 3390/3150/6624 3405/3166/6624
f 3390/3150/6625 3391/3152/6625 3406/3167/6625
f 3393/3154/6626 3408/3169/6626 3407/3168/6626
f 3394/3155/6627 3409/3170/9003 3408/3169/6627
f 3395/3156/6628 3410/3171/6628 3409/3170/6628
f 3396/3157/6629 3411/3172/6629 3410/3171/6629
f 3397/3158/6630 3412/3173/6630 3411/3172/6630
f 3398/3159/6631 3413/3174/6631 3412/3173/6631
f 3399/3161/6632 3414/3176/6632 3413/3174/6633
f 3399/3161/6634 3400/3160/6635 3415/3175/6635
f 3400/3160/6636 3401/3162/6636 3416/3177/6636
f 3401/3162/6637 3402/3163/6637 3417/3178/6637
f 3402/3163/6638 3403/3164/6638 3418/3179/6638
f 3403/3164/6639 3404/3165/6639 3419/3180/6639
f 3404/3165/6640 3405/3166/6641 3420/3181/6641
f 3405/3166/6642 3406/3167/6642 3421/3182/6642
f 3408/3169/6643 3423/3184/6643 3422/3183/6643
f 3409/3170/6644 3424/3185/6644 3423/3184/6644
f 3410/3171/6645 3425/3186/6645 3424/3185/6645
f 3411/3172/6646 3426/3187/6646 3425/3186/6646
f 3412/3173/6647 3427/3188/6647 3426/3187/6647
f 3413/3174/6648 3428/3189/6648 3427/3188/6648
f 3414/3176/6649 3429/3191/6649 3428/3189/6649
f 3414/3176/6650 3415/3175/6650 3430/3190/6650
f 3415/3175/6651 3416/3177/6651 3431/3192/6651
f 3416/3177/6652 3417/3178/6652 3432/3193/6652
f 3417/3178/6653 3418/3179/6653 3433/3194/6653
f 3418/3179/6654 3419/3180/6654 3434/3195/6654
f 3419/3180/6655 3420/3181/6655 3435/3196/6655
f 3420/3181/6656 3421/3182/6656 3436/3197/6656
f 3423/3184/6657 3438/3199/6657 3437/3198/6658
f 3424/3185/6659 3439/3200/6659 3438/3199/6659
f 3425/3186/6660 3440/3201/6660 3439/3200/6660
f 3426/3187/6661 3441/3202/6661 3440/3201/6661
f 3427/3188/6662 3442/3203/6662 3441/3202/6662
f 3428/3189/6664 3443/3204/6664 3442/3203/6664
f 3429/3191/6666 3444/3206/6666 3443/3204/6667
f 3429/3191/6668 3430/3190/6669 3445/3205/6669
f 3430/3190/6670 3431/3192/9004 3446/3207/6670
f 3431/3192/6671 3432/3193/9005 3447/3208/6671
f 3432/3193/6672 3433/3194/6672 3448/3209/6672
f 3433/3194/6673 3434/3195/6673 3449/3210/6673
f 3434/3195/6674 3435/3196/6674 3450/3211/6674
f 3435/3196/6675 3436/3197/6676 3451/3212/6676
f 3438/3199/6677 3453/3214/6677 3452/3213/6678
f 3439/3200/6679 3454/3215/6679 3453/3214/6680
f 3440/3201/6681 3455/3216/9006 3454/3215/6682
f 3441/3202/6683 3456/3217/6683 3455/3216/6683
f 3442/3203/6684 3457/3218/6684 3456/3217/6684
f 3443/3204/6685 3458/3219/6685 3457/3218/6686
f 3444/3206/6687 3459/3221/6687 3458/3219/6687
f 3444/3206/6688 3445/3205/6689 3460/3220/6689
f 3445/3205/6690 3446/3207/6690 3461/3222/6690
f 3446/3207/6691 3447/3208/6691 3462/3223/6691
f 3447/3208/6692 3448/3209/6692 3463/3224/6692
f 3448/3209/6693 3449/3210/6694 3464/3225/6694
f 3449/3210/6695 3450/3211/6695 3465/3226/6695
f 3450/3211/6696 3451/3212/6697 3466/3227/6697
f 3453/3214/6698 3468/3229/6698 3467/3228/6699
f 3454/3215/6700 3469/3230/6700 3468/3229/6701
f 3455/3216/6702 3470/3231/6702 3469/3230/6703
f 3456/3217/6704 3471/3232/6704 3470/3231/6705
f 3457/3218/6706 3472/3233/6706 3471/3232/6706
f 3458/3219/6707 3473/3234/6707 3472/3233/6708
f 3459/3221/6709 3474/3236/6709 3473/3234/6710
f 3459/3221/6711 3460/3220/6712 3475/3235/6712
f 3460/3220/6713 3461/3222/6713 3476/3237/6713
f 3461/3222/6714 3462/3223/6714 3477/3238/6714
f 3462/3223/6715 3463/3224/6716 3478/3239/6716
f 3463/3224/6717 3464/3225/6717 3479/3240/6717
f 3464/3225/6718 3465/3226/6719 3480/3241/6719
f 3465/3226/6720 3466/3227/6721 3481/3242/6721
f 3468/3229/6722 3483/3244/6722 3482/3243/6722
f 3469/3230/6723 3484/3245/6723 3483/3244/6723
f 3470/3231/6724 3485/3246/6724 3484/3245/6725
f 3471/3232/6726 3486/3247/6726 3485/3246/6727
f 3472/3233/6728 3487/3248/6728 3486/3247/6728
f 3473/3234/6729 3488/3249/9007 3487/3248/6730
f 3474/3236/6731 3489/3251/6731 3488/3249/6732
f 3474/3236/6733 3475/3235/6734 3490/3250/6734
f 3475/3235/6735 3476/3237/6736 3491/3252/6736
f 3476/3237/6738 3477/3238/6738 3492/3253/6738
f 3477/3238/6739 3478/3239/6739 3493/3254/6739
f 3478/3239/6740 3479/3240/6740 3494/3255/6740
f 3479/3240/6741 3480/3241/6741 3495/3256/6741
f 3480/3241/6742 3481/3242/6742 3496/3257/6742
f 3483/3244/6743 3498/3259/6743 3497/3258/6743
f 3484/3245/6744 3499/3260/6744 3498/3259/6744
f 3485/3246/6745 3500/3261/6745 3499/3260/6745
f 3486/3247/6746 3501/3262/6746 3500/3261/6747
f 3487/3248/6748 3502/3263/6748 3501/3262/6749
f 3488/3249/6750 3503/3264/6750 3502/3263/6751
f 3489/3251/6752 3504/3266/6752 3503/3264/6752
f 3489/3251/6753 3490/3250/6753 3505/3265/6753
f 3490/3250/6754 3491/3252/6755 3506/3267/6755
f 3491/3252/6756 3492/3253/6757 3507/3268/6757
f 3492/3253/6758 3493/3254/6759 3508/3269/6759
f 3493/3254/6760 3494/3255/6760 3509/3270/6760
f 3494/3255/6761 3495/3256/6761 3510/3271/6761
f 3495/3256/6762 3496/3257/6762 3511/3272/6762
f 3498/3259/6763 3513/3274/6763 3512/3273/6763
f 3499/3260/6764 3514/3275/6764 3513/3274/6764
f 3500/3261/6765 3515/3276/6765 3514/3275/6765
f 3501/3262/6766 3516/3277/6766 3515/3276/6766
f 3502/3263/6767 3517/3278/6767 3516/3277/6768
f 3503/3264/6769 3518/3279/6769 3517/3278/6770
f 3504/3266/6771 3519/3281/6771 3518/3279/6771
f 3504/3266/6772 3505/3265/6772 3520/3280/6772
f 3505/3265/6773 3506/3267/6774 3521/3282/6774
f 3506/3267/6775 3507/3268/6776 3522/3283/6776
f 3507/3268/6777 3508/3269/6777 3523/3284/6777
f 3508/3269/6778 3509/3270/6778 3524/3285/6778
f 3509/3270/6779 3510/3271/6779 3525/3286/6779
f 3510/3271/6780 3511/3272/6780 3526/3287/6780
f 3513/3274/6781 3528/3289/6781 3527/3288/6781
f 3514/3275/6782 3529/3290/6782 3528/3289/6783
f 3515/3276/6784 3530/3291/6784 3529/3290/6784
f 3516/3277/6785 3531/3292/6785 3530/3291/6785
f 3517/3278/6786 3532/3293/6786 3531/3292/6786
f 3518/3279/6787 3533/3294/6787 3532/3293/6787
f 3519/3281/6788 3534/3296/6788 3533/3294/6789
f 3519/3281/6790 3520/3280/6791 3535/3295/6791
f 3520/3280/6792 3521/3282/6792 3536/3297/6792
f 3521/3282/6793 3522/3283/6793 3537/3298/6793
f 3522/3283/6794 3523/3284/6794 3538/3299/6794
f 3523/3284/6795 3524/3285/9008 3539/3300/6795
f 3524/3285/6796 3525/3286/6797 3540/3301/6797
f 3525/3286/6798 3526/3287/6798 3541/3302/6798
f 3528/3289/6799 3543/3304/6799 3542/3303/6799
f 3529/3290/6800 3544/3305/6800 3543/3304/6800
f 3530/3291/6801 3545/3306/6801 3544/3305/6801
f 3531/3292/6802 3546/3307/6802 3545/3306/6802
f 3532/3293/6803 3547/3308/6803 3546/3307/6803
f 3533/3294/6804 3548/3309/6804 3547/3308/6804
f 3534/3296/6805 3549/3311/6805 3548/3309/6805
f 3534/3296/6807 3535/3295/9009 3550/3310/6807
f 3535/3295/6808 3536/3297/6808 3551/3312/6808
f 3536/3297/6809 3537/3298/6809 3552/3313/6809
f 3537/3298/6810 3538/3299/6811 3553/3314/6811
f 3538/3299/6812 3539/3300/6813 3554/3315/6813
f 3539/3300/6814 3540/3301/6814 3555/3316/6814
f 3540/3301/6815 3541/3302/6815 3556/3317/6815
f 3543/3304/6816 3558/3319/6816 3557/3318/6816
f 3544/3305/6817 3559/3320/6817 3558/3319/6817
f 3545/3306/6818 3560/3321/6818 3559/3320/6818
f 3546/3307/6819 3561/3322/6819 3560/3321/6819
f 3547/3308/6820 3562/3323/6820 3561/3322/6820
f 3548/3309/6821 3563/3324/6821 3562/3323/6821
f 3549/3311/6822 3564/3326/6822 3563/3324/6822
f 3549/3311/6824 3550/3310/6824 3565/3325/6824
f 3550/3310/6825 3551/3312/6826 3566/3327/6826
f 3551/3312/6827 3552/3313/6827 3567/3328/6827
f 3552/3313/6828 3553/3314/6828 3568/3329/6828
f 3553/3314/6829 3554/3315/6829 3569/3330/6829
f 3554/3315/6830 3555/3316/6830 3570/3331/6830
f 3555/3316/6831 3556/3317/6831 3571/3332/6831
f 3558/3319/6832 3573/3334/6886 3572/3333/6833
f 3559/3320/6834 3574/3335/6885 3573/3334/6835
f 3560/3321/6836 3575/3336/6837 3574/3335/6837
f 3561/3322/6838 3576/3337/6839 3575/3336/6839
f 3562/3323/6841 3577/3338/6842 3576/3337/6842
f 3563/3324/6843 3578/3339/6844 3577/3338/6844
f 3564/3326/6845 3579/3341/6846 3578/3339/6846
f 3564/3326/6847 3565/3325/6847 3580/3340/6848
f 3565/3325/6849 3566/3327/9010 3581/3342/6850
f 3566/3327/6851 3567/3328/6851 3582/3343/6852
f 3567/3328/6853 3568/3329/9011 3583/3344/6854
f 3568/3329/6855 3569/3330/6855 3584/3345/6856
f 3569/3330/6857 3570/3331/6857 3585/3346/6858
f 3570/3331/6860 3571/3332/6860 3586/3347/6861
f 182/1120/2071 3362/3126/6863 422/2867/6863
f 183/1119/2069 3363/3124/6576 3362/3126/6576
f 184/1118/2067 3364/3127/6578 3363/3124/6580
f 185/1117/2066 3365/3129/6581 3364/3127/6581
f 186/1116/2065 3366/3131/6583 3365/3129/6583
f 187/1115/2064 3367/3133/6585 3366/3131/6585
f 188/3348/2063 3368/3135/6587 3367/3133/6587
f 189/3349/2062 3369/3137/6589 3368/3135/6589
f 189/3349/2061 190/3350/2061 3370/3141/6591
f 190/3350/2060 191/1111/2060 3371/3143/6593
f 191/1111/2059 192/3351/2059 3372/3145/6595
f 192/3351/2058 193/1109/2058 3373/3147/6597
f 193/1109/2057 194/1108/2057 3374/3149/6600
f 194/1108/2056 195/1107/2056 3375/3151/6864
f 195/1107/2054 196/1106/2054 3376/3352/6605
f 196/1106/2053 2/1105/2053 392/2608/6865
f 3376/3352/6865 392/2608/6865 393/2638/6866
f 3391/3152/6867 393/2638/6867 394/2637/6867
f 3406/3167/6868 394/2637/6868 395/2636/6868
f 3421/3182/6869 395/2636/6869 396/2635/6869
f 3436/3197/6870 396/2635/6870 397/2634/6870
f 3451/3212/6872 397/2634/6873 398/2633/6873
f 3466/3227/6874 398/2633/6874 399/2632/6874
f 3481/3242/6875 399/2632/6876 400/2631/6876
f 3496/3257/6877 400/2631/6877 401/2630/6877
f 3511/3272/6878 401/2630/6878 402/2629/6878
f 3526/3287/6879 402/2629/6879 403/2628/6879
f 3541/3302/6880 403/2628/9012 404/2627/6880
f 3556/3317/6881 404/2627/6881 405/2626/6881
f 3571/3332/6882 405/2626/6882 406/2625/6883
f 3586/3347/6883 406/2625/6883 10/1105/4966
f 3585/3346/6862 3586/3347/6861 376/2142/4964
f 3584/3345/6859 3585/3346/6858 375/2141/4962
f 3583/3344/6856 3584/3345/6856 374/2140/4961
f 3582/3343/6854 3583/3344/6854 373/2139/4960
f 3581/3342/6852 3582/3343/6852 372/2138/4958
f 3580/3340/6850 3581/3342/6850 371/2137/4957
f 3579/3341/6848 3580/3340/6848 370/2136/4956
f 3579/3341/6846 369/2135/4955 368/2134/4955
f 3578/3339/6844 368/2134/4954 367/2133/4954
f 3577/3338/6842 367/2133/4953 366/2132/4953
f 3576/3337/6839 366/2132/4952 365/2131/6884
f 3575/3336/6837 365/2131/4951 364/2130/4951
f 3574/3335/6885 364/2130/4950 363/2129/4950
f 3573/3334/6886 363/2129/4949 362/2128/6887
f 3572/3333/6888 362/2128/4948 12/513/4948
f 3557/3318/6889 3572/3333/6888 436/2881/6888
f 3542/3303/6890 3557/3318/6890 435/2880/6890
f 3527/3288/6891 3542/3303/6891 434/2879/6891
f 3512/3273/6893 3527/3288/6893 433/2878/6893
f 3497/3258/6894 3512/3273/6894 432/2877/6894
f 3482/3243/6895 3497/3258/6895 431/2876/6895
f 3467/3228/6896 3482/3243/6896 430/2875/6897
f 3452/3213/6898 3467/3228/6898 429/2874/6898
f 3437/3198/6899 3452/3213/6899 428/2873/6900
f 3422/3183/6901 3437/3198/9013 427/2872/6901
f 3407/3168/6902 3422/3183/6902 426/2871/6902
f 3392/3153/6903 3407/3168/6903 425/2870/6903
f 3377/3125/6904 3392/3153/6904 424/2869/6904
f 3362/3126/6863 3377/3125/6905 423/2868/6905
