# Blender 4.4.1
# www.blender.org
mtllib konyvespolc.mtl
o Wall_Book_Shelf
v -0.489515 0.135989 0.300150
v 0.489515 0.135989 0.300150
v -0.489515 0.521746 0.300150
v -0.489515 0.537271 0.300150
v -0.489515 0.915265 0.300150
v -0.489515 0.930790 0.300150
v -0.489515 1.308783 0.300150
v -0.489515 1.324308 0.300150
v -0.489515 1.702302 0.300150
v -0.489515 1.717827 0.300150
v 0.489515 1.717827 0.300150
v 0.489515 1.702302 0.300150
v 0.489515 1.324308 0.300150
v 0.489515 1.308783 0.300150
v 0.489515 0.930789 0.300150
v 0.489515 0.915264 0.300150
v 0.489515 0.537271 0.300150
v 0.489515 0.521746 0.300150
v 0.472465 1.702302 -0.300150
v -0.472465 1.702302 -0.300150
v -0.472465 1.717827 -0.300150
v 0.472465 1.717827 -0.300150
v 0.472465 1.308783 -0.300150
v -0.472465 1.308783 -0.300150
v -0.472465 1.324308 -0.300150
v 0.472465 1.324308 -0.300150
v 0.472465 0.915264 -0.300150
v -0.472465 0.915264 -0.300150
v -0.472465 0.930789 -0.300150
v 0.472465 0.930789 -0.300150
v 0.472465 0.521746 -0.300150
v -0.472465 0.521746 -0.300150
v -0.472465 0.537271 -0.300150
v 0.472465 0.537271 -0.300150
v 0.472465 0.135989 -0.300150
v -0.472465 0.135989 -0.300150
v 0.472465 2.103584 0.300150
v -0.472465 2.103584 0.300150
v 0.489515 2.086506 0.300150
v -0.489515 2.086506 0.300150
v 0.472465 2.086506 -0.300150
v -0.472465 2.086506 -0.300150
v 0.489515 0.120636 0.300150
v -0.489515 0.120636 0.300150
v 0.472465 0.120636 -0.300150
v -0.472465 0.120636 -0.300150
v -0.487175 0.000000 0.300150
v -0.489515 0.002000 0.300150
v -0.488830 0.000586 0.300150
v -0.489515 2.101244 0.300150
v -0.487515 2.103584 0.300150
v -0.488929 2.102899 0.300150
v -0.489515 0.000464 -0.297841
v -0.487515 0.002000 -0.300150
v -0.487515 0.000000 -0.298150
v -0.488925 0.001280 -0.299477
v -0.488670 0.000530 -0.299228
v -0.487515 0.000586 -0.299564
v -0.488942 0.000140 -0.297936
v -0.487515 2.103584 -0.298150
v -0.487517 2.101582 -0.300150
v -0.489515 2.101583 -0.298150
v -0.487516 2.102998 -0.299564
v -0.488670 2.102738 -0.299305
v -0.488930 2.101583 -0.299564
v -0.488929 2.102998 -0.298150
v 0.489515 0.002000 0.300150
v 0.487515 0.000000 0.300150
v 0.488929 0.000586 0.300150
v 0.487175 2.103584 0.300150
v 0.489515 2.101583 0.300150
v 0.488830 2.102998 0.300150
v 0.489515 0.002000 -0.298150
v 0.487515 0.000000 -0.298150
v 0.489199 0.002238 -0.300150
v 0.488929 0.000586 -0.298150
v 0.489017 0.000905 -0.299305
v 0.488316 0.000653 -0.299561
v 0.489420 0.002167 -0.299573
v 0.489515 2.101583 -0.298150
v 0.487515 2.101583 -0.300150
v 0.487515 2.103584 -0.298150
v 0.488929 2.101583 -0.299564
v 0.488670 2.102738 -0.299305
v 0.487515 2.102998 -0.299564
v 0.488929 2.102998 -0.298150
v -0.487515 0.135989 -0.300150
v -0.489515 0.135989 -0.298150
v -0.488929 0.135989 -0.299564
v 0.489515 0.135989 -0.298150
v 0.487515 0.135989 -0.300150
v 0.488929 0.135989 -0.299564
v -0.487515 1.702302 -0.300150
v -0.489515 1.702302 -0.298150
v -0.488929 1.702302 -0.299564
v -0.489515 1.717827 -0.298150
v -0.487515 1.717827 -0.300150
v -0.488929 1.717827 -0.299564
v -0.487515 1.308783 -0.300150
v -0.489515 1.308783 -0.298150
v -0.488929 1.308783 -0.299564
v -0.489515 1.324308 -0.298150
v -0.487515 1.324308 -0.300150
v -0.488929 1.324308 -0.299564
v -0.487515 0.915264 -0.300150
v -0.489515 0.915264 -0.298150
v -0.488929 0.915264 -0.299564
v -0.489515 0.930789 -0.298150
v -0.487515 0.930789 -0.300150
v -0.488929 0.930789 -0.299564
v -0.487515 0.521746 -0.300150
v -0.489515 0.521746 -0.298150
v -0.488929 0.521746 -0.299564
v -0.489515 0.537271 -0.298150
v -0.487515 0.537271 -0.300150
v -0.488929 0.537271 -0.299564
v 0.489515 1.702302 -0.298150
v 0.487515 1.702302 -0.300150
v 0.488929 1.702302 -0.299564
v 0.487515 1.717827 -0.300150
v 0.489515 1.717827 -0.298150
v 0.488929 1.717827 -0.299564
v 0.489515 1.308783 -0.298150
v 0.487515 1.308783 -0.300150
v 0.488929 1.308783 -0.299564
v 0.487515 1.324308 -0.300150
v 0.489515 1.324308 -0.298150
v 0.488929 1.324308 -0.299564
v 0.489515 0.915264 -0.298150
v 0.487515 0.915264 -0.300150
v 0.488929 0.915264 -0.299564
v 0.487515 0.930789 -0.300150
v 0.489515 0.930789 -0.298150
v 0.488929 0.930789 -0.299564
v 0.489515 0.521746 -0.298150
v 0.487515 0.521746 -0.300150
v 0.488929 0.521746 -0.299564
v 0.487515 0.537271 -0.300150
v 0.489515 0.537271 -0.298150
v 0.488929 0.537271 -0.299564
v 0.470137 1.702302 0.298680
v 0.472465 1.700302 0.302150
v 0.470465 1.704302 0.300150
v 0.471785 1.701713 0.300528
v 0.471546 1.702302 0.300284
v 0.471879 1.702302 0.300736
v 0.470279 1.702881 0.299711
v -0.470465 1.704302 0.300150
v -0.472465 1.700782 0.302150
v -0.470124 1.702302 0.298701
v -0.471879 1.702542 0.300736
v -0.471543 1.702404 0.300327
v -0.471785 1.701851 0.300726
v -0.470271 1.702880 0.299717
v -0.470137 1.717827 0.298680
v -0.472465 1.719827 0.302150
v -0.470465 1.715827 0.300150
v -0.471785 1.718416 0.300527
v -0.471546 1.717827 0.300284
v -0.471879 1.717827 0.300736
v -0.470279 1.717249 0.299711
v 0.470465 1.715827 0.300150
v 0.472465 1.719319 0.302150
v 0.470124 1.717827 0.298701
v 0.471879 1.717573 0.300736
v 0.471543 1.717720 0.300329
v 0.471785 1.718270 0.300738
v 0.470271 1.717249 0.299717
v 0.470465 0.135989 0.300150
v 0.472465 0.137989 0.300150
v 0.471879 0.136575 0.300150
v -0.472465 0.137989 0.300150
v -0.470137 0.135989 0.300150
v -0.471783 0.136575 0.300150
v -0.472465 0.002000 0.302150
v -0.474465 0.000000 0.298150
v -0.470246 0.000283 0.300150
v -0.473051 0.000586 0.300150
v -0.472244 0.000490 0.300150
v -0.471513 0.000083 0.299566
v -0.471817 0.001181 0.300739
v 0.474804 0.000000 0.298150
v 0.472465 0.002000 0.302150
v 0.470254 0.000349 0.300150
v 0.473148 0.000589 0.300283
v 0.472308 0.000504 0.300177
v 0.471820 0.001211 0.300739
v 0.471638 0.000103 0.299566
v 0.472465 2.103584 -0.298150
v 0.472465 2.101583 -0.300150
v 0.472465 2.102998 -0.299564
v -0.472465 2.101582 -0.300150
v -0.472465 2.103584 -0.298150
v -0.472465 2.102998 -0.299564
v 0.472465 0.002229 -0.300150
v 0.472465 0.000000 -0.298150
v 0.472465 0.000653 -0.299564
v -0.472465 0.000000 -0.298150
v -0.472465 0.002000 -0.300150
v -0.472465 0.000586 -0.299564
v 0.470465 1.322308 0.300150
v 0.472465 1.325829 0.302150
v 0.470124 1.324308 0.298701
v 0.471879 1.324069 0.300736
v 0.471543 1.324207 0.300327
v 0.471785 1.324759 0.300726
v 0.470271 1.323730 0.299717
v -0.470137 1.324308 0.298680
v -0.472465 1.326308 0.302150
v -0.470465 1.322308 0.300150
v -0.471785 1.324897 0.300527
v -0.471546 1.324308 0.300284
v -0.471879 1.324308 0.300736
v -0.470279 1.323730 0.299711
v -0.472465 1.307263 0.302150
v -0.470124 1.308783 0.298701
v -0.470465 1.310783 0.300150
v -0.471785 1.308332 0.300726
v -0.471543 1.308885 0.300327
v -0.470271 1.309361 0.299717
v -0.471879 1.309023 0.300736
v 0.470137 1.308783 0.298680
v 0.472465 1.306783 0.302150
v 0.470465 1.310783 0.300150
v 0.471785 1.308195 0.300527
v 0.471546 1.308783 0.300284
v 0.471879 1.308783 0.300736
v 0.470279 1.309362 0.299711
v 0.470465 0.928789 0.300150
v 0.472465 0.932310 0.302150
v 0.470124 0.930789 0.298701
v 0.471879 0.930550 0.300736
v 0.471543 0.930688 0.300327
v 0.471785 0.931241 0.300726
v 0.470271 0.930211 0.299717
v -0.470137 0.930790 0.298680
v -0.472465 0.932790 0.302150
v -0.470465 0.928790 0.300150
v -0.471785 0.931378 0.300527
v -0.471546 0.930789 0.300284
v -0.471879 0.930790 0.300736
v -0.470279 0.930211 0.299711
v 0.470137 0.915264 0.298680
v 0.472465 0.913265 0.302150
v 0.470465 0.917264 0.300150
v 0.471785 0.914676 0.300527
v 0.471546 0.915264 0.300284
v 0.471879 0.915264 0.300736
v 0.470279 0.915843 0.299711
v -0.470465 0.917265 0.300150
v -0.472465 0.913744 0.302150
v -0.470124 0.915265 0.298701
v -0.471879 0.915504 0.300736
v -0.471543 0.915366 0.300327
v -0.471785 0.914813 0.300726
v -0.470271 0.915843 0.299717
v -0.470137 0.537271 0.298680
v -0.472465 0.539271 0.302150
v -0.470465 0.535271 0.300150
v -0.471785 0.537860 0.300528
v -0.471546 0.537271 0.300284
v -0.471879 0.537271 0.300736
v -0.470279 0.536692 0.299711
v 0.470465 0.535271 0.300150
v 0.472465 0.538791 0.302150
v 0.470124 0.537271 0.298701
v 0.471879 0.537031 0.300736
v 0.471543 0.537169 0.300327
v 0.471785 0.537722 0.300726
v 0.470271 0.536692 0.299717
v 0.470137 0.521746 0.298680
v 0.472465 0.519746 0.302150
v 0.470465 0.523746 0.300150
v 0.471785 0.521157 0.300527
v 0.471546 0.521746 0.300284
v 0.471879 0.521746 0.300736
v 0.470279 0.522324 0.299711
v -0.470465 0.523746 0.300150
v -0.472465 0.520202 0.302150
v -0.470124 0.521746 0.298701
v -0.471879 0.521974 0.300736
v -0.471543 0.521842 0.300325
v -0.471785 0.521288 0.300717
v -0.470271 0.522324 0.299717
v -0.489515 2.086506 -0.298150
v -0.487515 2.086506 -0.300150
v -0.488929 2.086506 -0.299564
v 0.487515 2.086506 -0.300150
v 0.489515 2.086506 -0.298150
v 0.488929 2.086506 -0.299564
v -0.472465 2.084506 0.300150
v -0.470465 2.086506 0.300150
v -0.471879 2.085920 0.300150
v 0.470137 2.086506 0.300150
v 0.472465 2.084506 0.300150
v 0.471783 2.085920 0.300150
v -0.489515 0.120636 -0.297853
v -0.487515 0.120636 -0.300150
v -0.488929 0.120636 -0.299477
v 0.487515 0.120636 -0.300150
v 0.489515 0.120636 -0.298150
v 0.488929 0.120636 -0.299564
v -0.470254 0.120286 0.300150
v -0.470465 0.120636 0.302150
v -0.472465 0.118636 0.302150
v -0.470317 0.120531 0.300726
v -0.471567 0.120132 0.300995
v -0.471879 0.120050 0.302150
v -0.471820 0.119425 0.300739
v 0.472465 0.118636 0.302150
v 0.470465 0.120636 0.302150
v 0.470246 0.120352 0.300150
v 0.471879 0.120050 0.302150
v 0.471564 0.120146 0.300995
v 0.470311 0.120551 0.300729
v 0.471817 0.119455 0.300739
v 0.470137 1.324308 -0.283215
v 0.472465 1.325809 -0.282363
v 0.470067 1.325314 -0.284686
v 0.471794 1.324759 -0.282712
v 0.471465 1.324839 -0.283869
v 0.471763 1.325565 -0.284004
v 0.470096 1.324610 -0.284262
v -0.470051 1.325274 -0.284686
v -0.472465 1.326308 -0.282376
v -0.470124 1.324308 -0.283237
v -0.471759 1.325801 -0.284007
v -0.471459 1.324937 -0.283886
v -0.471783 1.324899 -0.282776
v -0.470081 1.324598 -0.284268
v -0.470137 1.308783 -0.283215
v -0.472465 1.307282 -0.282363
v -0.470067 1.307778 -0.284686
v -0.471794 1.308333 -0.282712
v -0.471465 1.308253 -0.283869
v -0.471763 1.307527 -0.284004
v -0.470096 1.308482 -0.284262
v 0.470051 1.307818 -0.284686
v 0.472465 1.306783 -0.282376
v 0.470124 1.308783 -0.283237
v 0.471759 1.307291 -0.284007
v 0.471459 1.308155 -0.283886
v 0.471783 1.308192 -0.282776
v 0.470081 1.308494 -0.284268
v 0.470051 0.914299 -0.284686
v 0.472465 0.913265 -0.282376
v 0.470124 0.915264 -0.283237
v 0.471759 0.913772 -0.284007
v 0.471459 0.914636 -0.283886
v 0.471783 0.914673 -0.282776
v 0.470081 0.914975 -0.284268
v -0.470137 0.915265 -0.283215
v -0.472465 0.913763 -0.282363
v -0.470067 0.914259 -0.284686
v -0.471794 0.914814 -0.282712
v -0.471465 0.914734 -0.283869
v -0.471763 0.914008 -0.284004
v -0.470096 0.914963 -0.284262
v -0.472465 0.539271 -0.282376
v -0.470124 0.537271 -0.283237
v -0.470051 0.538236 -0.284686
v -0.471783 0.537862 -0.282776
v -0.471459 0.537899 -0.283886
v -0.470081 0.537560 -0.284268
v -0.471759 0.538764 -0.284007
v 0.470137 0.537271 -0.283215
v 0.472465 0.538772 -0.282363
v 0.470067 0.538276 -0.284686
v 0.471794 0.537721 -0.282712
v 0.471465 0.537801 -0.283869
v 0.471763 0.538527 -0.284004
v 0.470096 0.537572 -0.284262
v 0.470051 1.701337 -0.284686
v 0.472465 1.700302 -0.282376
v 0.470124 1.702302 -0.283237
v 0.471759 1.700809 -0.284007
v 0.471459 1.701674 -0.283886
v 0.471783 1.701711 -0.282776
v 0.470081 1.702013 -0.284268
v -0.470137 1.702302 -0.283215
v -0.472465 1.700801 -0.282363
v -0.470067 1.701297 -0.284686
v -0.471794 1.701852 -0.282712
v -0.471465 1.701772 -0.283869
v -0.471763 1.701046 -0.284004
v -0.470096 1.702001 -0.284262
v 0.470465 0.135989 -0.283215
v 0.472465 0.137515 -0.282373
v 0.470067 0.137014 -0.284686
v 0.471885 0.136443 -0.282745
v 0.471530 0.136529 -0.283877
v 0.471763 0.137268 -0.284007
v 0.470235 0.136296 -0.284261
v -0.470051 0.136975 -0.284686
v -0.472465 0.137989 -0.282385
v -0.470124 0.135989 -0.283237
v -0.471759 0.137493 -0.284010
v -0.471459 0.136622 -0.283887
v -0.471783 0.136580 -0.282781
v -0.470081 0.136285 -0.284268
v 0.470051 0.520760 -0.284686
v 0.472465 0.519746 -0.282385
v 0.470124 0.521746 -0.283237
v 0.471759 0.520242 -0.284010
v 0.471459 0.521113 -0.283887
v 0.471783 0.521154 -0.282781
v 0.470081 0.521450 -0.284268
v -0.470137 0.521746 -0.283215
v -0.472465 0.520220 -0.282373
v -0.470067 0.520721 -0.284686
v -0.471794 0.521288 -0.282720
v -0.471465 0.521206 -0.283872
v -0.471763 0.520467 -0.284007
v -0.470096 0.521439 -0.284261
v -0.470068 2.085523 -0.284686
v -0.470465 2.086506 -0.283215
v -0.472465 2.085035 -0.282352
v -0.470233 2.086211 -0.284262
v -0.471529 2.085987 -0.283871
v -0.471886 2.086067 -0.282727
v -0.471763 2.085276 -0.284001
v -0.472465 1.719827 -0.282365
v -0.470124 1.717827 -0.283237
v -0.470052 1.718769 -0.284686
v -0.471783 1.718418 -0.282771
v -0.471459 1.718451 -0.283883
v -0.470081 1.718110 -0.284268
v -0.471759 1.719307 -0.284004
v 0.470137 1.717827 -0.283215
v 0.472465 1.719298 -0.282352
v 0.470068 1.718809 -0.284686
v 0.471795 1.718269 -0.282702
v 0.471465 1.718346 -0.283866
v 0.471763 1.719057 -0.284001
v 0.470096 1.718122 -0.284262
v 0.470137 0.930789 -0.283215
v 0.472465 0.932290 -0.282363
v 0.470067 0.931795 -0.284686
v 0.471794 0.931240 -0.282712
v 0.471465 0.931320 -0.283869
v 0.471763 0.932046 -0.284004
v 0.470096 0.931091 -0.284262
v -0.470051 0.931755 -0.284686
v -0.472465 0.932790 -0.282376
v -0.470124 0.930790 -0.283237
v -0.471759 0.932282 -0.284007
v -0.471459 0.931418 -0.283886
v -0.471783 0.931381 -0.282776
v -0.470081 0.931079 -0.284268
v 0.472465 2.084506 -0.282365
v 0.470124 2.086506 -0.283237
v 0.470052 2.085564 -0.284686
v 0.471783 2.085914 -0.282771
v 0.471459 2.085882 -0.283883
v 0.470081 2.086223 -0.284268
v 0.471759 2.085026 -0.284004
v 0.489515 0.120636 0.302416
v 0.487515 0.120636 0.304416
v 0.488929 0.120636 0.303830
v 0.489515 0.002000 0.302416
v 0.487515 0.002229 0.304416
v 0.487515 0.000000 0.303773
v 0.488929 0.002114 0.303830
v 0.488670 0.000894 0.303857
v 0.487515 0.000636 0.304220
v 0.488929 0.000586 0.303094
v -0.489515 0.120636 0.302416
v -0.487515 0.120636 0.304416
v -0.488929 0.120636 0.303830
v -0.487515 0.135989 0.304416
v -0.489515 0.135989 0.302416
v -0.488929 0.135989 0.303830
v 0.489515 0.537271 0.302416
v 0.487515 0.537271 0.304416
v 0.488929 0.537271 0.303830
v 0.487515 0.521746 0.304416
v 0.489515 0.521746 0.302416
v 0.488929 0.521746 0.303830
v 0.489515 0.930789 0.302416
v 0.487515 0.930789 0.304416
v 0.488929 0.930789 0.303830
v 0.487515 0.915264 0.304416
v 0.489515 0.915264 0.302416
v 0.488929 0.915264 0.303830
v 0.489515 1.324308 0.302416
v 0.487515 1.324308 0.304416
v 0.488929 1.324308 0.303830
v 0.487515 1.308783 0.304416
v 0.489515 1.308783 0.302416
v 0.488929 1.308783 0.303830
v 0.489515 1.717827 0.302416
v 0.487515 1.717827 0.304416
v 0.488929 1.717827 0.303830
v 0.487515 1.702302 0.304416
v 0.489515 1.702302 0.302416
v 0.488929 1.702302 0.303830
v -0.489515 0.521746 0.302416
v -0.487515 0.521746 0.304416
v -0.488929 0.521746 0.303830
v -0.487515 0.537271 0.304416
v -0.489515 0.537271 0.302416
v -0.488929 0.537271 0.303830
v -0.489515 0.915265 0.302416
v -0.487515 0.915265 0.304416
v -0.488929 0.915265 0.303830
v -0.487515 0.930790 0.304416
v -0.489515 0.930790 0.302416
v -0.488929 0.930790 0.303830
v -0.489515 1.308783 0.302416
v -0.487515 1.308783 0.304416
v -0.488929 1.308783 0.303830
v -0.487515 1.324308 0.304416
v -0.489515 1.324308 0.302416
v -0.488929 1.324308 0.303830
v -0.489515 1.702302 0.302416
v -0.487515 1.702302 0.304416
v -0.488929 1.702302 0.303830
v -0.487515 1.717827 0.304416
v -0.489515 1.717827 0.302416
v -0.488929 1.717827 0.303830
v 0.487515 0.135989 0.304416
v 0.489515 0.135989 0.302416
v 0.488929 0.135989 0.303830
v 0.487515 2.086506 0.304416
v 0.489515 2.086506 0.302416
v 0.488929 2.086506 0.303830
v 0.487162 2.103584 0.303827
v 0.487517 2.101582 0.304416
v 0.489515 2.101583 0.302416
v 0.487275 2.103013 0.304236
v 0.488583 2.102738 0.303859
v 0.488930 2.101583 0.303830
v 0.488830 2.102993 0.303071
v -0.487515 2.086506 0.304416
v -0.489515 2.086506 0.302416
v -0.488929 2.086506 0.303830
v -0.472465 1.324308 0.302416
v -0.474465 1.324308 0.304416
v -0.473051 1.324308 0.303830
v -0.474465 1.308783 0.304416
v -0.472465 1.308783 0.302416
v -0.473051 1.308783 0.303830
v 0.472465 1.308783 0.302416
v 0.474465 1.308783 0.304416
v 0.473051 1.308783 0.303830
v 0.474465 1.324308 0.304416
v 0.472465 1.324308 0.302416
v 0.473051 1.324308 0.303830
v -0.472465 0.915265 0.302416
v -0.474465 0.915265 0.304416
v -0.473051 0.915265 0.303830
v -0.474465 0.537271 0.304416
v -0.472465 0.537271 0.302416
v -0.473051 0.537271 0.303830
v 0.472465 0.537271 0.302416
v 0.474465 0.537271 0.304416
v 0.473051 0.537271 0.303830
v 0.474465 0.915264 0.304416
v 0.472465 0.915264 0.302416
v 0.473051 0.915264 0.303830
v -0.472465 1.702302 0.302416
v -0.474465 1.702302 0.304416
v -0.473051 1.702302 0.303830
v 0.474465 1.702302 0.304416
v 0.472465 1.702302 0.302416
v 0.473051 1.702302 0.303830
v 0.474465 0.133989 0.304416
v 0.472465 0.137989 0.302416
v 0.470465 0.135989 0.302416
v 0.473051 0.135989 0.303830
v 0.472465 0.135989 0.303570
v 0.471879 0.136575 0.302416
v 0.472465 0.135404 0.303830
v -0.470465 0.135989 0.302416
v -0.472465 0.137989 0.302416
v -0.474465 0.133989 0.304416
v -0.471879 0.136575 0.302416
v -0.472465 0.135989 0.303570
v -0.473051 0.135989 0.303830
v -0.472465 0.135404 0.303830
v -0.470465 0.120636 0.302416
v -0.474465 0.122636 0.304416
v -0.472465 0.118636 0.302416
v -0.472465 0.121221 0.303830
v -0.472465 0.120636 0.303570
v -0.473051 0.120636 0.303830
v -0.471879 0.120050 0.302416
v -0.472465 0.002000 0.302416
v -0.474465 0.002229 0.304416
v -0.474465 0.000000 0.303773
v -0.473051 0.002114 0.303830
v -0.473310 0.000894 0.303857
v -0.474465 0.000636 0.304220
v -0.473051 0.000586 0.303094
v 0.472846 0.122636 0.304416
v 0.470465 0.120636 0.302416
v 0.472465 0.118636 0.302416
v 0.471655 0.121221 0.303830
v 0.472123 0.120796 0.303570
v 0.471879 0.120050 0.302416
v 0.472577 0.121411 0.303832
v -0.472465 0.521746 0.302416
v -0.474465 0.521746 0.304416
v -0.473051 0.521746 0.303830
v 0.474465 0.521746 0.304416
v 0.472465 0.521746 0.302416
v 0.473051 0.521746 0.303830
v 0.472465 2.101582 0.304416
v 0.472465 2.103584 0.302416
v 0.472465 2.102998 0.303830
v -0.472465 2.103584 0.302416
v -0.472465 2.101583 0.304416
v -0.472465 2.102998 0.303830
v -0.470465 2.086506 0.302416
v -0.474465 2.088506 0.304416
v -0.472465 2.084506 0.302416
v -0.472465 2.087092 0.303830
v -0.472465 2.086506 0.303570
v -0.473051 2.086506 0.303830
v -0.471879 2.085920 0.302416
v -0.474465 1.717827 0.304416
v -0.472465 1.717827 0.302416
v -0.473051 1.717827 0.303830
v 0.472465 2.084506 0.302416
v 0.474465 2.088506 0.304416
v 0.470465 2.086506 0.302416
v 0.473051 2.086506 0.303830
v 0.472465 2.086506 0.303570
v 0.472465 2.087092 0.303830
v 0.471879 2.085920 0.302416
v -0.472465 0.930790 0.302416
v -0.474465 0.930790 0.304416
v -0.473051 0.930790 0.303830
v 0.474465 0.930789 0.304416
v 0.472465 0.930789 0.302416
v 0.473051 0.930789 0.303830
v 0.474465 1.717827 0.304416
v 0.472465 1.717827 0.302416
v 0.473051 1.717827 0.303830
v -0.487515 2.103584 0.302416
v -0.489515 2.101231 0.303828
v -0.487515 2.101583 0.304416
v -0.488924 2.102899 0.303072
v -0.488670 2.102651 0.303859
v -0.488944 2.101343 0.304237
v -0.487515 2.102998 0.303830
v 0.474818 0.000000 0.303827
v 0.472781 0.002238 0.304416
v 0.472465 0.002000 0.302416
v 0.474176 0.000645 0.304239
v 0.473105 0.000905 0.303859
v 0.472559 0.002167 0.303838
v 0.473150 0.000591 0.303071
v -0.489199 0.002238 0.304416
v -0.489515 0.002000 0.302416
v -0.487162 0.000000 0.303827
v -0.489420 0.002167 0.303838
v -0.488875 0.000905 0.303859
v -0.488830 0.000591 0.303071
v -0.487804 0.000645 0.304239
vn -1.0000 -0.0000 -0.0000
vn -0.0000 1.0000 -0.0000
vn 1.0000 -0.0000 -0.0000
vn -0.0000 -1.0000 -0.0000
vn -0.0000 -0.0000 -1.0000
vn -0.0000 -0.0000 1.0000
vn -1.0000 -0.0000 -0.0001
vn -1.0000 -0.0000 0.0002
vn 1.0000 -0.0000 0.0001
vn 1.0000 -0.0000 -0.0001
vn -1.0000 -0.0000 0.0001
vn 1.0000 -0.0000 -0.0002
vn -1.0000 -0.0000 -0.0002
vn -0.9720 -0.2334 -0.0279
vn -0.4031 -0.6817 -0.6105
vn -0.3742 -0.9263 0.0451
vn -0.0137 -0.7338 -0.6793
vn -0.7632 -0.3652 -0.5330
vn 0.0014 0.0018 -1.0000
vn 0.0404 -0.9992 -0.0007
vn 0.0115 0.9999 0.0019
vn -0.5774 0.5773 -0.5773
vn -0.7178 0.6958 0.0250
vn 0.0001 -0.0001 -1.0000
vn -0.1352 0.8108 -0.5695
vn -0.9999 0.0100 -0.0008
vn -0.5696 0.1352 -0.8107
vn 0.9986 0.0003 0.0532
vn 0.6966 -0.6201 -0.3609
vn 0.9423 0.0504 -0.3310
vn 0.1365 -0.5333 -0.8349
vn 0.7362 -0.6684 -0.1063
vn -0.0047 -1.0000 0.0038
vn 0.3122 -0.0482 -0.9488
vn 1.0000 -0.0086 -0.0009
vn 0.5774 0.5773 -0.5773
vn 0.6960 0.7177 0.0226
vn -0.0001 -0.0001 -1.0000
vn 0.8108 0.1354 -0.5694
vn 0.0087 1.0000 0.0004
vn 0.1355 0.5693 -0.8109
vn 0.0282 -0.9993 -0.0254
vn -0.7323 -0.2285 0.6415
vn 0.0647 -0.6515 0.7558
vn -0.8227 0.1487 0.5487
vn -0.9244 0.2578 0.2810
vn -1.0000 0.0027 -0.0058
vn 0.0077 0.0037 1.0000
vn -0.0065 0.0042 1.0000
vn 0.7172 -0.1113 0.6879
vn -0.0659 -0.6901 0.7207
vn 0.8204 -0.4826 -0.3066
vn 0.8533 0.1026 0.5112
vn 1.0000 0.0029 -0.0070
vn -0.0224 -0.9996 -0.0164
vn -0.0282 0.9993 -0.0254
vn 0.7323 0.2287 0.6414
vn -0.0648 0.6516 0.7558
vn 0.8227 -0.1487 0.5486
vn 0.9245 -0.2577 0.2810
vn 1.0000 -0.0027 -0.0059
vn -0.0077 -0.0037 1.0000
vn 0.0063 -0.0041 1.0000
vn -0.7169 0.1043 0.6893
vn 0.0664 0.6915 0.7193
vn -0.8163 0.4875 -0.3097
vn -0.8492 -0.1037 0.5177
vn -1.0000 -0.0028 -0.0069
vn 0.0225 0.9996 -0.0165
vn 0.7079 -0.6314 0.3166
vn 0.7060 0.0481 0.7066
vn 0.9999 0.0039 -0.0160
vn 0.0465 -0.9716 0.2319
vn -0.0021 -1.0000 -0.0061
vn -0.0354 -0.0265 0.9990
vn -0.5450 -0.8312 -0.1098
vn -0.0093 -0.9747 0.2234
vn 0.0041 -1.0000 -0.0050
vn -0.8395 -0.1958 0.5069
vn -0.9999 -0.0076 -0.0078
vn 0.0405 0.0285 0.9988
vn 0.0065 -0.0042 1.0000
vn -0.7171 0.1112 0.6880
vn 0.0658 0.6901 0.7207
vn -0.8204 0.4825 -0.3067
vn -0.8533 -0.1026 0.5112
vn -1.0000 -0.0028 -0.0071
vn 0.0223 0.9996 -0.0164
vn -0.0284 0.9993 -0.0254
vn 0.8228 -0.1487 0.5486
vn 0.9245 -0.2577 0.2809
vn 0.8204 -0.4825 -0.3067
vn 0.7183 -0.0163 0.6956
vn 1.0000 0.0029 -0.0071
vn 0.7172 -0.1112 0.6880
vn 0.1536 -0.2645 0.9521
vn 0.0283 -0.9993 -0.0254
vn -0.7323 -0.2287 0.6414
vn 0.0647 -0.6516 0.7558
vn -0.8227 0.1487 0.5486
vn -0.9245 0.2577 0.2808
vn -1.0000 0.0027 -0.0059
vn 0.0076 0.0037 1.0000
vn -0.7171 0.1111 0.6880
vn -0.8204 0.4826 -0.3066
vn -0.8533 -0.1026 0.5113
vn -1.0000 -0.0029 -0.0070
vn -0.0283 0.9993 -0.0254
vn 0.7324 0.2286 0.6414
vn -0.0648 0.6515 0.7558
vn 0.9244 -0.2578 0.2809
vn -0.7323 -0.2286 0.6414
vn 0.0648 -0.6515 0.7558
vn -0.8228 0.1487 0.5486
vn -0.9245 0.2578 0.2809
vn -0.0658 -0.6901 0.7207
vn 0.8204 -0.4826 -0.3067
vn 1.0000 0.0028 -0.0071
vn -0.0223 -0.9996 -0.0164
vn 0.7323 0.2286 0.6415
vn -0.0647 0.6516 0.7558
vn 0.8227 -0.1487 0.5487
vn -0.0076 -0.0037 1.0000
vn -0.8204 0.4826 -0.3067
vn -1.0000 -0.0029 -0.0071
vn -0.9245 0.2577 0.2809
vn -0.0067 0.0043 1.0000
vn 0.7174 -0.1167 0.6868
vn -0.0653 -0.6889 0.7219
vn 0.8236 -0.4786 -0.3042
vn 0.8567 0.1017 0.5058
vn 1.0000 0.0029 -0.0072
vn -0.0222 -0.9996 -0.0163
vn -0.0065 -0.0649 0.9979
vn 0.6211 -0.6949 0.3624
vn 0.6780 0.0316 0.7344
vn 0.0026 -1.0000 0.0034
vn 0.0148 -0.9006 0.4344
vn 0.6673 -0.7373 0.1053
vn 1.0000 0.0006 -0.0000
vn -0.6884 -0.7252 0.0131
vn -0.6714 0.0300 0.7405
vn -1.0000 0.0002 0.0013
vn 0.0017 -1.0000 -0.0018
vn -0.6224 -0.7000 0.3501
vn 0.0230 -0.0390 0.9990
vn -0.3005 -0.9538 0.0066
vn 0.0041 1.0000 0.0085
vn -0.5491 0.6627 0.5092
vn 0.0277 0.7976 0.6026
vn -0.5768 0.0975 0.8110
vn -0.5330 0.8150 0.2275
vn -1.0000 0.0042 0.0016
vn 0.0040 0.0124 0.9999
vn -0.0099 0.0197 0.9998
vn 0.5944 0.6215 0.5104
vn -0.0308 0.8070 0.5897
vn 0.6176 0.7856 0.0376
vn 0.5912 0.2810 0.7560
vn 1.0000 0.0048 0.0048
vn -0.0057 1.0000 0.0061
vn -0.0040 -1.0000 0.0085
vn 0.5491 -0.6628 0.5092
vn -0.0277 -0.7976 0.6026
vn 0.5768 -0.0976 0.8110
vn 0.5331 -0.8149 0.2274
vn 1.0000 -0.0043 0.0016
vn -0.0040 -0.0124 0.9999
vn 0.0099 -0.0197 0.9998
vn -0.5944 -0.6215 0.5104
vn 0.0309 -0.8070 0.5897
vn -0.6176 -0.7856 0.0376
vn -0.5912 -0.2810 0.7560
vn -1.0000 -0.0048 0.0047
vn 0.0057 -1.0000 0.0062
vn -0.5944 -0.6215 0.5103
vn 0.0308 -0.8070 0.5897
vn 0.0058 -1.0000 0.0062
vn -0.0041 -1.0000 0.0085
vn 0.5491 -0.6627 0.5092
vn 0.5769 -0.0975 0.8110
vn 1.0000 -0.0042 0.0016
vn -0.0040 -0.0123 0.9999
vn 0.6977 -0.0169 0.7162
vn -0.0058 1.0000 0.0061
vn 0.5944 0.6215 0.5103
vn -0.0098 0.0196 0.9998
vn 0.1969 0.8805 0.4312
vn 0.0041 1.0000 0.0086
vn -0.5769 0.0975 0.8110
vn -0.5331 0.8149 0.2274
vn 0.0040 0.0123 0.9999
vn -0.6177 -0.7855 0.0376
vn -1.0000 -0.0049 0.0048
vn -0.0041 -1.0000 0.0086
vn 0.5491 -0.6627 0.5091
vn 0.0182 0.9998 0.0060
vn -0.5751 0.6172 0.5369
vn 0.0291 0.7943 0.6068
vn -0.5978 0.0755 0.7981
vn -0.5648 0.7914 0.2339
vn -0.9996 0.0274 0.0034
vn 0.0022 0.0094 1.0000
vn -0.0105 0.0177 0.9998
vn 0.5937 0.6194 0.5136
vn -0.0307 0.8024 0.5960
vn 0.6165 0.7864 0.0382
vn 0.5902 0.2782 0.7578
vn -0.0037 1.0000 0.0077
vn 0.0096 -0.0188 0.9998
vn -0.5938 -0.6195 0.5135
vn 0.0307 -0.8024 0.5960
vn -0.6167 -0.7863 0.0380
vn -0.5902 -0.2782 0.7578
vn -1.0000 -0.0049 0.0049
vn 0.0059 -1.0000 0.0061
vn -0.0042 -1.0000 0.0085
vn 0.5513 -0.6582 0.5126
vn -0.0278 -0.7933 0.6082
vn 0.5788 -0.0943 0.8100
vn 0.5354 -0.8132 0.2282
vn 1.0000 -0.0042 0.0018
vn -0.0040 -0.0121 0.9999
vn -0.0023 -0.0098 0.9999
vn 0.5707 -0.6277 0.5295
vn 0.7035 0.0166 0.7105
vn -0.0194 -0.9998 0.0062
vn 0.0333 -0.6699 0.7417
vn 0.5591 -0.7966 0.2300
vn 0.9995 -0.0313 0.0034
vn 0.6187 0.7848 0.0370
vn 0.6987 -0.0171 0.7152
vn 1.0000 0.0047 0.0047
vn 0.5952 0.6240 0.5064
vn -0.0101 0.0208 0.9997
vn 0.1996 0.8840 0.4227
vn -0.5462 0.6685 0.5048
vn 0.0275 0.8028 0.5956
vn -0.5743 0.1015 0.8123
vn -0.5299 0.8173 0.2264
vn -1.0000 0.0041 0.0015
vn 0.0041 0.0127 0.9999
vn -0.5491 0.6628 0.5092
vn -0.5330 0.8150 0.2274
vn 0.0041 0.0124 0.9999
vn 1.0000 0.0048 0.0047
vn -0.6186 -0.7848 0.0371
vn -0.6987 0.0171 0.7152
vn -1.0000 -0.0046 0.0046
vn 0.0035 -1.0000 0.0076
vn -0.5951 -0.6241 0.5063
vn 0.0109 -0.0198 0.9997
vn -0.1995 -0.8840 0.4228
vn 0.6878 -0.0058 0.7258
vn 0.7014 -0.7117 -0.0381
vn 1.0000 0.0025 -0.0024
vn -0.0002 -0.0015 1.0000
vn 0.6278 -0.3579 0.6912
vn -0.0067 -0.9994 0.0326
vn 0.2296 -0.1524 0.9613
vn 0.0177 0.9811 0.1929
vn 0.6037 0.4327 0.6695
vn 0.6638 0.7470 -0.0374
vn 0.0041 -0.0409 0.9992
vn 0.1461 0.5854 0.7974
vn 0.6423 0.1352 0.7544
vn 1.0000 -0.0030 -0.0025
vn -0.4986 -0.1454 0.8546
vn -0.0326 0.6743 0.7377
vn 0.0068 -0.0067 1.0000
vn -1.0000 0.0001 0.0008
vn -0.4437 0.4437 0.7786
vn 0.0033 1.0000 -0.0045
vn -0.3089 0.8828 0.3538
vn -0.0057 0.9999 -0.0136
vn 0.4437 0.4437 0.7786
vn 0.0437 0.6681 0.7428
vn 0.9999 -0.0092 -0.0051
vn 0.8811 0.3246 0.3439
vn 0.1318 0.0061 0.9913
vn -0.0089 -0.0089 0.9999
vn 0.0001 -1.0000 0.0009
vn 0.4437 -0.4437 0.7786
vn 0.7142 -0.6977 -0.0549
vn 0.4986 0.1454 0.8545
vn 0.0061 -0.1318 0.9913
vn -0.0089 0.0089 0.9999
vn 1.0000 -0.0001 0.0008
vn 0.7016 -0.7116 -0.0373
vn 1.0000 -0.0003 0.0006
vn -0.0139 -0.9997 0.0184
vn 0.2297 -0.1524 0.9613
vn 0.0872 -0.6171 0.7821
vn -0.9339 -0.0378 0.3556
vn 0.0039 0.0004 1.0000
vn -0.0019 -1.0000 0.0032
vn -0.1380 -0.5826 0.8010
vn -0.9999 0.0029 -0.0103
vn -0.8433 -0.3179 0.4333
vn -0.0049 -1.0000 -0.0072
vn 0.4437 -0.4436 0.7787
vn 0.7133 -0.6953 -0.0886
vn 0.4985 0.1454 0.8546
vn 0.0061 -0.1316 0.9913
vn -0.0068 0.0068 1.0000
vn 1.0000 -0.0000 0.0008
vn -0.9999 0.0092 -0.0051
vn -0.4438 -0.4436 0.7786
vn -0.6815 -0.7291 -0.0620
vn 0.1454 -0.4986 0.8545
vn -0.1319 -0.0060 0.9912
vn 0.0090 0.0090 0.9999
vn 0.0013 -1.0000 -0.0061
vn -0.8367 0.5383 0.1006
vn 0.0090 0.7123 0.7018
vn 0.0048 1.0000 -0.0040
vn -0.9810 0.0177 0.1931
vn -0.4324 0.6038 0.6697
vn 0.0414 0.0032 0.9991
vn -0.5852 0.1466 0.7975
vn -0.1084 -0.2193 0.9696
vn -0.6592 -0.7519 -0.0089
vn -0.0165 -0.9998 0.0143
vn -0.1340 -0.0188 0.9908
vn -0.6445 -0.6113 0.4594
vn -1.0000 -0.0009 -0.0024
vn -0.8963 -0.0776 0.4367
vn -0.3380 -0.0484 0.9399
vn 0.0321 -0.3189 0.9472
vn -0.9985 0.0012 -0.0551
vn -0.8632 -0.2607 0.4323
vn -0.7535 -0.6513 0.0897
vn -0.0220 -0.9993 0.0303
vn -0.0574 -0.9984 0.0002
vn -0.6648 -0.7436 0.0709
vn -0.7436 0.6685 -0.0122
vn -0.0155 0.9999 -0.0002
vn -0.9999 -0.0132 -0.0000
vn -0.7418 -0.0146 -0.6704
vn -0.0120 -0.0010 -0.9999
vn -0.9999 -0.0009 0.0116
vn 0.9966 0.0009 -0.0827
vn 0.7027 0.0949 -0.7051
vn -0.1245 -0.0002 -0.9922
vn 0.7071 -0.7071 -0.0000
vn 0.6670 0.7449 0.0137
vn 0.9999 0.0154 -0.0002
vn 0.7071 -0.0000 -0.7071
vn -0.7071 -0.0000 -0.7071
vn 0.0141 0.0012 -0.9999
vn -0.7060 -0.0129 -0.7081
vn -0.0000 -0.9999 0.0108
vn -0.0087 -0.6809 -0.7323
vn -0.0000 -0.9999 -0.0105
vn -0.0000 -0.0104 -0.9999
vn -0.0000 0.0094 -1.0000
vn -0.0000 -0.0001 -1.0000
vn -0.0000 0.7071 -0.7071
vn -0.0000 0.0002 -1.0000
vn -0.0000 0.7069 -0.7073
vn -0.0130 0.9999 0.0001
vn -0.0029 -0.7006 -0.7136
vn 0.9997 0.0234 -0.0000
vn 0.0212 -0.9998 -0.0001
vn -1.0000 -0.0014 0.0020
vn -0.6801 -0.7331 0.0070
vn 0.0108 -0.9999 0.0067
vn -0.9999 0.0009 -0.0117
vn -0.7070 0.7069 -0.0223
vn -0.9998 -0.0208 -0.0000
vn -0.0189 0.9998 -0.0000
vn 0.6573 0.7529 0.0334
vn -0.0108 0.9999 0.0067
vn 0.7238 -0.6900 -0.0078
vn 0.7071 -0.0000 0.7071
vn -0.7058 -0.0898 0.7027
vn 0.1245 -0.0002 0.9922
vn -0.7071 -0.0000 0.7071
vn -0.9966 0.0009 0.0827
vn 0.0001 -0.0000 1.0000
vn -0.0001 -0.0000 1.0000
vn -0.6962 0.0565 0.7157
vn -0.9956 -0.0002 -0.0940
vn -0.0626 -0.0053 0.9980
vn 0.0565 0.6960 0.7158
vn -0.0002 0.9956 -0.0940
vn -0.0000 0.7071 0.7071
vn -0.0053 0.0623 0.9980
vn -0.0000 0.0002 1.0000
vn 1.0000 0.0013 0.0020
vn -0.0125 -0.7586 0.6514
vn -0.0678 -0.7462 0.6623
vn -0.9952 0.0981 -0.0002
vt 0.188636 0.609616
vt 0.327308 0.606017
vt 0.327308 0.609616
vt 0.188636 0.790696
vt 0.327308 0.794184
vt 0.188636 0.794184
vt 0.315541 0.479855
vt 0.315451 0.476262
vt 0.453798 0.476215
vt 0.326844 0.299185
vt 0.328160 0.302128
vt 0.327308 0.302131
vt 0.458161 0.109075
vt 0.454655 0.109077
vt 0.454207 0.081522
vt 0.458295 0.202350
vt 0.454793 0.202347
vt 0.454656 0.112670
vt 0.327308 0.423601
vt 0.188636 0.423601
vt 0.188636 0.334192
vt 0.458163 0.112661
vt 0.454655 0.109077
vt 0.331785 0.423601
vt 0.328760 0.423601
vt 0.328760 0.334192
vt 0.454657 0.112668
vt 0.315105 0.297549
vt 0.315061 0.293947
vt 0.453921 0.293779
vt 0.315314 0.388789
vt 0.315255 0.385193
vt 0.453899 0.385085
vt 0.327308 0.334192
vt 0.188636 0.334192
vt 0.188705 0.330633
vt 0.327833 0.606017
vt 0.327833 0.609616
vt 0.860433 0.298975
vt 0.860433 0.517059
vt 0.857761 0.517060
vt 0.454778 0.205976
vt 0.314687 0.112935
vt 0.314160 0.112937
vt 0.314149 0.109368
vt 0.187709 0.423601
vt 0.184221 0.334192
vt 0.187709 0.334192
vt 0.856961 0.516980
vt 0.722083 0.299054
vt 0.856957 0.299051
vt 0.457606 0.566009
vt 0.454450 0.565036
vt 0.454607 0.479961
vt 0.188636 0.518407
vt 0.188636 0.514809
vt 0.327308 0.514809
vt 0.188636 0.427199
vt 0.188636 0.423601
vt 0.453138 0.567394
vt 0.315813 0.567807
vt 0.315694 0.564896
vt 0.187709 0.514809
vt 0.184221 0.514809
vt 0.184221 0.427199
vt 0.360751 0.341161
vt 0.360813 0.559241
vt 0.360751 0.559241
vt 0.327308 0.790696
vt 0.327833 0.794184
vt 0.453864 0.202347
vt 0.314868 0.202575
vt 0.453921 0.293779
vt 0.314897 0.206181
vt 0.453899 0.385085
vt 0.453798 0.476215
vt 0.188636 0.427199
vt 0.327308 0.427199
vt 0.188636 0.518407
vt 0.327308 0.518407
vt 0.454819 0.297404
vt 0.458345 0.293789
vt 0.458322 0.297409
vt 0.327308 0.786274
vt 0.188636 0.700824
vt 0.327308 0.700824
vt 0.454651 0.479835
vt 0.454724 0.476218
vt 0.458212 0.476240
vt 0.327308 0.697225
vt 0.188636 0.609616
vt 0.188636 0.786274
vt 0.188636 0.700824
vt 0.644049 0.494949
vt 0.641023 0.714421
vt 0.641018 0.495412
vt 0.365827 0.341161
vt 0.501038 0.559162
vt 0.365827 0.559165
vt 0.327308 0.789690
vt 0.188636 0.789769
vt 0.188636 0.786274
vt 0.188636 0.790696
vt 0.327308 0.790696
vt 0.328760 0.427199
vt 0.331785 0.427199
vt 0.333237 0.334656
vt 0.468254 0.334656
vt 0.468251 0.423248
vt 0.309807 0.384757
vt 0.174269 0.385044
vt 0.174088 0.298208
vt 0.454581 0.570327
vt 0.314888 0.571403
vt 0.315700 0.568633
vt 0.184221 0.700824
vt 0.187709 0.697225
vt 0.187709 0.700824
vt 0.184221 0.609616
vt 0.187709 0.606017
vt 0.187709 0.609616
vt 0.184221 0.518407
vt 0.187709 0.518407
vt 0.187709 0.334192
vt 0.184221 0.330633
vt 0.361743 0.560168
vt 0.364368 0.340234
vt 0.364374 0.560168
vt 0.309807 0.384757
vt 0.309623 0.297925
vt 0.454589 0.570325
vt 0.316026 0.568542
vt 0.453322 0.568079
vt 0.327833 0.700824
vt 0.327833 0.786274
vt 0.453724 0.109078
vt 0.314674 0.109367
vt 0.314608 0.081793
vt 0.454818 0.297405
vt 0.454849 0.293780
vt 0.454779 0.205975
vt 0.458284 0.205974
vt 0.454655 0.109077
vt 0.453666 0.080538
vt 0.314606 0.080863
vt 0.315063 0.077908
vt 0.455096 0.569987
vt 0.453830 0.567741
vt 0.454199 0.565205
vt 0.314736 0.385197
vt 0.454779 0.388706
vt 0.458314 0.385103
vt 0.458278 0.388717
vt 0.639566 0.495412
vt 0.639564 0.714421
vt 0.500895 0.714420
vt 0.309804 0.384756
vt 0.309898 0.388815
vt 0.309839 0.389167
vt 0.860433 0.518660
vt 0.860433 0.736745
vt 0.857761 0.736745
vt 0.309395 0.202129
vt 0.173558 0.202418
vt 0.173371 0.113593
vt 0.644879 0.275168
vt 0.506672 0.494722
vt 0.506672 0.275710
vt 0.505534 0.180595
vt 0.286522 0.176996
vt 0.505534 0.176997
vt 0.309413 0.206552
vt 0.309661 0.293969
vt 0.309598 0.293505
vt 0.722088 0.516983
vt 0.505534 0.363011
vt 0.286523 0.359414
vt 0.505534 0.359413
vt 0.505534 0.089387
vt 0.286523 0.085787
vt 0.505534 0.085789
vt 0.309596 0.293505
vt 0.309684 0.297571
vt 0.309625 0.297924
vt 0.332774 0.427663
vt 0.468252 0.427663
vt 0.468249 0.514462
vt 0.332773 0.701287
vt 0.468247 0.785933
vt 0.333237 0.785811
vt 0.505533 0.271803
vt 0.286522 0.268205
vt 0.505533 0.268205
vt 0.333237 0.334656
vt 0.332774 0.423243
vt 0.286522 0.180595
vt 0.286522 0.271804
vt 0.505534 0.452420
vt 0.286523 0.363013
vt 0.505535 0.483422
vt 0.286524 0.483478
vt 0.286523 0.455981
vt 0.496473 0.714420
vt 0.496473 0.495411
vt 0.499968 0.495411
vt 0.309127 0.081807
vt 0.309255 0.108916
vt 0.309194 0.108916
vt 0.286523 0.089386
vt 0.286523 0.000337
vt 0.505535 0.000339
vt 0.314008 0.476274
vt 0.310984 0.476290
vt 0.310825 0.388810
vt 0.455347 0.569818
vt 0.645507 0.495876
vt 0.780715 0.495876
vt 0.780720 0.713878
vt 0.454655 0.479836
vt 0.458174 0.479865
vt 0.309993 0.475833
vt 0.174563 0.389407
vt 0.309837 0.389168
vt 0.327833 0.609616
vt 0.327833 0.697225
vt 0.187709 0.786274
vt 0.188636 0.700824
vt 0.505534 0.455978
vt 0.286523 0.452421
vt 0.332773 0.696873
vt 0.332712 0.697225
vt 0.332712 0.609615
vt 0.453667 0.080534
vt 0.315063 0.077913
vt 0.453658 0.077003
vt 0.310612 0.297567
vt 0.310589 0.293965
vt 0.313615 0.293954
vt 0.645409 0.494208
vt 0.645424 0.276223
vt 0.673238 0.276225
vt 0.327308 0.303137
vt 0.327833 0.303137
vt 0.327833 0.330634
vt 0.187710 0.789768
vt 0.184221 0.789768
vt 0.184221 0.786274
vt 0.314081 0.081794
vt 0.957398 0.495969
vt 0.957389 0.713865
vt 0.870236 0.713862
vt 0.869115 0.495969
vt 0.781953 0.713862
vt 0.781962 0.495965
vt 0.220240 0.999104
vt 0.305254 0.781211
vt 0.305245 0.999108
vt 0.220240 0.999104
vt 0.220249 0.781207
vt 0.869106 0.713865
vt 0.861232 0.518739
vt 0.996106 0.518736
vt 0.996111 0.736665
vt 0.332773 0.423243
vt 0.332712 0.334656
vt 0.333237 0.334656
vt 0.145675 0.508925
vt 0.143003 0.727009
vt 0.143004 0.508925
vt 0.365827 0.341161
vt 0.501033 0.341161
vt 0.501038 0.559162
vt 0.332773 0.514457
vt 0.332712 0.427199
vt 0.332774 0.427663
vt 0.145675 0.289240
vt 0.143003 0.507324
vt 0.143004 0.289240
vt 0.645507 0.713881
vt 0.644982 0.713957
vt 0.644976 0.495876
vt 0.332773 0.605665
vt 0.332712 0.606017
vt 0.332712 0.518407
vt 0.309838 0.389167
vt 0.310056 0.476294
vt 0.309994 0.475832
vt 0.332712 0.700824
vt 0.332773 0.701287
vt 0.309622 0.297923
vt 0.309869 0.385219
vt 0.309807 0.384755
vt 0.332712 0.697225
vt 0.332773 0.696873
vt 0.332712 0.697225
vt 0.332773 0.518871
vt 0.468249 0.605669
vt 0.332773 0.605665
vt 0.861232 0.299054
vt 0.996111 0.516980
vt 0.861237 0.516984
vt 0.327833 0.334192
vt 0.327833 0.423601
vt 0.313219 0.109371
vt 0.309811 0.109845
vt 0.309727 0.081860
vt 0.314368 0.206184
vt 0.310825 0.388811
vt 0.313814 0.385202
vt 0.313851 0.388798
vt 0.310612 0.297567
vt 0.313614 0.293954
vt 0.313643 0.297556
vt 0.314355 0.565243
vt 0.311012 0.479905
vt 0.314057 0.479880
vt 0.331784 0.606017
vt 0.328760 0.606017
vt 0.328760 0.518407
vt 0.310404 0.206196
vt 0.313417 0.202581
vt 0.313436 0.206187
vt 0.314575 0.297552
vt 0.314547 0.293950
vt 0.331785 0.514809
vt 0.328760 0.514809
vt 0.327833 0.518407
vt 0.331784 0.697225
vt 0.328760 0.697225
vt 0.328760 0.609616
vt 0.328760 0.609616
vt 0.331785 0.609615
vt 0.327308 0.330634
vt 0.327833 0.334192
vt 0.314565 0.297551
vt 0.332248 0.789769
vt 0.328760 0.789769
vt 0.328760 0.786274
vt 0.314400 0.565339
vt 0.311653 0.566460
vt 0.310966 0.479808
vt 0.327833 0.427199
vt 0.314931 0.476267
vt 0.314774 0.388792
vt 0.331785 0.786738
vt 0.328760 0.786274
vt 0.328760 0.700824
vt 0.640091 0.495412
vt 0.640095 0.714421
vt 0.315231 0.565078
vt 0.314933 0.479715
vt 0.331784 0.697225
vt 0.331785 0.700824
vt 0.361743 0.560168
vt 0.361736 0.340609
vt 0.364368 0.340234
vt 0.331785 0.333729
vt 0.328760 0.334192
vt 0.328760 0.330634
vt 0.640093 0.714421
vt 0.188636 0.298721
vt 0.188636 0.302209
vt 0.309127 0.081807
vt 0.309189 0.081806
vt 0.309255 0.108916
vt 0.327833 0.697225
vt 0.327833 0.700824
vt 0.332773 0.610079
vt 0.468252 0.610079
vt 0.468249 0.696877
vt 0.310403 0.206196
vt 0.310387 0.202590
vt 0.313417 0.202581
vt 0.142204 0.507245
vt 0.007330 0.507248
vt 0.007325 0.289319
vt 0.313230 0.112939
vt 0.310195 0.112482
vt 0.309811 0.109844
vt 0.332773 0.330170
vt 0.332712 0.330170
vt 0.332712 0.303137
vt 0.332774 0.427663
vt 0.332774 0.514457
vt 0.314931 0.476267
vt 0.315089 0.567909
vt 0.311741 0.566334
vt 0.314400 0.565339
vt 0.327833 0.790696
vt 0.327833 0.794184
vt 0.314784 0.388793
vt 0.314747 0.385197
vt 0.309599 0.293505
vt 0.173872 0.293795
vt 0.173689 0.206838
vt 0.327833 0.423601
vt 0.327833 0.427199
vt 0.327833 0.514809
vt 0.327833 0.518407
vt 0.332773 0.518871
vt 0.332712 0.518407
vt 0.332712 0.514809
vt 0.332773 0.610079
vt 0.332773 0.696873
vt 0.856961 0.736666
vt 0.722088 0.736668
vt 0.722083 0.518739
vt 0.332773 0.696873
vt 0.332712 0.609616
vt 0.332773 0.610079
vt 0.365298 0.341161
vt 0.313815 0.385202
vt 0.310795 0.385215
vt 0.310611 0.297567
vt 0.145675 0.508925
vt 0.145675 0.727009
vt 0.143003 0.727010
vt 0.309395 0.202129
vt 0.308742 0.113415
vt 0.314539 0.293950
vt 0.314361 0.206183
vt 0.142204 0.726930
vt 0.007330 0.726933
vt 0.007325 0.509004
vt 0.332774 0.514457
vt 0.332712 0.514809
vt 0.332712 0.427199
vt 0.187710 0.789769
vt 0.187709 0.786274
vt 0.454778 0.388708
vt 0.327833 0.330634
vt 0.453863 0.202347
vt 0.453726 0.112670
vt 0.187709 0.330633
vt 0.331785 0.331097
vt 0.328370 0.303192
vt 0.454779 0.205975
vt 0.454778 0.205977
vt 0.454826 0.385087
vt 0.454817 0.297406
vt 0.315738 0.567852
vt 0.315617 0.567829
vt 0.314929 0.565259
vt 0.327833 0.606017
vt 0.453864 0.202347
vt 0.453920 0.293779
vt 0.453849 0.205976
vt 0.313219 0.109371
vt 0.313152 0.081850
vt 0.188636 0.334192
vt 0.645507 0.713881
vt 0.644979 0.495876
vt 0.453797 0.476215
vt 0.453851 0.388705
vt 0.187709 0.697225
vt 0.184221 0.697225
vt 0.184221 0.606017
vt 0.313230 0.112939
vt 0.309811 0.109844
vt 0.453726 0.112670
vt 0.453724 0.109078
vt 0.188708 0.302780
vt 0.453864 0.202347
vt 0.453921 0.293779
vt 0.453889 0.297404
vt 0.453899 0.385085
vt 0.453799 0.476215
vt 0.453725 0.479832
vt 0.187709 0.427199
vt 0.187709 0.514809
vt 0.187709 0.427199
vt 0.187709 0.697225
vt 0.184221 0.423601
vt 0.188636 0.514809
vt 0.188636 0.427199
vt 0.188636 0.606017
vt 0.188636 0.518407
vt 0.188636 0.697225
vt 0.188636 0.609616
vt 0.644049 0.494949
vt 0.644055 0.714885
vt 0.641023 0.714421
vt 0.308742 0.113415
vt 0.309458 0.202593
vt 0.309395 0.202128
vt 0.188636 0.786274
vt 0.645409 0.494208
vt 0.673238 0.276225
vt 0.673222 0.494209
vt 0.856961 0.736665
vt 0.856957 0.518736
vt 0.327833 0.786274
vt 0.328160 0.789687
vt 0.188636 0.514809
vt 0.187709 0.423601
vt 0.331785 0.786738
vt 0.146474 0.289319
vt 0.281348 0.289316
vt 0.281353 0.507245
vt 0.315503 0.568599
vt 0.315700 0.568633
vt 0.328760 0.609615
vt 0.331785 0.609616
vt 0.314606 0.080863
vt 0.313743 0.077914
vt 0.315063 0.077908
vt 0.453898 0.385086
vt 0.453889 0.297404
vt 0.454819 0.297404
vt 0.188636 0.700823
vt 0.188636 0.697225
vt 0.328160 0.789687
vt 0.313764 0.080865
vt 0.314784 0.388793
vt 0.453569 0.564907
vt 0.453725 0.479832
vt 0.453201 0.567443
vt 0.453570 0.564907
vt 0.332773 0.610079
vt 0.332712 0.606017
vt 0.332773 0.605665
vt 0.309623 0.297924
vt 0.309868 0.385218
vt 0.332774 0.423243
vt 0.332712 0.423601
vt 0.332712 0.334656
vt 0.644879 0.495185
vt 0.506672 0.494722
vt 0.188705 0.330633
vt 0.332773 0.518871
vt 0.309394 0.202128
vt 0.309474 0.206199
vt 0.309414 0.206552
vt 0.309992 0.475829
vt 0.310081 0.479910
vt 0.309268 0.113414
vt 0.309458 0.202592
vt 0.184221 0.303136
vt 0.500896 0.495411
vt 0.326844 0.299185
vt 0.328147 0.299185
vt 0.311012 0.479905
vt 0.314005 0.476276
vt 0.314057 0.479880
vt 0.505535 0.483422
vt 0.310227 0.565633
vt 0.174053 0.566710
vt 0.173381 0.481336
vt 0.454778 0.388707
vt 0.309993 0.475833
vt 0.174716 0.476076
vt 0.174563 0.389407
vt 0.331785 0.518407
vt 0.188636 0.606017
vt 0.332712 0.785811
vt 0.332712 0.700824
vt 0.332773 0.701287
vt 0.468249 0.701287
vt 0.454207 0.081522
vt 0.458102 0.081512
vt 0.360748 0.341161
vt 0.360809 0.341161
vt 0.360816 0.559241
vt 0.187709 0.330633
vt 0.187709 0.303136
vt 0.142204 0.507245
vt 0.007325 0.289319
vt 0.142199 0.289316
vt 0.453724 0.109079
vt 0.314608 0.081794
vt 0.453669 0.081468
vt 0.154319 0.716410
vt 0.154309 0.934306
vt 0.065367 0.934302
vt 0.893881 0.494162
vt 0.981043 0.276270
vt 0.981034 0.494166
vt 0.065367 0.934302
vt 0.065376 0.716406
vt 0.314148 0.109368
vt 0.314081 0.081794
vt 0.870246 0.495965
vt 0.332774 0.427663
vt 0.332712 0.423601
vt 0.365301 0.559241
vt 0.365296 0.341161
vt 0.309413 0.206552
vt 0.309661 0.293968
vt 0.309394 0.202128
vt 0.309474 0.206199
vt 0.309596 0.293505
vt 0.309684 0.297571
vt 0.309837 0.389167
vt 0.310057 0.476295
vt 0.780720 0.713878
vt 0.996111 0.736665
vt 0.861237 0.736669
vt 0.860433 0.298975
vt 0.857761 0.517060
vt 0.857761 0.298975
vt 0.310019 0.480261
vt 0.310078 0.479912
vt 0.310758 0.565629
vt 0.309804 0.384756
vt 0.309869 0.385219
vt 0.309898 0.388815
vt 0.332773 0.610079
vt 0.332711 0.609616
vt 0.332711 0.606017
vt 0.310020 0.480260
vt 0.310757 0.565629
vt 0.310227 0.565633
vt 0.332773 0.605665
vt 0.332773 0.518871
vt 0.309995 0.475827
vt 0.310018 0.480260
vt 0.327833 0.330634
vt 0.327833 0.334192
vt 0.313416 0.202580
vt 0.310196 0.112482
vt 0.311008 0.479906
vt 0.310984 0.476290
vt 0.314008 0.476274
vt 0.310824 0.388811
vt 0.314539 0.293950
vt 0.314344 0.202577
vt 0.327833 0.609616
vt 0.314348 0.202577
vt 0.313615 0.293954
vt 0.310589 0.293965
vt 0.310403 0.206196
vt 0.327833 0.786274
vt 0.314032 0.570752
vt 0.315001 0.479866
vt 0.314948 0.476262
vt 0.313037 0.569698
vt 0.311741 0.566333
vt 0.327833 0.700824
vt 0.331785 0.331097
vt 0.331785 0.303190
vt 0.331785 0.333729
vt 0.328760 0.330634
vt 0.331785 0.331097
vt 0.188636 0.298721
vt 0.326844 0.299185
vt 0.499968 0.495411
vt 0.499968 0.714420
vt 0.146474 0.289319
vt 0.281353 0.507245
vt 0.146479 0.507248
vt 0.313614 0.293954
vt 0.310404 0.206196
vt 0.313436 0.206187
vt 0.860433 0.518660
vt 0.857761 0.736745
vt 0.857761 0.518660
vt 0.328760 0.700824
vt 0.893890 0.276266
vt 0.981043 0.276270
vt 0.142204 0.726930
vt 0.007325 0.509004
vt 0.142199 0.509001
vt 0.315001 0.479866
vt 0.313417 0.202581
vt 0.310195 0.112482
vt 0.332248 0.789769
vt 0.331785 0.786738
vt 0.313814 0.385202
vt 0.310613 0.297567
vt 0.313643 0.297556
vt 0.146474 0.509004
vt 0.281353 0.726930
vt 0.146479 0.726933
vt 0.331785 0.423601
vt 0.328760 0.334192
vt 0.331785 0.333729
vt 0.328760 0.427199
vt 0.331785 0.427199
vt 0.332773 0.518871
vt 0.468252 0.518871
vt 0.468249 0.605669
vt 0.996106 0.299051
vt 0.309599 0.293505
vt 0.173689 0.206838
vt 0.309413 0.206553
vt 0.145675 0.289240
vt 0.145675 0.507324
vt 0.143003 0.507324
vt 0.173381 0.481336
vt 0.310020 0.480260
vt 0.314008 0.476274
vt 0.310825 0.388811
vt 0.313851 0.388798
vt 0.332774 0.427663
vt 0.332774 0.423243
vt 0.332773 0.330170
vt 0.332712 0.303137
vt 0.332773 0.303137
vt 0.314344 0.202577
vt 0.314157 0.112936
vt 0.146474 0.509004
vt 0.281348 0.509001
vt 0.281353 0.726930
vt 0.188179 0.302714
vt 0.188686 0.302673
vt 0.187709 0.302673
vt 0.188173 0.302970
vt 0.188173 0.302209
vt 0.188238 0.790232
vt 0.188636 0.790232
vt 0.187710 0.790232
vt 0.188173 0.789769
vt 0.454067 0.081033
vt 0.454133 0.081506
vt 0.454132 0.080720
vt 0.453668 0.081003
vt 0.454412 0.081001
vt 0.453579 0.567774
vt 0.453152 0.567779
vt 0.453662 0.567443
vt 0.453782 0.568078
vt 0.860896 0.517523
vt 0.860896 0.517016
vt 0.309531 0.476296
vt 0.860896 0.517310
vt 0.860873 0.298512
vt 0.860896 0.299020
vt 0.333237 0.697225
vt 0.333237 0.697281
vt 0.860896 0.298725
vt 0.860896 0.298512
vt 0.857298 0.298512
vt 0.857298 0.299018
vt 0.333237 0.700824
vt 0.857298 0.298725
vt 0.857322 0.517523
vt 0.857297 0.517015
vt 0.309549 0.479915
vt 0.309549 0.479856
vt 0.857297 0.517309
vt 0.857297 0.517523
vt 0.333237 0.302673
vt 0.333237 0.302947
vt 0.645343 0.494501
vt 0.645343 0.494722
vt 0.645617 0.494722
vt 0.314566 0.077365
vt 0.314596 0.077173
vt 0.308662 0.081624
vt 0.308692 0.081343
vt 0.645343 0.275902
vt 0.645624 0.275710
vt 0.142563 0.507788
vt 0.142540 0.507279
vt 0.309373 0.388817
vt 0.309373 0.388762
vt 0.142540 0.507574
vt 0.142540 0.507788
vt 0.142540 0.288776
vt 0.142540 0.289283
vt 0.333236 0.609616
vt 0.142540 0.288989
vt 0.333237 0.606017
vt 0.333237 0.606073
vt 0.146138 0.288990
vt 0.146138 0.288776
vt 0.146115 0.288776
vt 0.146138 0.289285
vt 0.146139 0.507788
vt 0.146139 0.507281
vt 0.309344 0.385221
vt 0.146139 0.507575
vt 0.857321 0.737208
vt 0.857297 0.736700
vt 0.309158 0.297573
vt 0.309158 0.297518
vt 0.857297 0.736994
vt 0.857297 0.737208
vt 0.857298 0.518197
vt 0.857298 0.518703
vt 0.333237 0.518407
vt 0.857298 0.518410
vt 0.860896 0.737208
vt 0.860896 0.736702
vt 0.309135 0.293971
vt 0.860896 0.736995
vt 0.860873 0.518197
vt 0.860896 0.518705
vt 0.333237 0.514809
vt 0.333237 0.514865
vt 0.860896 0.518410
vt 0.860896 0.518197
vt 0.142540 0.508462
vt 0.142540 0.508968
vt 0.333237 0.427199
vt 0.142540 0.508675
vt 0.142563 0.727473
vt 0.142540 0.726964
vt 0.308948 0.206201
vt 0.308948 0.206145
vt 0.142540 0.727259
vt 0.142540 0.727473
vt 0.146139 0.727473
vt 0.146139 0.726966
vt 0.308932 0.202594
vt 0.146139 0.727260
vt 0.146116 0.508462
vt 0.146138 0.508970
vt 0.333237 0.423601
vt 0.333237 0.423654
vt 0.146138 0.508675
vt 0.146138 0.508462
vt 0.673303 0.494514
vt 0.673023 0.494722
vt 0.360482 0.559704
vt 0.360285 0.559207
vt 0.333237 0.330353
vt 0.332773 0.330634
vt 0.309195 0.109381
vt 0.308729 0.109108
vt 0.360284 0.340906
vt 0.360751 0.340698
vt 0.673190 0.275710
vt 0.673303 0.276210
vt 0.007178 0.507788
vt 0.006989 0.507239
vt 0.174025 0.389351
vt 0.174481 0.389060
vt 0.893657 0.275942
vt 0.893948 0.275710
vt 0.893803 0.494722
vt 0.893657 0.494169
vt 0.468345 0.609615
vt 0.468787 0.609961
vt 0.006989 0.289009
vt 0.007432 0.288776
vt 0.281500 0.288776
vt 0.281689 0.289325
vt 0.468787 0.605726
vt 0.468330 0.606017
vt 0.781729 0.495641
vt 0.782021 0.495409
vt 0.781875 0.714421
vt 0.781729 0.713869
vt 0.174177 0.385508
vt 0.173734 0.385163
vt 0.281689 0.507554
vt 0.281247 0.507788
vt 0.870158 0.714421
vt 0.870013 0.713869
vt 0.173780 0.294260
vt 0.173336 0.293914
vt 0.996447 0.736975
vt 0.996005 0.737208
vt 0.996257 0.518196
vt 0.996447 0.518745
vt 0.468788 0.514518
vt 0.468330 0.514810
vt 0.870013 0.495641
vt 0.870304 0.495409
vt 0.468345 0.427200
vt 0.468788 0.427546
vt 0.006989 0.508695
vt 0.007432 0.508461
vt 0.957477 0.495409
vt 0.957622 0.495962
vt 0.007178 0.727473
vt 0.006989 0.726924
vt 0.173150 0.206782
vt 0.173608 0.206489
vt 0.957622 0.714189
vt 0.957331 0.714421
vt 0.981121 0.275710
vt 0.981267 0.276263
vt 0.174624 0.476539
vt 0.174181 0.476194
vt 0.996447 0.517290
vt 0.996004 0.517523
vt 0.996257 0.298511
vt 0.996446 0.299060
vt 0.468787 0.696934
vt 0.468330 0.697225
vt 0.981267 0.494490
vt 0.980975 0.494722
vt 0.501187 0.340697
vt 0.501374 0.341214
vt 0.172833 0.113537
vt 0.173284 0.113238
vt 0.154547 0.934645
vt 0.154250 0.934862
vt 0.154400 0.715850
vt 0.154547 0.716403
vt 0.468346 0.334192
vt 0.468788 0.334541
vt 0.501374 0.559471
vt 0.500933 0.559704
vt 0.065285 0.934862
vt 0.065138 0.934309
vt 0.173466 0.202883
vt 0.173023 0.202535
vt 0.281689 0.727240
vt 0.281248 0.727473
vt 0.281500 0.508461
vt 0.281689 0.509010
vt 0.468788 0.423305
vt 0.468332 0.423601
vt 0.065138 0.716082
vt 0.065435 0.715850
vt 0.305472 0.999446
vt 0.305187 0.999663
vt 0.780867 0.495412
vt 0.781056 0.495929
vt 0.468787 0.785989
vt 0.468333 0.786274
vt 0.468344 0.700823
vt 0.468787 0.701166
vt 0.721747 0.298744
vt 0.722191 0.298511
vt 0.220166 0.999663
vt 0.220022 0.999111
vt 0.721937 0.517523
vt 0.721747 0.516974
vt 0.172835 0.481283
vt 0.173297 0.480992
vt 0.220022 0.780883
vt 0.220307 0.780652
vt 0.721936 0.737208
vt 0.721747 0.736659
vt 0.173549 0.298153
vt 0.174006 0.297860
vt 0.869339 0.714189
vt 0.869048 0.714421
vt 0.869193 0.495409
vt 0.869339 0.495962
vt 0.468345 0.518408
vt 0.468787 0.518754
vt 0.721747 0.518430
vt 0.722190 0.518196
vt 0.173962 0.567178
vt 0.173511 0.566836
vt 0.781056 0.714188
vt 0.780612 0.714421
vt 0.305328 0.780652
vt 0.305472 0.781204
vt 0.313617 0.081822
vt 0.313922 0.081330
vt 0.313593 0.081400
vt 0.313614 0.080866
vt 0.315556 0.568141
vt 0.316109 0.568536
vt 0.315129 0.568262
vt 0.315673 0.568163
vt 0.315510 0.567809
vt 0.309732 0.112948
vt 0.309535 0.112948
vt 0.364832 0.340697
vt 0.365296 0.340697
vt 0.365034 0.559704
vt 0.364838 0.559704
vt 0.332248 0.334192
vt 0.332712 0.334192
vt 0.361279 0.559704
vt 0.360816 0.559704
vt 0.332248 0.330633
vt 0.332248 0.330633
vt 0.332444 0.330633
vt 0.332248 0.303163
vt 0.332554 0.302673
vt 0.332052 0.302673
vt 0.328167 0.298721
vt 0.328296 0.299185
vt 0.361273 0.340885
vt 0.361273 0.340698
vt 0.361077 0.340698
vt 0.361273 0.340885
vt 0.309721 0.109380
vt 0.309256 0.109381
vt 0.644512 0.495412
vt 0.644976 0.495412
vt 0.332248 0.786274
vt 0.332444 0.786274
vt 0.311228 0.566093
vt 0.310762 0.566096
vt 0.644518 0.714421
vt 0.644714 0.714421
vt 0.327985 0.790232
vt 0.328296 0.790696
vt 0.328319 0.790160
vt 0.327985 0.790232
vt 0.328296 0.789713
vt 0.313606 0.077766
vt 0.313918 0.077367
vt 0.309653 0.081551
vt 0.310050 0.081339
vt 0.309523 0.081341
vt 0.309654 0.081844
vt 0.328253 0.302694
vt 0.328693 0.302673
vt 0.328296 0.303175
vt 0.328296 0.302276
vt 0.327985 0.302673
vt 0.188686 0.302673
vt 0.327308 0.302673
vt 0.188708 0.302780
vt 0.327308 0.790232
vt 0.188173 0.330633
vt 0.188173 0.302970
vt 0.454189 0.109078
vt 0.314607 0.081328
vt 0.453668 0.081003
vt 0.315829 0.568193
vt 0.453154 0.567780
vt 0.454328 0.202346
vt 0.454313 0.205976
vt 0.454385 0.293778
vt 0.454353 0.297404
vt 0.454362 0.385085
vt 0.454314 0.388705
vt 0.454261 0.476215
vt 0.454187 0.479832
vt 0.188173 0.423601
vt 0.188173 0.427199
vt 0.188173 0.514809
vt 0.188173 0.518407
vt 0.188173 0.606017
vt 0.188173 0.609616
vt 0.188173 0.697225
vt 0.188173 0.700824
vt 0.188173 0.334192
vt 0.188173 0.786274
vt 0.454031 0.564907
vt 0.454191 0.112669
vt 0.146083 0.288776
vt 0.142595 0.507788
vt 0.860896 0.518705
vt 0.860896 0.736702
vt 0.142540 0.726965
vt 0.142540 0.508968
vt 0.860896 0.299020
vt 0.860896 0.517017
vt 0.146138 0.508970
vt 0.857297 0.517015
vt 0.857297 0.736700
vt 0.860841 0.518197
vt 0.857353 0.737208
vt 0.146085 0.508462
vt 0.142595 0.727473
vt 0.860841 0.298512
vt 0.857356 0.517523
vt 0.506208 0.275710
vt 0.505535 0.483939
vt 0.500431 0.714420
vt 0.500432 0.495411
vt 0.188173 0.794184
vt 0.188173 0.790696
vt 0.455048 0.570324
vt 0.453782 0.568078
vt 0.309340 0.081341
vt 0.313923 0.081330
vt 0.454123 0.077002
vt 0.454412 0.081001
vt 0.188173 0.298721
vt 0.184221 0.302673
vt 0.332712 0.786274
vt 0.644979 0.495412
vt 0.310761 0.566097
vt 0.310231 0.566101
vt 0.645507 0.714421
vt 0.673030 0.275710
vt 0.673303 0.494224
vt 0.360284 0.341197
vt 0.327308 0.298721
vt 0.327990 0.298721
vt 0.332555 0.302673
vt 0.360813 0.559704
vt 0.360751 0.559704
vt 0.332712 0.330633
vt 0.332773 0.330633
vt 0.893657 0.276259
vt 0.006989 0.289329
vt 0.781729 0.495958
vt 0.281689 0.507235
vt 0.996447 0.736655
vt 0.870013 0.495958
vt 0.957276 0.495409
vt 0.006989 0.509014
vt 0.957622 0.713872
vt 0.957622 0.495962
vt 0.870359 0.714421
vt 0.996447 0.516970
vt 0.981267 0.494173
vt 0.981267 0.276263
vt 0.894003 0.494722
vt 0.980921 0.275710
vt 0.154547 0.934345
vt 0.281689 0.726920
vt 0.065138 0.716399
vt 0.065138 0.934309
vt 0.154198 0.715850
vt 0.065487 0.934862
vt 0.220365 0.999663
vt 0.721747 0.299064
vt 0.220022 0.781201
vt 0.220022 0.999111
vt 0.869339 0.713872
vt 0.721747 0.518749
vt 0.868993 0.495409
vt 0.782075 0.714421
vt 0.305129 0.780652
vt 0.305472 0.999146
vt 0.308741 0.112950
vt 0.500924 0.340697
vt 0.365827 0.340697
vt 0.333237 0.334192
vt 0.780612 0.714421
vt 0.722207 0.517523
vt 0.173297 0.480992
vt 0.995989 0.518196
vt 0.996005 0.737208
vt 0.281233 0.508461
vt 0.722204 0.737208
vt 0.722190 0.518196
vt 0.007447 0.727473
vt 0.007447 0.507788
vt 0.007432 0.288776
vt 0.333237 0.786274
vt 0.780602 0.495412
vt 0.645507 0.495412
vt 0.281231 0.288776
vt 0.468330 0.606017
vt 0.995989 0.298511
vt 0.722191 0.298511
vt 0.313684 0.109370
vt 0.328296 0.330634
vt 0.328296 0.334192
vt 0.313901 0.206186
vt 0.313881 0.202579
vt 0.314107 0.297555
vt 0.314079 0.293952
vt 0.314315 0.388796
vt 0.314278 0.385200
vt 0.314524 0.479876
vt 0.314472 0.476272
vt 0.328297 0.423601
vt 0.328296 0.427199
vt 0.328297 0.514809
vt 0.328297 0.518407
vt 0.328296 0.606017
vt 0.328296 0.609616
vt 0.328296 0.697225
vt 0.328296 0.700824
vt 0.313695 0.112938
vt 0.314822 0.565239
vt 0.328296 0.786274
vt 0.332248 0.609616
vt 0.332248 0.606017
vt 0.310332 0.385217
vt 0.310361 0.388812
vt 0.332248 0.514809
vt 0.332248 0.427199
vt 0.309939 0.206197
vt 0.310125 0.293967
vt 0.332248 0.697225
vt 0.310521 0.476292
vt 0.332248 0.423601
vt 0.309922 0.202591
vt 0.640559 0.714421
vt 0.640554 0.495412
vt 0.332248 0.700824
vt 0.332248 0.518407
vt 0.310148 0.297569
vt 0.310545 0.479908
vt 0.313277 0.570176
vt 0.315296 0.568416
vt 0.328296 0.794184
vt 0.328760 0.790232
vt 0.332248 0.790232
vt 0.310050 0.081340
vt 0.328693 0.302673
vt 0.328296 0.789713
vt 0.365827 0.559704
vt 0.365301 0.559704
vt 0.332712 0.334192
vt 0.327985 0.302673
vt 0.309267 0.112949
vt 0.360748 0.340698
vt 0.360809 0.340698
vt 0.309256 0.109381
vt 0.188173 0.789769
vt 0.188636 0.790232
vt 0.645343 0.494671
vt 0.645457 0.494722
vt 0.314590 0.077365
vt 0.308661 0.081460
vt 0.645343 0.275747
vt 0.860896 0.518705
vt 0.308932 0.202594
vt 0.333237 0.330517
vt 0.308926 0.109382
vt 0.174025 0.389183
vt 0.468602 0.609615
vt 0.468787 0.605895
vt 0.173920 0.385509
vt 0.173522 0.294260
vt 0.468788 0.514687
vt 0.468602 0.427200
vt 0.173150 0.206613
vt 0.174367 0.476539
vt 0.468787 0.697102
vt 0.172833 0.113365
vt 0.468603 0.334192
vt 0.501374 0.559152
vt 0.173209 0.202884
vt 0.468788 0.423476
vt 0.468787 0.786154
vt 0.468601 0.700823
vt 0.172834 0.481117
vt 0.173549 0.297984
vt 0.468602 0.518408
vt 0.173702 0.567180
vt 0.781056 0.713868
vt 0.313151 0.081332
vt 0.332248 0.302880
vt 0.331785 0.302673
vt 0.361273 0.340777
vt 0.644982 0.714421
vt 0.313606 0.077517
vt 0.309654 0.081844
vt 0.333237 0.606073
vt 0.309373 0.388762
vt 0.333237 0.514865
vt 0.309158 0.297518
vt 0.333237 0.423654
vt 0.308948 0.206145
vt 0.333237 0.697281
vt 0.309549 0.479856
vt 0.506208 0.494722
vt 0.286524 0.483941
vt 0.184221 0.790232
vt 0.458101 0.080993
vt 0.673303 0.276210
vt 0.468330 0.514810
vt 0.174006 0.297860
vt 0.173608 0.206489
vt 0.468330 0.697225
vt 0.365298 0.340697
s 1
usemtl Material.001
f 102/1/1 7/2/1 8/3/1
f 60/4/2 38/5/2 193/6/2
f 11/7/3 12/8/3 117/9/3
f 176/10/4 656/11/4 47/12/4
f 45/13/5 300/14/5 75/15/5
f 31/16/5 136/17/5 91/18/5
f 3/19/1 112/20/1 88/21/1
f 35/22/5 300/23/5 45/13/5
f 603/24/6 498/25/6 470/26/6
f 31/16/5 91/27/5 35/22/5
f 15/28/3 16/29/3 129/30/3
f 13/31/3 14/32/3 123/33/3
f 1/34/1 88/35/1 297/36/1
f 7/2/1 509/37/1 513/38/1
f 148/39/6 143/40/6 162/41/6
f 138/42/5 136/17/5 31/16/5
f 2/43/3 522/44/3 457/45/3
f 111/46/5 36/47/5 87/48/5
f 164/49/2 423/50/2 155/51/2
f 41/52/5 288/53/5 120/54/5
f 108/55/1 106/56/1 5/57/1
f 114/58/1 112/59/1 3/19/1
f 80/60/3 71/61/3 39/62/3
f 105/63/5 28/64/5 33/65/5
f 311/66/4 581/67/4 304/68/4
f 51/69/2 611/70/2 38/5/2
f 135/71/3 18/72/3 2/43/3
f 129/73/3 16/29/3 17/74/3
f 123/75/3 14/32/3 15/28/3
f 117/76/3 12/8/3 13/31/3
f 114/77/1 3/19/1 4/78/1
f 108/79/1 5/57/1 6/80/1
f 132/81/5 27/82/5 30/83/5
f 40/84/1 96/85/1 10/86/1
f 120/87/5 118/88/5 19/89/5
f 7/2/1 108/55/1 6/80/1
f 9/90/1 102/91/1 8/3/1
f 40/84/1 285/92/1 96/93/1
f 615/94/6 608/95/6 612/96/6
f 169/97/2 396/98/2 173/99/2
f 50/100/1 62/101/1 285/102/1
f 60/103/2 51/104/2 38/5/2
f 500/105/6 603/24/6 552/106/6
f 172/107/3 395/108/3 409/109/3
f 223/110/7 339/111/1 437/112/1
f 189/113/2 37/114/2 70/115/2
f 21/116/5 93/117/5 97/118/5
f 25/119/5 99/120/5 103/121/5
f 29/122/5 105/63/5 109/123/5
f 87/124/5 36/47/5 46/125/5
f 582/126/6 567/127/6 576/128/6
f 223/129/7 437/112/1 230/130/1
f 189/131/2 70/132/2 82/133/2
f 10/86/1 519/134/1 535/135/1
f 301/136/3 43/137/3 67/138/3
f 132/139/5 130/140/5 27/82/5
f 138/141/5 31/16/5 34/142/5
f 35/22/5 91/27/5 300/143/5
f 74/144/4 68/145/4 182/146/4
f 190/147/5 81/148/5 288/149/5
f 13/31/3 489/150/3 14/32/3
f 126/151/5 23/152/5 26/153/5
f 38/154/2 37/155/2 189/156/2
f 223/157/7 547/158/1 202/159/1
f 250/160/6 245/161/6 229/162/6
f 272/163/7 402/164/1 388/165/1
f 182/166/4 198/167/4 196/168/4
f 23/169/5 25/170/5 26/171/5
f 265/172/1 559/173/8 244/174/7
f 164/49/2 429/175/2 423/50/2
f 31/176/5 33/177/5 34/178/5
f 19/179/5 21/180/5 22/181/5
f 244/182/7 635/183/1 230/184/1
f 258/185/9 359/186/3 353/187/3
f 156/188/10 417/189/3 291/190/3
f 27/191/5 29/192/5 30/193/5
f 172/194/3 409/109/3 279/195/3
f 30/193/5 24/196/5 23/169/5
f 34/178/5 28/197/5 27/191/5
f 35/198/5 32/199/5 31/176/5
f 195/200/5 199/201/5 46/202/5
f 41/203/5 42/204/5 192/205/5
f 183/206/1 597/207/1 310/208/1
f 26/171/5 20/209/5 19/179/5
f 22/181/5 42/210/5 41/211/5
f 494/212/6 564/213/6 546/214/6
f 190/215/5 288/53/5 41/52/5
f 292/216/4 416/217/4 451/218/4
f 120/219/5 19/89/5 22/220/5
f 142/221/11 318/222/1 202/223/1
f 8/3/1 513/224/1 515/225/1
f 286/226/5 21/116/5 97/118/5
f 41/52/5 120/219/5 22/220/5
f 96/227/1 9/90/1 10/86/1
f 45/228/5 36/229/5 35/198/5
f 149/230/12 561/231/3 537/232/3
f 74/233/4 182/234/4 196/235/4
f 634/236/6 558/237/6 482/238/6
f 177/239/6 184/240/6 312/241/6
f 48/242/1 655/243/1 467/244/1
f 61/245/5 192/246/5 42/247/5
f 43/137/3 460/248/3 67/138/3
f 361/249/6 368/250/6 345/251/6
f 443/252/6 338/253/6 333/254/6
f 424/255/6 452/256/6 415/257/6
f 424/258/6 431/259/6 452/256/6
f 443/252/6 438/260/6 338/253/6
f 252/261/4 352/262/4 347/263/4
f 279/264/3 575/265/3 172/266/3
f 278/267/6 264/268/6 259/269/6
f 169/270/2 387/271/2 396/272/2
f 251/273/12 553/274/3 258/275/9
f 217/276/6 201/277/6 210/278/6
f 294/279/4 626/280/4 614/281/4
f 215/282/12 541/283/3 631/284/12
f 202/285/1 565/286/1 142/287/11
f 291/190/3 622/288/3 156/289/10
f 230/290/1 543/291/1 223/292/7
f 156/289/10 561/293/3 149/294/12
f 156/289/10 622/288/3 561/295/3
f 237/296/9 332/297/3 215/298/12
f 150/299/4 375/300/4 141/301/4
f 1/34/1 471/302/1 497/303/1
f 458/304/6 595/305/6 648/306/6
f 16/29/3 473/307/3 17/74/3
f 546/308/6 488/309/6 486/310/6
f 634/311/6 482/312/6 480/313/6
f 524/314/6 637/315/6 492/316/6
f 540/317/6 510/318/6 506/319/6
f 556/320/6 476/321/6 474/322/6
f 15/28/3 479/323/3 483/324/3
f 550/325/6 504/326/6 500/105/6
f 5/57/1 507/327/1 6/80/1
f 562/328/6 516/329/6 512/330/6
f 512/331/6 540/317/6 538/332/6
f 44/333/1 471/334/1 1/34/1
f 14/32/3 489/150/3 479/335/3
f 612/336/6 642/337/6 534/338/6
f 524/339/6 625/340/6 637/341/6
f 3/19/1 501/342/1 4/78/1
f 12/8/3 495/343/3 485/344/3
f 615/345/6 534/346/6 518/347/6
f 38/154/2 611/348/2 609/349/2
f 39/62/3 525/350/3 491/351/3
f 518/347/6 562/352/6 621/353/6
f 582/354/6 595/355/6 567/356/6
f 576/357/6 470/358/6 468/359/6
f 38/154/2 609/360/2 37/155/2
f 198/361/4 47/12/4 55/362/4
f 183/363/1 649/364/1 597/365/1
f 9/90/1 515/366/1 519/367/1
f 209/368/9 325/369/3 381/370/3
f 556/371/6 605/372/6 476/373/6
f 203/374/2 317/375/2 326/376/2
f 521/377/6 567/378/6 595/379/6
f 305/380/3 583/381/3 588/382/3
f 258/383/9 353/187/3 251/384/12
f 11/7/3 495/385/3 12/8/3
f 528/386/6 625/387/6 524/388/6
f 51/69/2 640/389/2 611/390/2
f 13/31/3 485/391/3 489/392/3
f 244/393/7 346/394/1 367/395/1
f 3/19/1 497/396/1 501/397/1
f 5/57/1 503/398/1 507/399/1
f 237/400/9 631/401/12 549/402/3
f 209/403/9 381/370/3 149/404/12
f 231/405/2 436/406/2 445/407/2
f 149/408/12 537/409/3 209/410/9
f 173/99/2 569/411/2 169/270/2
f 488/412/6 544/413/6 634/414/6
f 278/415/6 273/416/6 264/417/6
f 272/418/7 388/165/1 170/419/1
f 16/29/3 483/420/3 473/421/3
f 266/422/2 366/423/2 360/424/2
f 251/425/12 549/426/3 553/427/3
f 99/120/5 29/122/5 109/123/5
f 61/428/5 42/247/5 286/429/5
f 19/89/5 118/88/5 126/430/5
f 48/242/1 467/431/1 44/333/1
f 71/61/3 525/350/3 39/62/3
f 135/432/3 2/43/3 90/433/3
f 90/433/3 2/43/3 43/137/3
f 87/124/5 46/125/5 298/434/5
f 582/435/6 468/359/6 654/436/6
f 27/82/5 138/437/5 34/142/5
f 27/82/5 130/140/5 138/438/5
f 23/152/5 124/439/5 132/440/5
f 71/441/3 529/442/3 525/443/3
f 6/80/1 507/327/1 509/444/1
f 17/74/3 18/72/3 135/445/3
f 129/446/3 17/74/3 139/447/3
f 458/448/6 648/306/6 461/449/6
f 3/19/1 88/450/1 1/34/1
f 294/451/4 614/452/4 292/216/4
f 117/453/3 13/31/3 127/454/3
f 93/455/5 20/456/5 25/119/5
f 99/120/5 24/457/5 29/122/5
f 521/458/6 595/459/6 458/304/6
f 29/122/5 28/64/5 105/63/5
f 90/460/3 43/137/3 301/461/3
f 44/333/1 297/36/1 53/462/1
f 17/74/3 135/463/3 139/447/3
f 15/28/3 129/464/3 133/465/3
f 13/31/3 123/466/3 127/454/3
f 11/7/3 117/467/3 121/468/3
f 33/65/5 111/46/5 115/469/5
f 105/470/5 33/65/5 115/471/5
f 19/89/5 126/151/5 26/153/5
f 93/472/5 25/119/5 103/121/5
f 111/46/5 32/473/5 36/47/5
f 4/78/1 106/474/1 114/475/1
f 7/2/1 100/476/1 108/477/1
f 9/90/1 94/478/1 102/479/1
f 615/480/6 625/481/6 608/482/6
f 170/483/1 606/484/13 272/485/7
f 50/100/1 285/486/1 40/84/1
f 177/487/6 312/488/6 303/489/6
f 4/78/1 501/342/1 503/398/1
f 286/429/5 42/247/5 21/116/5
f 231/490/2 445/407/2 236/491/2
f 40/84/1 535/492/1 641/493/1
f 21/116/5 20/456/5 93/472/5
f 25/119/5 24/457/5 99/120/5
f 4/78/1 5/57/1 106/494/1
f 33/65/5 32/473/5 111/495/5
f 615/496/6 518/347/6 621/353/6
f 216/497/4 331/498/4 340/499/4
f 37/114/2 527/500/2 70/501/2
f 562/352/6 512/502/6 538/503/6
f 68/504/4 647/505/4 182/506/4
f 123/507/3 15/28/3 133/508/3
f 23/152/5 132/509/5 30/83/5
f 96/510/1 94/511/1 9/90/1
f 40/84/1 641/512/1 50/100/1
f 68/504/4 462/513/4 647/505/4
f 12/8/3 485/514/3 13/31/3
f 289/515/3 11/7/3 121/516/3
f 80/517/3 39/62/3 289/518/3
f 209/519/9 541/520/3 215/521/12
f 230/522/1 635/183/1 543/523/1
f 279/524/3 602/525/3 575/526/3
f 182/166/4 176/527/4 198/528/4
f 23/169/5 24/196/5 25/170/5
f 1/34/1 297/529/1 44/333/1
f 31/176/5 32/199/5 33/177/5
f 19/179/5 20/209/5 21/180/5
f 237/530/9 549/426/3 251/384/12
f 272/531/7 555/532/1 265/533/1
f 142/534/11 565/286/1 638/535/13
f 27/191/5 28/197/5 29/192/5
f 170/419/1 568/536/1 606/537/13
f 30/193/5 29/192/5 24/196/5
f 34/178/5 33/177/5 28/197/5
f 35/198/5 36/229/5 32/199/5
f 298/434/5 46/125/5 199/538/5
f 38/154/2 189/156/2 193/539/2
f 176/540/4 590/541/4 656/11/4
f 26/171/5 25/170/5 20/209/5
f 22/181/5 21/180/5 42/210/5
f 637/542/6 494/543/6 492/544/6
f 195/545/5 46/202/5 45/228/5
f 295/546/1 450/547/1 430/548/1
f 126/549/5 124/439/5 23/152/5
f 142/550/11 374/551/1 318/552/1
f 540/317/6 506/319/6 632/553/6
f 102/479/1 100/554/1 7/2/1
f 291/190/3 616/555/3 622/556/3
f 289/518/3 39/62/3 11/7/3
f 45/228/5 46/202/5 36/229/5
f 156/557/10 422/558/3 417/189/3
f 45/13/5 75/559/5 195/560/5
f 14/32/3 479/323/3 15/28/3
f 311/561/4 596/562/4 581/563/4
f 298/564/5 199/538/5 54/565/5
f 203/566/2 326/567/2 208/568/2
f 301/569/3 67/570/3 73/571/3
f 394/572/6 389/573/6 401/574/6
f 324/575/6 373/576/6 382/577/6
f 394/572/6 401/578/6 410/579/6
f 43/137/3 457/580/3 460/581/3
f 361/249/6 345/251/6 354/582/6
f 258/583/9 553/274/3 602/584/3
f 173/99/2 574/585/2 569/586/2
f 265/587/1 555/532/1 559/588/8
f 272/589/7 606/484/13 555/590/1
f 244/591/7 559/173/8 635/592/1
f 202/593/1 547/158/1 565/594/1
f 292/216/4 451/595/4 294/451/4
f 252/261/4 347/596/4 243/597/4
f 148/598/6 162/599/6 157/600/6
f 163/601/8 638/602/13 624/603/1
f 223/604/7 543/605/1 547/606/1
f 209/607/9 537/608/3 541/609/3
f 163/610/8 624/611/1 295/612/1
f 215/613/12 631/401/12 237/614/9
f 142/615/11 638/602/13 163/616/8
f 44/333/1 467/617/1 471/618/1
f 18/72/3 522/44/3 2/43/3
f 476/619/6 567/620/6 521/377/6
f 637/621/6 564/622/6 494/623/6
f 546/624/6 544/413/6 488/412/6
f 500/105/6 498/25/6 603/24/6
f 506/319/6 550/325/6 632/553/6
f 15/28/3 483/625/3 16/29/3
f 17/74/3 477/626/3 18/72/3
f 1/34/1 497/396/1 3/19/1
f 4/78/1 503/398/1 5/57/1
f 6/80/1 509/37/1 7/2/1
f 7/2/1 513/627/1 8/3/1
f 17/74/3 473/307/3 477/628/3
f 482/629/6 558/630/6 556/631/6
f 10/86/1 535/632/1 40/84/1
f 37/114/2 609/633/2 527/500/2
f 506/319/6 504/326/6 550/325/6
f 11/7/3 491/634/3 495/635/3
f 8/3/1 515/366/1 9/90/1
f 528/386/6 608/636/6 625/637/6
f 9/90/1 519/638/1 10/86/1
f 582/639/6 654/436/6 589/640/6
f 2/43/3 457/580/3 43/137/3
f 576/641/6 468/642/6 582/643/6
f 198/644/4 176/645/4 47/12/4
f 41/203/5 192/646/5 190/647/5
f 512/330/6 510/318/6 540/317/6
f 216/648/4 340/649/4 222/650/4
f 482/651/6 556/652/6 474/653/6
f 250/654/6 229/655/6 238/656/6
f 518/657/6 516/329/6 562/352/6
f 324/575/6 319/658/6 373/659/6
f 266/660/2 360/661/2 257/662/2
f 39/62/3 491/663/3 11/7/3
f 476/664/6 605/372/6 567/665/6
f 612/666/6 534/338/6 615/667/6
f 488/668/6 634/669/6 480/670/6
f 280/671/4 403/672/4 271/673/4
f 603/674/6 470/675/6 576/676/6
f 550/325/6 500/677/6 552/678/6
f 237/679/9 444/680/3 332/681/3
f 150/299/4 380/682/4 375/300/4
f 244/683/7 367/684/1 265/685/1
f 217/686/6 224/687/6 201/688/6
f 295/546/1 430/689/1 163/690/8
f 494/691/6 546/692/6 486/693/6
f 258/694/9 602/525/3 279/695/3
f 305/696/3 588/697/3 175/698/3
f 18/72/3 477/699/3 522/700/3
f 280/701/4 408/702/4 403/703/4
f 53/462/14 57/704/15 59/705/16
f 58/706/17 56/707/18 54/565/19
f 55/362/20 57/704/15 58/708/17
f 60/4/21 64/709/22 66/710/23
f 61/428/24 64/709/22 63/711/25
f 62/101/26 64/709/22 65/712/27
f 73/571/28 77/713/29 79/714/30
f 78/715/31 76/716/32 74/233/33
f 75/15/34 77/713/29 78/717/31
f 80/517/35 84/718/36 86/719/37
f 81/148/38 84/718/36 83/720/39
f 82/133/40 84/718/36 85/721/41
f 141/301/42 145/722/43 147/723/44
f 146/724/45 144/724/46 142/615/47
f 143/40/48 145/725/43 146/722/45
f 148/598/49 152/726/50 154/727/51
f 153/728/52 151/729/53 149/404/54
f 150/299/55 152/730/50 153/731/52
f 155/51/56 159/732/57 161/733/58
f 160/734/59 158/734/60 156/289/61
f 157/600/62 159/735/57 160/732/59
f 162/41/63 166/736/64 168/737/65
f 167/738/66 165/739/67 163/690/68
f 164/49/69 166/740/64 167/741/66
f 178/742/70 181/743/71 175/698/72
f 180/744/73 178/745/70 176/527/74
f 181/746/71 180/744/73 177/487/75
f 185/747/76 188/748/77 182/506/78
f 187/749/79 185/750/76 183/206/80
f 188/751/77 187/752/79 184/240/81
f 201/688/82 205/753/83 207/754/84
f 206/755/85 204/756/86 202/223/87
f 203/566/88 205/757/83 206/758/85
f 208/568/89 212/759/57 214/760/58
f 213/761/90 211/761/91 209/519/61
f 210/278/62 212/762/57 213/759/90
f 218/763/92 221/764/93 215/298/94
f 216/648/55 219/765/95 218/766/92
f 217/276/49 219/767/95 220/768/96
f 222/650/97 226/769/98 228/770/99
f 227/771/100 225/771/101 223/157/102
f 224/687/103 226/772/98 227/769/100
f 229/162/82 233/773/104 235/774/84
f 234/775/105 232/776/106 230/130/107
f 231/490/88 233/777/104 234/778/105
f 236/491/108 240/779/109 242/780/110
f 241/781/90 239/781/111 237/530/61
f 238/656/62 240/782/109 241/779/90
f 243/597/97 247/783/112 249/784/113
f 248/785/114 246/785/115 244/182/102
f 245/161/103 247/786/112 248/783/114
f 250/654/49 254/787/95 256/788/116
f 255/789/117 253/790/53 251/384/118
f 252/261/119 254/791/95 255/792/117
f 257/662/108 261/793/120 263/794/121
f 262/795/122 260/795/60 258/694/61
f 259/269/123 261/796/120 262/793/122
f 264/417/82 268/797/83 270/798/84
f 269/799/124 267/800/86 265/685/125
f 266/660/88 268/801/83 269/802/124
f 271/673/97 275/803/112 277/804/99
f 276/805/114 274/805/126 272/531/102
f 273/416/103 275/806/112 276/803/114
f 278/267/127 282/807/128 284/808/129
f 283/809/130 281/810/131 279/195/132
f 280/671/133 282/811/128 283/812/130
f 303/489/134 307/813/135 309/814/136
f 304/68/137 307/815/135 306/816/138
f 309/817/136 308/818/139 305/696/140
f 313/819/141 316/820/142 310/208/143
f 311/66/144 314/821/145 313/822/141
f 312/241/146 314/823/145 315/824/147
f 317/375/148 321/825/149 323/826/150
f 322/827/151 320/828/152 318/552/153
f 319/658/154 321/829/149 322/830/151
f 324/575/155 328/831/156 330/832/157
f 329/833/158 327/834/159 325/369/160
f 326/376/161 328/835/156 329/836/158
f 331/498/162 335/837/163 337/838/164
f 336/839/165 334/840/166 332/681/167
f 333/254/168 335/841/163 336/842/165
f 338/253/169 342/843/170 344/844/171
f 343/845/172 341/846/173 339/111/174
f 340/499/175 342/847/170 343/848/172
f 345/251/169 349/849/176 351/850/177
f 350/851/172 348/852/173 346/394/174
f 347/263/178 349/853/176 350/854/172
f 352/262/179 356/855/180 358/856/164
f 357/857/181 355/858/166 353/187/182
f 354/582/183 356/859/180 357/860/181
f 362/861/158 365/862/184 359/186/160
f 360/424/185 363/863/186 362/864/158
f 361/249/187 363/865/186 364/866/188
f 366/423/189 370/867/149 372/868/150
f 371/869/190 369/870/191 367/395/153
f 368/250/192 370/871/149 371/872/190
f 373/659/169 377/873/176 379/874/171
f 378/875/193 376/876/173 374/551/194
f 375/300/175 377/877/176 378/878/193
f 380/682/195 384/879/196 386/880/164
f 385/881/181 383/882/166 381/370/182
f 382/577/168 384/883/196 385/884/181
f 387/271/197 391/885/198 393/886/199
f 392/887/200 390/888/201 388/165/202
f 389/573/203 391/889/198 392/890/200
f 394/572/204 398/891/205 400/892/206
f 399/893/207 397/894/208 395/108/160
f 396/272/209 398/895/205 399/896/207
f 401/574/210 405/897/211 407/898/212
f 406/899/213 404/900/214 402/164/215
f 403/703/216 405/901/211 406/902/213
f 408/702/217 412/903/218 414/904/219
f 413/905/220 411/906/221 409/109/222
f 410/579/223 412/907/218 413/908/220
f 415/257/224 419/909/225 421/910/226
f 416/217/227 419/911/225 418/912/228
f 421/913/226 420/914/229 417/189/230
f 425/915/231 428/916/232 422/558/233
f 423/50/185 426/917/234 425/918/231
f 424/255/235 426/919/234 427/920/236
f 429/175/148 433/921/237 435/922/238
f 434/923/239 432/924/240 430/548/241
f 431/259/242 433/925/237 434/926/239
f 436/406/148 440/927/243 442/928/150
f 441/929/151 439/930/244 437/112/153
f 438/260/245 440/931/243 441/932/151
f 443/252/155 447/933/186 449/934/157
f 448/935/158 446/936/159 444/680/246
f 445/407/185 447/937/186 448/938/158
f 453/939/247 456/940/248 450/547/249
f 451/218/250 454/941/251 453/942/247
f 452/256/252 454/943/251 455/944/253
f 463/945/254 466/946/255 460/581/256
f 461/449/257 464/947/258 463/945/254
f 462/513/259 464/947/258 465/948/260
f 527/500/261 531/949/262 533/950/263
f 528/386/264 531/949/262 530/951/265
f 533/952/263 532/953/266 529/442/267
f 570/954/268 573/954/269 567/665/270
f 568/536/271 571/955/272 570/954/268
f 569/586/273 571/956/272 572/957/274
f 574/585/275 578/958/276 580/959/277
f 575/526/278 578/960/276 577/961/279
f 580/959/277 579/959/280 576/128/281
f 581/563/282 585/962/283 587/963/284
f 586/964/285 584/965/286 582/639/287
f 583/381/288 585/966/283 586/965/285
f 591/967/254 594/968/289 588/382/290
f 589/640/257 592/969/258 591/967/254
f 590/541/291 592/970/258 593/971/292
f 598/972/293 601/973/294 595/355/295
f 596/562/296 599/974/297 598/975/293
f 597/365/298 599/976/297 600/977/299
f 614/281/300 618/978/301 620/979/302
f 619/980/303 617/980/304 615/496/305
f 616/555/306 618/981/301 619/980/303
f 624/603/307 628/982/308 630/983/309
f 629/984/310 627/984/311 625/481/312
f 626/280/313 628/985/308 629/984/310
f 643/986/314 646/987/315 640/389/316
f 641/493/317 644/988/318 643/989/314
f 642/337/319 644/988/318 645/990/320
f 650/991/321 653/992/322 647/505/323
f 648/306/324 651/993/325 650/994/321
f 649/364/326 651/995/325 652/996/327
f 654/436/328 658/997/325 660/998/329
f 655/243/330 658/997/325 657/999/331
f 660/1000/329 659/1001/332 656/11/333
f 47/12/334 59/1002/16 55/362/20
f 49/1003/335 53/1004/14 59/1002/16
f 60/103/21 52/1005/336 51/104/337
f 52/1005/336 62/101/26 50/100/338
f 54/565/19 299/1006/339 298/564/340
f 56/1007/18 297/36/341 299/1006/339
f 301/569/342 79/714/30 302/1008/343
f 302/1008/343 75/15/34 300/14/344
f 74/144/33 69/1009/345 68/145/4
f 76/1010/32 67/570/3 69/1009/345
f 82/133/40 72/1011/346 86/1012/37
f 86/1012/37 71/61/347 80/60/35
f 138/42/5 137/1013/348 136/17/5
f 140/1014/348 135/463/3 137/1013/348
f 132/139/5 131/1015/348 130/140/5
f 134/1016/348 129/464/3 131/1015/348
f 126/549/5 125/1017/348 124/439/5
f 128/1018/348 123/466/3 125/1017/348
f 120/87/5 119/1019/348 118/88/5
f 122/1020/348 117/467/3 119/1019/348
f 114/58/1 113/1021/349 112/59/1
f 116/1022/349 111/46/5 113/1021/349
f 108/55/1 107/1023/349 106/56/1
f 110/1024/349 105/63/5 107/1023/349
f 102/479/1 101/1025/349 100/554/1
f 104/1026/349 99/120/5 101/1025/349
f 96/510/1 95/1027/349 94/511/1
f 98/1028/349 93/117/5 95/1027/349
f 115/471/5 107/1023/349 105/470/5
f 116/1022/349 106/474/1 107/1023/349
f 87/48/350 113/1021/349 111/46/5
f 89/1029/351 112/20/1 113/1021/349
f 109/123/5 101/1025/349 99/120/5
f 110/1024/349 100/476/1 101/1025/349
f 103/121/5 95/1027/349 93/472/5
f 104/1026/349 94/478/1 95/1027/349
f 97/118/5 287/1030/349 286/226/5
f 98/1028/349 285/92/7 287/1030/349
f 121/516/3 290/1031/348 289/515/3
f 122/1020/348 288/53/5 290/1031/348
f 127/454/3 119/1019/348 117/453/3
f 128/1018/348 118/88/5 119/1019/348
f 133/508/3 125/1017/348 123/507/3
f 134/1016/348 124/439/5 125/1017/348
f 139/447/3 131/1015/348 129/446/3
f 140/1014/348 130/140/5 131/1015/348
f 90/433/3 137/1013/348 135/432/3
f 92/1032/348 136/17/5 137/1013/348
f 203/566/88 214/760/58 207/754/84
f 207/754/84 210/278/62 201/277/82
f 215/521/94 213/761/90 209/519/61
f 221/1033/93 210/278/62 213/759/90
f 216/648/55 228/770/99 220/768/96
f 220/768/96 224/687/103 217/686/49
f 202/159/87 227/771/100 223/157/102
f 204/1034/86 224/687/103 227/769/100
f 245/161/103 256/1035/116 249/1036/113
f 249/1036/113 252/261/119 243/597/97
f 259/269/123 270/1037/84 263/1038/121
f 263/1038/121 266/660/88 257/662/108
f 143/40/48 154/1039/51 147/1040/44
f 147/1040/44 150/299/55 141/301/42
f 175/698/72 309/817/136 305/696/140
f 181/746/71 303/489/134 309/814/136
f 176/527/74 188/751/77 180/744/73
f 180/744/73 184/240/81 177/239/75
f 273/416/103 284/1041/129 277/804/99
f 277/804/99 280/671/133 271/673/97
f 157/600/62 168/1042/65 161/733/58
f 161/733/58 164/49/69 155/51/56
f 231/490/88 242/780/110 235/1043/84
f 235/1043/84 238/656/62 229/655/82
f 251/384/118 241/781/90 237/530/61
f 253/1044/53 238/656/62 241/779/90
f 230/184/107 248/785/114 244/182/102
f 232/1045/106 245/161/103 248/783/114
f 279/695/132 262/795/122 258/694/61
f 281/1046/131 259/269/123 262/793/122
f 265/533/125 276/805/114 272/531/102
f 267/1047/86 273/416/103 276/803/114
f 149/294/54 160/734/59 156/289/61
f 151/1048/53 157/600/62 160/732/59
f 163/616/68 146/724/45 142/615/47
f 165/1049/67 143/40/48 146/722/45
f 198/167/352 197/1050/353 196/168/354
f 197/1051/353 199/201/355 195/200/356
f 192/646/357 191/1052/358 190/647/359
f 194/1053/360 189/156/2 191/1052/358
f 70/501/361 533/952/263 72/1011/346
f 72/1011/346 529/442/267 71/441/347
f 60/4/21 194/1054/360 63/1055/25
f 63/711/25 192/246/357 61/245/24
f 82/133/40 191/1056/358 189/131/2
f 85/1057/41 190/147/359 191/1056/358
f 183/363/80 653/1058/322 649/364/326
f 185/747/76 647/505/323 653/992/322
f 460/248/256 69/1009/345 67/138/3
f 466/1059/255 68/504/4 69/1009/345
f 74/233/33 197/1060/353 78/715/31
f 78/1061/31 195/560/356 75/559/34
f 55/362/20 200/1062/362 198/361/352
f 58/706/17 199/538/355 200/1063/362
f 291/190/363 620/1064/302 616/555/306
f 620/1065/302 292/216/364 614/452/300
f 295/612/365 630/1066/309 296/1067/366
f 296/1068/366 626/280/313 294/279/367
f 61/428/24 287/1030/349 65/712/27
f 65/712/27 285/102/7 62/101/26
f 289/518/3 83/720/39 80/517/35
f 290/1031/348 81/148/38 83/720/39
f 298/434/340 89/1029/351 87/124/350
f 299/1006/339 88/35/368 89/1029/351
f 301/461/342 92/1032/348 90/460/3
f 302/1008/343 91/27/5 92/1032/348
f 310/208/143 187/749/79 183/206/80
f 316/1069/142 184/240/81 187/752/79
f 312/488/146 306/1070/138 303/489/134
f 315/1071/147 304/68/137 306/816/138
f 590/541/291 178/1072/70 594/1073/289
f 594/1074/289 175/698/72 588/697/290
f 304/68/137 587/1075/284 308/1076/139
f 587/1077/284 305/380/140 308/1078/139
f 324/575/155 323/1079/150 319/658/154
f 330/1080/157 317/375/148 323/826/150
f 338/253/169 337/1081/164 333/254/168
f 344/1082/171 331/498/162 337/838/164
f 352/262/179 351/1083/177 347/263/178
f 358/1084/164 345/251/169 351/850/177
f 359/186/160 357/857/181 353/187/182
f 365/1085/184 354/582/183 357/860/181
f 366/423/189 364/1086/188 360/424/185
f 372/1087/150 361/249/187 364/1088/188
f 346/394/174 371/869/190 367/395/153
f 348/1089/173 368/250/192 371/872/190
f 380/682/195 379/1090/171 375/300/175
f 386/1091/164 373/576/169 379/1092/171
f 325/369/160 385/881/181 381/370/182
f 327/1093/159 382/577/168 385/884/181
f 374/551/194 322/827/151 318/552/153
f 376/1094/173 319/658/154 322/830/151
f 389/573/203 400/892/206 393/1095/199
f 393/886/199 396/272/209 387/271/197
f 408/702/217 407/1096/212 403/703/216
f 414/1097/219 401/578/210 407/1098/212
f 395/108/160 413/905/220 409/109/222
f 397/1099/208 410/579/223 413/908/220
f 402/164/215 392/887/200 388/165/202
f 404/1100/214 389/573/203 392/890/200
f 422/558/233 421/913/226 417/189/230
f 428/1101/232 415/257/224 421/910/226
f 429/175/148 427/1102/236 423/50/185
f 435/1103/238 424/258/235 427/1104/236
f 443/252/155 442/1105/150 438/260/245
f 449/1106/157 436/406/148 442/928/150
f 444/680/246 336/839/165 332/681/167
f 446/1107/159 333/254/168 336/842/165
f 339/111/174 441/929/151 437/112/153
f 341/1108/173 438/260/245 441/932/151
f 450/547/249 434/923/239 430/548/241
f 456/1109/248 431/259/242 434/926/239
f 415/257/224 455/944/253 418/1110/228
f 418/912/228 451/218/250 416/217/227
f 388/165/202 171/1111/369 170/419/370
f 390/1112/201 169/270/371 171/1113/369
f 395/108/160 174/1114/372 399/893/207
f 399/896/207 173/99/373 396/98/209
f 294/451/367 453/1115/247 296/1068/366
f 296/1067/366 450/547/249 295/546/365
f 164/49/69 432/1116/240 429/175/148
f 167/738/66 430/689/241 432/1117/240
f 353/187/182 255/789/117 251/384/118
f 355/1118/166 252/261/119 255/792/117
f 346/394/174 246/785/115 350/851/172
f 350/1119/172 243/597/97 347/596/178
f 409/109/222 283/809/130 279/195/132
f 411/1120/221 280/701/133 283/812/130
f 402/164/215 274/805/126 406/899/213
f 406/902/213 271/673/97 403/672/216
f 437/112/153 234/775/105 230/130/107
f 439/1121/244 231/405/88 234/778/105
f 444/680/246 239/781/111 448/935/158
f 448/1122/158 236/491/108 445/407/185
f 257/662/108 362/864/158 260/793/60
f 260/795/60 359/186/160 258/185/61
f 367/684/153 269/799/124 265/685/125
f 369/1123/191 266/422/88 269/802/124
f 318/222/153 206/755/85 202/223/87
f 320/1124/152 203/374/88 206/758/85
f 325/369/160 211/761/91 329/833/158
f 329/1125/158 208/568/89 326/567/161
f 417/189/230 293/1126/374 291/190/363
f 420/1127/229 292/216/364 293/1128/374
f 216/497/55 334/1129/166 331/498/162
f 218/763/92 332/297/167 334/1130/166
f 381/370/182 153/728/52 149/404/54
f 383/1131/166 150/299/55 153/731/52
f 374/551/194 144/724/46 378/875/193
f 378/878/193 141/301/42 375/300/175
f 155/51/56 425/1132/231 158/732/60
f 158/734/60 422/558/233 156/557/61
f 222/650/97 343/848/172 225/769/101
f 225/771/101 339/111/174 223/110/102
f 461/449/257 459/1133/375 458/448/6
f 463/945/254 457/580/3 459/1133/375
f 470/358/6 469/1134/376 468/359/377
f 472/1135/378 467/617/379 469/1134/376
f 476/321/380 475/1136/375 474/322/380
f 478/1137/375 473/307/3 475/1136/375
f 482/312/6 481/1138/375 480/313/380
f 484/1139/375 479/323/3 481/1138/375
f 488/309/6 487/1140/375 486/310/6
f 490/1141/375 485/391/3 487/1140/375
f 494/543/6 493/1142/375 492/544/6
f 496/1143/375 491/634/3 493/1142/375
f 500/105/6 499/1144/378 498/25/381
f 502/1145/378 497/396/1 499/1144/378
f 506/319/6 505/1146/378 504/326/381
f 508/1147/378 503/398/1 505/1146/378
f 512/330/6 511/1148/378 510/318/6
f 514/1149/378 509/37/1 511/1148/378
f 518/657/6 517/1150/378 516/329/6
f 520/1151/378 515/366/1 517/1150/378
f 477/699/3 523/1152/375 522/700/3
f 478/1137/375 521/377/6 523/1152/375
f 471/302/1 499/1144/378 497/303/1
f 472/1135/378 498/25/381 499/1144/378
f 504/326/381 502/1145/378 500/105/6
f 505/1146/378 501/342/1 502/1145/378
f 483/420/3 475/1136/375 473/421/3
f 484/1139/375 474/653/380 475/1136/375
f 489/150/3 481/1138/375 479/335/3
f 490/1141/375 480/670/380 481/1138/375
f 507/327/1 511/1148/378 509/444/1
f 508/1147/378 510/318/6 511/1148/378
f 495/343/3 487/1140/375 485/344/3
f 496/1143/375 486/693/6 487/1140/375
f 513/224/1 517/1150/378 515/225/1
f 514/1149/378 516/329/6 517/1150/378
f 525/443/9 532/953/266 526/1153/375
f 526/1153/375 528/386/264 524/388/381
f 519/134/1 536/1154/382 535/135/383
f 520/1151/378 534/346/384 536/1154/382
f 540/317/6 539/1155/375 538/332/6
f 542/1156/375 537/608/3 539/1155/375
f 546/624/6 545/1157/378 544/413/6
f 548/1158/378 543/605/1 545/1157/378
f 552/678/6 551/1159/375 550/325/380
f 554/1160/375 549/426/3 551/1159/375
f 558/630/6 557/1161/378 556/631/381
f 560/1162/378 555/532/1 557/1161/378
f 538/503/6 563/1163/375 562/352/6
f 539/1155/375 561/231/3 563/1163/375
f 564/213/381 548/1158/378 546/214/6
f 566/1164/378 547/158/11 548/1158/378
f 569/586/273 580/959/277 573/956/269
f 580/959/277 567/127/270 573/956/269
f 589/640/257 586/964/285 582/639/287
f 591/967/254 583/381/288 586/964/285
f 603/674/380 579/960/280 604/1165/375
f 604/1165/375 575/526/278 602/525/3
f 605/372/6 570/954/268 567/665/270
f 607/1166/378 568/536/271 570/954/268
f 611/348/2 610/1167/385 609/349/386
f 613/1168/387 608/95/388 610/1167/385
f 621/353/380 619/980/303 615/496/305
f 623/1169/375 616/555/306 619/980/303
f 550/325/380 633/1170/375 632/553/6
f 551/1159/375 631/401/3 633/1170/375
f 634/236/381 560/1162/378 558/237/6
f 636/1171/378 559/173/1 560/1162/378
f 603/24/380 554/1160/375 552/106/6
f 604/1165/375 553/274/3 554/1160/375
f 556/371/381 607/1166/378 605/372/6
f 557/1161/378 606/484/1 607/1166/378
f 562/352/6 623/1169/375 621/353/380
f 563/1163/375 622/288/3 623/1169/375
f 637/621/6 566/1164/378 564/622/381
f 639/1172/378 565/286/1 566/1164/378
f 632/553/6 542/1156/375 540/317/6
f 633/1170/375 541/283/3 542/1156/375
f 544/413/6 636/1171/378 634/414/381
f 545/1157/378 635/183/1 636/1171/378
f 527/500/261 610/1173/385 530/1174/265
f 530/1174/265 608/636/388 528/386/264
f 640/389/316 613/1175/387 611/390/2
f 646/1176/315 612/336/389 613/1177/387
f 647/505/323 465/948/260 650/991/321
f 650/1178/321 461/449/257 648/306/324
f 656/11/333 593/971/292 660/1000/329
f 660/1179/329 589/640/257 654/436/328
f 525/350/9 493/1142/375 491/351/3
f 526/1153/375 492/316/6 493/1142/375
f 641/493/317 536/1154/382 645/1180/320
f 645/1180/320 534/338/384 642/337/319
f 637/341/6 627/982/311 639/1172/378
f 639/1172/378 624/603/307 638/602/1
f 626/280/313 617/978/304 614/281/300
f 629/984/310 615/480/305 617/978/304
f 458/304/6 523/1152/375 521/458/6
f 459/1133/375 522/44/3 523/1152/375
f 654/436/328 469/1134/376 657/999/331
f 657/999/331 467/244/379 655/243/330
f 648/306/324 601/976/294 652/996/327
f 652/996/327 597/365/298 649/364/326
f 581/563/282 598/972/293 584/962/286
f 584/962/286 595/355/295 582/354/287
f 574/585/275 174/1181/372 577/1182/279
f 577/1183/279 172/266/390 575/265/278
f 655/243/330 49/1003/335 659/1184/332
f 659/1184/332 47/12/334 656/11/333
f 50/100/338 643/986/314 52/1005/336
f 52/1005/336 640/389/316 51/69/337
f 569/411/273 171/1113/369 169/270/371
f 572/1185/274 170/419/370 171/1111/369
f 596/562/296 313/1186/141 600/1187/299
f 313/819/141 597/207/298 600/1188/299
f 44/333/1 53/1004/1 48/242/1
f 53/462/14 56/1007/18 57/704/15
f 58/706/17 57/704/15 56/707/18
f 55/362/20 59/1002/16 57/704/15
f 60/4/21 63/1055/25 64/709/22
f 61/428/24 65/1189/27 64/709/22
f 62/101/26 66/1190/23 64/709/22
f 73/571/28 76/1010/32 77/713/29
f 78/715/31 77/713/29 76/716/32
f 75/15/34 79/714/30 77/713/29
f 80/517/35 83/720/39 84/718/36
f 81/148/38 85/1057/41 84/718/36
f 82/133/40 86/1012/37 84/718/36
f 141/301/42 144/722/46 145/722/43
f 146/724/45 145/724/43 144/724/46
f 143/40/48 147/1040/44 145/725/43
f 148/598/49 151/1048/53 152/726/50
f 153/728/52 152/728/50 151/729/53
f 150/299/55 154/1039/51 152/730/50
f 155/51/56 158/732/60 159/732/57
f 160/734/59 159/734/57 158/734/60
f 157/600/62 161/733/58 159/735/57
f 162/41/63 165/1049/67 166/736/64
f 167/738/66 166/738/64 165/739/67
f 164/49/69 168/1042/65 166/740/64
f 178/742/70 179/742/391 181/743/71
f 180/744/73 179/1191/391 178/745/70
f 181/746/71 179/1192/391 180/744/73
f 185/747/76 186/1193/392 188/748/77
f 187/749/79 186/1194/392 185/750/76
f 188/751/77 186/1195/392 187/752/79
f 201/688/82 204/1034/86 205/753/83
f 206/755/85 205/755/83 204/756/86
f 203/566/88 207/754/84 205/757/83
f 208/568/89 211/759/91 212/759/57
f 213/761/90 212/761/57 211/761/91
f 210/278/62 214/760/58 212/762/57
f 218/763/92 219/763/95 221/764/93
f 216/648/55 220/768/96 219/765/95
f 217/276/49 221/1033/93 219/767/95
f 222/650/97 225/769/101 226/769/98
f 227/771/100 226/771/98 225/771/101
f 224/687/103 228/770/99 226/772/98
f 229/162/82 232/1045/106 233/773/104
f 234/775/105 233/775/104 232/776/106
f 231/490/88 235/1043/84 233/777/104
f 236/491/108 239/779/111 240/779/109
f 241/781/90 240/781/109 239/781/111
f 238/656/62 242/780/110 240/782/109
f 243/597/97 246/783/115 247/783/112
f 248/785/114 247/785/112 246/785/115
f 245/161/103 249/1036/113 247/786/112
f 250/654/49 253/1044/53 254/787/95
f 255/789/117 254/789/95 253/790/53
f 252/261/119 256/1196/116 254/791/95
f 257/662/108 260/793/60 261/793/120
f 262/795/122 261/795/120 260/795/60
f 259/269/123 263/1038/121 261/796/120
f 264/417/82 267/1047/86 268/797/83
f 269/799/124 268/799/83 267/800/86
f 266/660/88 270/1037/84 268/801/83
f 271/673/97 274/803/126 275/803/112
f 276/805/114 275/1197/112 274/805/126
f 273/416/103 277/804/99 275/806/112
f 278/267/127 281/1046/131 282/807/128
f 283/809/130 282/809/128 281/810/131
f 280/671/133 284/1041/129 282/811/128
f 303/489/134 306/1070/138 307/813/135
f 304/68/137 308/1076/139 307/815/135
f 309/817/136 307/1198/135 308/818/139
f 313/819/141 314/1199/145 316/820/142
f 311/66/144 315/1071/147 314/821/145
f 312/241/146 316/1069/142 314/823/145
f 317/375/148 320/1124/152 321/825/149
f 322/827/151 321/1200/149 320/828/152
f 319/658/154 323/1079/150 321/829/149
f 324/575/155 327/1093/159 328/831/156
f 329/833/158 328/1201/156 327/834/159
f 326/376/161 330/1080/157 328/835/156
f 331/498/162 334/1129/166 335/837/163
f 336/839/165 335/1202/163 334/840/166
f 333/254/168 337/1081/164 335/841/163
f 338/253/169 341/1108/173 342/843/170
f 343/845/172 342/1203/170 341/846/173
f 340/499/175 344/1082/171 342/847/170
f 345/251/169 348/1089/173 349/849/176
f 350/851/172 349/1204/176 348/852/173
f 347/263/178 351/1083/177 349/853/176
f 352/262/179 355/1118/166 356/855/180
f 357/857/181 356/1205/180 355/858/166
f 354/582/183 358/1084/164 356/859/180
f 362/861/158 363/1206/186 365/862/184
f 360/424/185 364/1086/188 363/863/186
f 361/249/187 365/1085/184 363/865/186
f 366/423/189 369/1123/191 370/867/149
f 371/869/190 370/1207/149 369/870/191
f 368/250/192 372/1087/150 370/871/149
f 373/659/169 376/1094/173 377/873/176
f 378/875/193 377/1208/176 376/876/173
f 375/300/175 379/1090/171 377/877/176
f 380/682/195 383/1131/166 384/879/196
f 385/881/181 384/1209/196 383/882/166
f 382/577/168 386/1091/164 384/883/196
f 387/271/197 390/1112/201 391/885/198
f 392/887/200 391/1210/198 390/888/201
f 389/573/203 393/1095/199 391/889/198
f 394/572/204 397/1099/208 398/891/205
f 399/893/207 398/1211/205 397/894/208
f 396/272/209 400/1212/206 398/895/205
f 401/574/210 404/1100/214 405/897/211
f 406/899/213 405/1213/211 404/900/214
f 403/703/216 407/1096/212 405/901/211
f 408/702/217 411/1120/221 412/903/218
f 413/905/220 412/1214/218 411/906/221
f 410/579/223 414/1097/219 412/907/218
f 415/257/224 418/1110/228 419/909/225
f 416/217/227 420/1127/229 419/911/225
f 421/913/226 419/1215/225 420/914/229
f 425/915/231 426/1216/234 428/916/232
f 423/50/185 427/1102/236 426/917/234
f 424/255/235 428/1101/232 426/919/234
f 429/175/148 432/1116/240 433/921/237
f 434/923/239 433/1217/237 432/924/240
f 431/259/242 435/1103/238 433/925/237
f 436/406/148 439/1121/244 440/927/243
f 441/929/151 440/1218/243 439/930/244
f 438/260/245 442/1105/150 440/931/243
f 443/252/155 446/1107/159 447/933/186
f 448/935/158 447/1219/186 446/936/159
f 445/407/185 449/1106/157 447/937/186
f 453/939/247 454/1220/251 456/940/248
f 451/218/250 455/1221/253 454/941/251
f 452/256/252 456/1109/248 454/943/251
f 463/945/254 464/947/258 466/946/255
f 461/449/257 465/1222/260 464/947/258
f 462/513/259 466/1059/255 464/947/258
f 527/500/261 530/1174/265 531/949/262
f 528/386/264 532/953/266 531/949/262
f 533/952/263 531/949/262 532/953/266
f 570/954/268 571/954/272 573/954/269
f 568/536/271 572/1185/274 571/955/272
f 569/586/273 573/956/269 571/956/272
f 574/585/275 577/1182/279 578/958/276
f 575/526/278 579/960/280 578/960/276
f 580/959/277 578/959/276 579/959/280
f 581/563/282 584/962/286 585/962/283
f 586/964/285 585/965/283 584/965/286
f 583/381/288 587/1077/284 585/966/283
f 591/967/254 592/1223/258 594/968/289
f 589/640/257 593/1224/292 592/969/258
f 590/541/291 594/1073/289 592/970/258
f 598/972/293 599/1225/297 601/973/294
f 596/562/296 600/1187/299 599/974/297
f 597/365/298 601/976/294 599/976/297
f 614/281/300 617/978/304 618/978/301
f 619/980/303 618/980/301 617/980/304
f 616/555/306 620/1064/302 618/981/301
f 624/603/307 627/982/311 628/982/308
f 629/984/310 628/984/308 627/984/311
f 626/280/313 630/1226/309 628/985/308
f 643/986/314 644/988/318 646/987/315
f 641/493/317 645/1180/320 644/988/318
f 642/337/319 646/1176/315 644/988/318
f 650/991/321 651/1227/325 653/992/322
f 648/306/324 652/1228/327 651/993/325
f 649/364/326 653/1058/322 651/995/325
f 654/436/328 657/999/331 658/997/325
f 655/243/330 659/1184/332 658/997/325
f 660/1000/329 658/997/325 659/1001/332
f 47/12/334 49/1003/335 59/1002/16
f 49/1003/335 48/242/393 53/1004/14
f 60/103/21 66/710/23 52/1005/336
f 52/1005/336 66/710/23 62/101/26
f 54/565/19 56/1007/18 299/1006/339
f 56/1007/18 53/462/14 297/36/341
f 301/569/342 73/571/28 79/714/30
f 302/1008/343 79/714/30 75/15/34
f 74/144/33 76/1010/32 69/1009/345
f 76/1010/32 73/571/28 67/570/3
f 82/133/40 70/132/361 72/1011/346
f 86/1012/37 72/1011/346 71/61/347
f 138/42/5 140/1014/348 137/1013/348
f 140/1014/348 139/447/3 135/463/3
f 132/139/5 134/1016/348 131/1015/348
f 134/1016/348 133/465/3 129/464/3
f 126/549/5 128/1018/348 125/1017/348
f 128/1018/348 127/454/3 123/466/3
f 120/87/5 122/1020/348 119/1019/348
f 122/1020/348 121/468/3 117/467/3
f 114/58/1 116/1022/349 113/1021/349
f 116/1022/349 115/469/5 111/46/5
f 108/55/1 110/1024/349 107/1023/349
f 110/1024/349 109/123/5 105/63/5
f 102/479/1 104/1026/349 101/1025/349
f 104/1026/349 103/121/5 99/120/5
f 96/510/1 98/1028/349 95/1027/349
f 98/1028/349 97/118/5 93/117/5
f 115/471/5 116/1022/349 107/1023/349
f 116/1022/349 114/475/1 106/474/1
f 87/48/350 89/1029/351 113/1021/349
f 89/1029/351 88/21/368 112/20/1
f 109/123/5 110/1024/349 101/1025/349
f 110/1024/349 108/477/1 100/476/1
f 103/121/5 104/1026/349 95/1027/349
f 104/1026/349 102/479/1 94/478/1
f 97/118/5 98/1028/349 287/1030/349
f 98/1028/349 96/93/1 285/92/7
f 121/516/3 122/1020/348 290/1031/348
f 122/1020/348 120/54/5 288/53/5
f 127/454/3 128/1018/348 119/1019/348
f 128/1018/348 126/430/5 118/88/5
f 133/508/3 134/1016/348 125/1017/348
f 134/1016/348 132/440/5 124/439/5
f 139/447/3 140/1014/348 131/1015/348
f 140/1014/348 138/438/5 130/140/5
f 90/433/3 92/1032/348 137/1013/348
f 92/1032/348 91/18/5 136/17/5
f 203/566/88 208/568/89 214/760/58
f 207/754/84 214/760/58 210/278/62
f 215/521/94 221/1229/93 213/761/90
f 221/1033/93 217/276/49 210/278/62
f 216/648/55 222/650/97 228/770/99
f 220/768/96 228/770/99 224/687/103
f 202/159/87 204/1230/86 227/771/100
f 204/1034/86 201/688/82 224/687/103
f 245/161/103 250/160/49 256/1035/116
f 249/1036/113 256/1035/116 252/261/119
f 259/269/123 264/268/82 270/1037/84
f 263/1038/121 270/1037/84 266/660/88
f 143/40/48 148/39/49 154/1039/51
f 147/1040/44 154/1039/51 150/299/55
f 175/698/72 181/743/71 309/817/136
f 181/746/71 177/487/75 303/489/134
f 176/527/74 182/166/78 188/751/77
f 180/744/73 188/751/77 184/240/81
f 273/416/103 278/415/127 284/1041/129
f 277/804/99 284/1041/129 280/671/133
f 157/600/62 162/599/63 168/1042/65
f 161/733/58 168/1042/65 164/49/69
f 231/490/88 236/491/108 242/780/110
f 235/1043/84 242/780/110 238/656/62
f 251/384/118 253/1231/53 241/781/90
f 253/1044/53 250/654/49 238/656/62
f 230/184/107 232/1232/106 248/785/114
f 232/1045/106 229/162/82 245/161/103
f 279/695/132 281/1233/131 262/795/122
f 281/1046/131 278/267/127 259/269/123
f 265/533/125 267/1234/86 276/805/114
f 267/1047/86 264/417/82 273/416/103
f 149/294/54 151/1235/53 160/734/59
f 151/1048/53 148/598/49 157/600/62
f 163/616/68 165/1236/67 146/724/45
f 165/1049/67 162/41/63 143/40/48
f 198/167/352 200/1237/362 197/1050/353
f 197/1051/353 200/1238/362 199/201/355
f 192/646/357 194/1053/360 191/1052/358
f 194/1053/360 193/539/2 189/156/2
f 70/501/361 527/500/261 533/952/263
f 72/1011/346 533/952/263 529/442/267
f 60/4/21 193/6/2 194/1054/360
f 63/711/25 194/1239/360 192/246/357
f 82/133/40 85/1057/41 191/1056/358
f 85/1057/41 81/148/38 190/147/359
f 183/363/80 185/750/76 653/1058/322
f 185/747/76 182/506/78 647/505/323
f 460/248/256 466/1059/255 69/1009/345
f 466/1059/255 462/513/259 68/504/4
f 74/233/33 196/235/354 197/1060/353
f 78/1061/31 197/1240/353 195/560/356
f 55/362/20 58/708/17 200/1062/362
f 58/706/17 54/565/19 199/538/355
f 291/190/363 293/1126/374 620/1064/302
f 620/1065/302 293/1128/374 292/216/364
f 295/612/365 624/611/307 630/1066/309
f 296/1068/366 630/1226/309 626/280/313
f 61/428/24 286/429/5 287/1030/349
f 65/712/27 287/1030/349 285/102/7
f 289/518/3 290/1031/348 83/720/39
f 290/1031/348 288/149/5 81/148/38
f 298/434/340 299/1006/339 89/1029/351
f 299/1006/339 297/36/341 88/35/368
f 301/461/342 302/1008/343 92/1032/348
f 302/1008/343 300/143/344 91/27/5
f 310/208/143 316/820/142 187/749/79
f 316/1069/142 312/241/146 184/240/81
f 312/488/146 315/1241/147 306/1070/138
f 315/1071/147 311/66/144 304/68/137
f 590/541/291 176/540/74 178/1072/70
f 594/1074/289 178/742/70 175/698/72
f 304/68/137 581/67/282 587/1075/284
f 587/1077/284 583/381/288 305/380/140
f 324/575/155 330/832/157 323/1079/150
f 330/1080/157 326/376/161 317/375/148
f 338/253/169 344/844/171 337/1081/164
f 344/1082/171 340/499/175 331/498/162
f 352/262/179 358/856/164 351/1083/177
f 358/1084/164 354/582/183 345/251/169
f 359/186/160 365/862/184 357/857/181
f 365/1085/184 361/249/187 354/582/183
f 366/423/189 372/868/150 364/1086/188
f 372/1087/150 368/250/192 361/249/187
f 346/394/174 348/852/173 371/869/190
f 348/1089/173 345/251/169 368/250/192
f 380/682/195 386/880/164 379/1090/171
f 386/1091/164 382/577/168 373/576/169
f 325/369/160 327/834/159 385/881/181
f 327/1093/159 324/575/155 382/577/168
f 374/551/194 376/876/173 322/827/151
f 376/1094/173 373/659/169 319/658/154
f 389/573/203 394/572/204 400/892/206
f 393/886/199 400/1212/206 396/272/209
f 408/702/217 414/904/219 407/1096/212
f 414/1097/219 410/579/223 401/578/210
f 395/108/160 397/894/208 413/905/220
f 397/1099/208 394/572/204 410/579/223
f 402/164/215 404/900/214 392/887/200
f 404/1100/214 401/574/210 389/573/203
f 422/558/233 428/916/232 421/913/226
f 428/1101/232 424/255/235 415/257/224
f 429/175/148 435/922/238 427/1102/236
f 435/1103/238 431/259/242 424/258/235
f 443/252/155 449/934/157 442/1105/150
f 449/1106/157 445/407/185 436/406/148
f 444/680/246 446/936/159 336/839/165
f 446/1107/159 443/252/155 333/254/168
f 339/111/174 341/846/173 441/929/151
f 341/1108/173 338/253/169 438/260/245
f 450/547/249 456/940/248 434/923/239
f 456/1109/248 452/256/252 431/259/242
f 415/257/224 452/256/252 455/944/253
f 418/912/228 455/1221/253 451/218/250
f 388/165/202 390/888/201 171/1111/369
f 390/1112/201 387/271/197 169/270/371
f 395/108/160 172/107/390 174/1114/372
f 399/896/207 174/1181/372 173/99/373
f 294/451/367 451/595/250 453/1115/247
f 296/1067/366 453/939/247 450/547/249
f 164/49/69 167/741/66 432/1116/240
f 167/738/66 163/690/68 430/689/241
f 353/187/182 355/1242/166 255/789/117
f 355/1118/166 352/262/179 252/261/119
f 346/394/174 244/393/102 246/785/115
f 350/1119/172 246/783/115 243/597/97
f 409/109/222 411/906/221 283/809/130
f 411/1120/221 408/702/217 280/701/133
f 402/164/215 272/163/102 274/805/126
f 406/902/213 274/803/126 271/673/97
f 437/112/153 439/1243/244 234/775/105
f 439/1121/244 436/406/148 231/405/88
f 444/680/246 237/679/61 239/781/111
f 448/1122/158 239/779/111 236/491/108
f 257/662/108 360/661/185 362/864/158
f 260/795/60 362/861/158 359/186/160
f 367/684/153 369/1244/191 269/799/124
f 369/1123/191 366/423/189 266/422/88
f 318/222/153 320/828/152 206/755/85
f 320/1124/152 317/375/148 203/374/88
f 325/369/160 209/368/61 211/761/91
f 329/1125/158 211/759/91 208/568/89
f 417/189/230 420/914/229 293/1126/374
f 420/1127/229 416/217/227 292/216/364
f 216/497/55 218/766/92 334/1129/166
f 218/763/92 215/298/94 332/297/167
f 381/370/182 383/1245/166 153/728/52
f 383/1131/166 380/682/195 150/299/55
f 374/551/194 142/550/47 144/724/46
f 378/878/193 144/722/46 141/301/42
f 155/51/56 423/50/185 425/1132/231
f 158/734/60 425/915/231 422/558/233
f 222/650/97 340/649/175 343/848/172
f 225/771/101 343/845/172 339/111/174
f 461/449/257 463/945/254 459/1133/375
f 463/945/254 460/581/256 457/580/3
f 470/358/6 472/1135/378 469/1134/376
f 472/1135/378 471/618/1 467/617/379
f 476/321/380 478/1137/375 475/1136/375
f 478/1137/375 477/628/3 473/307/3
f 482/312/6 484/1139/375 481/1138/375
f 484/1139/375 483/324/3 479/323/3
f 488/309/6 490/1141/375 487/1140/375
f 490/1141/375 489/392/3 485/391/3
f 494/543/6 496/1143/375 493/1142/375
f 496/1143/375 495/635/3 491/634/3
f 500/105/6 502/1145/378 499/1144/378
f 502/1145/378 501/397/1 497/396/1
f 506/319/6 508/1147/378 505/1146/378
f 508/1147/378 507/399/1 503/398/1
f 512/330/6 514/1149/378 511/1148/378
f 514/1149/378 513/38/1 509/37/1
f 518/657/6 520/1151/378 517/1150/378
f 520/1151/378 519/367/1 515/366/1
f 477/699/3 478/1137/375 523/1152/375
f 478/1137/375 476/619/380 521/377/6
f 471/302/1 472/1135/378 499/1144/378
f 472/1135/378 470/26/6 498/25/381
f 504/326/381 505/1146/378 502/1145/378
f 505/1146/378 503/398/1 501/342/1
f 483/420/3 484/1139/375 475/1136/375
f 484/1139/375 482/651/6 474/653/380
f 489/150/3 490/1141/375 481/1138/375
f 490/1141/375 488/668/6 480/670/380
f 507/327/1 508/1147/378 511/1148/378
f 508/1147/378 506/319/6 510/318/6
f 495/343/3 496/1143/375 487/1140/375
f 496/1143/375 494/691/6 486/693/6
f 513/224/1 514/1149/378 517/1150/378
f 514/1149/378 512/330/6 516/329/6
f 525/443/9 529/442/267 532/953/266
f 526/1153/375 532/953/266 528/386/264
f 519/134/1 520/1151/378 536/1154/382
f 520/1151/378 518/347/6 534/346/384
f 540/317/6 542/1156/375 539/1155/375
f 542/1156/375 541/609/3 537/608/3
f 546/624/6 548/1158/378 545/1157/378
f 548/1158/378 547/606/11 543/605/1
f 552/678/6 554/1160/375 551/1159/375
f 554/1160/375 553/427/3 549/426/3
f 558/630/6 560/1162/378 557/1161/378
f 560/1162/378 559/588/1 555/532/1
f 538/503/6 539/1155/375 563/1163/375
f 539/1155/375 537/232/3 561/231/3
f 564/213/381 566/1164/378 548/1158/378
f 566/1164/378 565/594/1 547/158/11
f 569/586/273 574/585/275 580/959/277
f 580/959/277 576/128/281 567/127/270
f 589/640/257 591/967/254 586/964/285
f 591/967/254 588/382/290 583/381/288
f 603/674/380 576/676/281 579/960/280
f 604/1165/375 579/960/280 575/526/278
f 605/372/6 607/1166/378 570/954/268
f 607/1166/378 606/537/1 568/536/271
f 611/348/2 613/1168/387 610/1167/385
f 613/1168/387 612/96/389 608/95/388
f 621/353/380 623/1169/375 619/980/303
f 623/1169/375 622/556/3 616/555/306
f 550/325/380 551/1159/375 633/1170/375
f 551/1159/375 549/402/3 631/401/3
f 634/236/381 636/1171/378 560/1162/378
f 636/1171/378 635/592/1 559/173/1
f 603/24/380 604/1165/375 554/1160/375
f 604/1165/375 602/584/3 553/274/3
f 556/371/381 557/1161/378 607/1166/378
f 557/1161/378 555/590/1 606/484/1
f 562/352/6 563/1163/375 623/1169/375
f 563/1163/375 561/295/3 622/288/3
f 637/621/6 639/1172/378 566/1164/378
f 639/1172/378 638/535/1 565/286/1
f 632/553/6 633/1170/375 542/1156/375
f 633/1170/375 631/284/3 541/283/3
f 544/413/6 545/1157/378 636/1171/378
f 545/1157/378 543/523/1 635/183/1
f 527/500/261 609/633/386 610/1173/385
f 530/1174/265 610/1173/385 608/636/388
f 640/389/316 646/987/315 613/1175/387
f 646/1176/315 642/337/319 612/336/389
f 647/505/323 462/513/259 465/948/260
f 650/1178/321 465/1222/260 461/449/257
f 656/11/333 590/541/291 593/971/292
f 660/1179/329 593/1224/292 589/640/257
f 525/350/9 526/1153/375 493/1142/375
f 526/1153/375 524/314/381 492/316/6
f 641/493/317 535/492/383 536/1154/382
f 645/1180/320 536/1154/382 534/338/384
f 637/341/6 625/340/312 627/982/311
f 639/1172/378 627/982/311 624/603/307
f 626/280/313 629/984/310 617/978/304
f 629/984/310 625/481/312 615/480/305
f 458/304/6 459/1133/375 523/1152/375
f 459/1133/375 457/45/3 522/44/3
f 654/436/328 468/359/377 469/1134/376
f 657/999/331 469/1134/376 467/244/379
f 648/306/324 595/305/295 601/976/294
f 652/996/327 601/976/294 597/365/298
f 581/563/282 596/562/296 598/972/293
f 584/962/286 598/972/293 595/355/295
f 574/585/275 173/99/373 174/1181/372
f 577/1183/279 174/1114/372 172/266/390
f 655/243/330 48/242/393 49/1003/335
f 659/1184/332 49/1003/335 47/12/334
f 50/100/338 641/512/317 643/986/314
f 52/1005/336 643/986/314 640/389/316
f 569/411/273 572/1246/274 171/1113/369
f 572/1185/274 568/536/271 170/419/370
f 596/562/296 311/561/144 313/1186/141
f 313/819/141 310/208/143 597/207/298
